-0.6325864362054512
-0.18866100245682804
0.01582749655613285
-0.5812625298279763
-0.5605047331921758
-0.5806824369437553
0.2571468110268282
-0.06287395099794801
0.37029436774285784
-0.5261539537631787
0.6203933661222412
-0.07285570364339322
-0.5216183057849813
-0.5634807847165064
1.5402165698788646
1.3840595447336634
0.17531519140172347
-0.15070768930624245
-0.5531484066905847
-0.5861195651614779
-0.09530201920662085
-0.523246222448764
12.422082537616749
-0.5189134737534506
0.390001348494879
-0.5626671628022661
-0.5421527844411662
-0.48977763594810664
-0.4858861601099169
-0.5675654628323529
1.6108824117237421
-0.565775881754556
-0.5648616348588789
-0.5855014488335222
0.7805700875736565
-0.04155100670019707
0.5532106697590666
-0.5606997922970494
-0.5318746200566342
0.5967876947934513
-0.5479706220010774
-0.5336905934779939
-0.12690840622180222
-0.5484522262874205
0.6433735256389245
-0.10785831562947579
-0.1249238207322162
-0.5350621531925456
-0.11014584212858225
-0.5520480872673736
-0.5286837833802445
-0.5218893220429371
-0.09964754252460473
-0.5637048695475471
-0.5369250125242175
-0.5201245647703353
-0.5008984967450387
1.8373448290303849
-0.5732389257629216
-0.5637897351565897
-0.13044649792673135
-0.0741949225877484
-0.5396727539425804
-0.526743503626413
-0.5250102112714775
-0.5049484237363335
-0.509254218518399
-0.08824852801762662
-0.5454010284595487
0.8195218838378117
-0.576372565230765
0.14782421796093348
-0.5641756355664089
1.3839715408222562
-0.5023883181362586
-0.21048532913641171
-0.5559278623862066
-0.5109662931713861
-0.5396198783787618
0.8816014147609791
-0.0916168468548344
-0.5628171443980468
-0.5405357989319619
-0.522498667176071
0.7465385279973091
-0.5393899812221407
-0.5482330458999531
0.8232528751572007
-0.5350227806491233
-0.5337176750694572
-0.535977031958026
-0.5151251747486687
0.012046452523814644
-0.48023097588728114
-0.5182403484717621
-0.5212467926823732
-0.5375728673470488
-0.11019752649662884
-0.5343724337066572
-0.1250481119510325
-0.5793929133539966
-0.028688705662117897
-0.5261420292436079
-0.5201940361210668
-0.5060498535460507
-0.5673543179652054
-0.0006240733102506058
-0.5078996302079519
2.2234580728746294
0.8410643545333542
-0.47029653982788167
0.7886496171827244
-0.5303418671890484
-0.5565283822272657
0.8335559175755188
-0.061414577321889596
1.3442763585139672
0.14437779609603796
-0.5154736944655851
-0.5266105299800181
0.8183528866083372
-0.21706419498594198
0.5125927018246241
-0.5587304463867419
-0.5129774124596925
-0.5032226916986806
-0.5666122596318733
-0.506280114416052
1.5148806305543265
-0.5205485948544621
-0.5043788148397065
0.8504298285224564
-0.5269602571295551
0.8172427901994257
-0.526716893726128
-0.5321672738374263
-0.4943454902127302
-0.477207742676228
-0.5299531555010173
0.5048615928477969
-0.12499122821885222
-0.49807354519752456
0.4607837581630352
-0.5223778049333007
-0.5322187405964481
-0.10065002353610597
-0.15165480542348686
-0.11358642242809547
-0.13614435058161067
0.8422062935531909
0.7693707589102727
-0.5486590811610661
-0.500305609577891
0.4147560116597766
-0.4545673227691527
-0.5633731708172338
0.48828287973840356
-0.5562737691504365
-0.5727444021540521
-0.06758915887999606
-0.5193225300070798
1.3407065214127958
-0.5676758815242711
-0.5071130572350724
1.2970415278139604
-0.5282695361536109
-0.52111637355214
0.4685063205042692
0.40178815384271704
-0.5377890398365157
-0.07615646474747306
-0.5297424755921654
-0.1737933054949966
0.4873341676039309
-0.16172859058873057
-0.07306915125815139
0.14281471543639834
1.3671655737309025
-0.5320438258668836
-0.49043145204434024
0.4065522458358777
-0.554877693149265
-0.5810562433494567
-0.5199406462323422
-0.5427373775855469
-0.5698978354641846
-0.5233645928868094
-0.5342841579694625
-0.5437743741507962
-0.5315255940596363
2.0950453742180457
-0.5564621088374708
2.229584962857106
-0.10032433344708758
-0.5272202383888054
-0.5221030257481338
-0.5177150553863787
-0.5365586628428525
-0.5585728662092393
-0.5773768020607384
-0.5654197134089074
-0.5266598068031109
-0.5043981049082136
-0.5536150307656029
-0.5635477798057722
-0.09297664449837251
-0.5297369051594729
-0.5391954688286003
0.3367223749542201
-0.07655850622935867
-0.5825541718811404
-0.545461238554675
0.47041042062698013
0.14867211877091258
-0.05467931263851933
-0.12918404332719358
-0.5652101104411305
-0.5303807212921192
-0.5916927422117869
1.323184513448223
1.378589345708186
-0.5488444081425072
-0.5797804182387065
-0.5687129065471375
-0.5304235703223472
-0.535726515909127
-0.5080861167541613
-0.11090623877081063
0.8394789367294678
0.8265900240926544
-0.5574346587745488
0.4347614006179299
-0.079617890091352
-0.528162916556123
-0.5704430996636166
-0.5580818015157578
-0.5014325155913527
-0.09712753050944067
-0.5372804029641294
-0.5661205640452263
-0.24985019697932098
0.8217854248754863
1.3738531545636217
-0.5544081610027554
-0.5055741809316067
-0.5380907100507777
0.3841394105079998
0.7632200360235748
-0.14344798891075827
-0.0845632618642489
-0.5143911360152078
-0.10297065711842968
0.1685529633648335
0.434392807707787
-0.5688713947774837
-0.5329385991465366
-0.08599031929156564
0.43102199923240914
-0.14634142771899783
-0.5465628660394938
-0.5661978498180318
-0.5126102397751546
0.9100556421884978
-0.5678614735816414
-0.5197312740326596
-0.12590689547058476
-0.5460143019628896
0.38187841136704015
-0.5035442153472154
-0.5441841310913149
-0.5728111368037265
-0.48884095749079093
0.7148344864607152
-0.4894653425246188
-0.498624073248938
-0.5273533357312445
-0.5367418015138488
0.315740948084935
-0.5660511431970594
-0.5679028278635034
1.4010382837122066
-0.5198315725736793
-0.6392392548504868
-0.4796442546590626
0.8083540467106376
-0.6179464173195759
-0.4940102499620419
-0.25962557522673513
-0.5188573511290493
1.7377599173913925
-0.562856207124786
-0.09821607912980934
-0.47927371613670977
-0.464518225730261
-0.17905834589874403
0.4543537500708732
-0.6538121566471643
-0.5627265379827588
-0.13582191518949893
-0.5280316292719726
-0.560849798716316
-0.12200328296323548
-0.1595395685792207
-0.5163838873652326
0.3633871062584224
-0.15901087029935454
12.399189222846179
-0.5428665099981086
-0.47652875811357365
-0.1927584435954993
0.43828132692432753
0.1397619828864829
-0.23847419648226487
-0.5692603285114108
-0.5217692908061234
-0.521692104036442
-0.49707645992708227
-0.15348995792765796
-0.144621031801896
-0.5366643304941675
0.6388355870579278
-0.5387903744714355
-0.5237826338892462
-0.4708706280692114
-0.5715269119111657
0.7913870810944837
-0.5410102513366397
-0.6370119857487964
-0.5503011333772765
0.39721433966314
0.04833038719330578
-0.4413402807151042
-0.6567729251797105
-0.5181997327770183
0.4471845388179414
-0.5674755942830277
0.30739052706410985
-0.6248807178331833
-0.09936278582695113
-0.5657661724898149
0.4250523028794926
-0.12470115770855839
-0.5263785091302812
0.44137044515491186
-0.591211537592648
-0.16309832996033036
-0.13217395316552394
-0.6444589194086745
-0.09799321464921507
-0.08660856833091157
-0.5639165563064314
-0.5652669450078643
-0.08979366850713855
0.3972987813690003
-0.5007137619681901
-0.5434828552027674
0.7752099420049389
-0.5810991871317415
-0.1938823076241989
-0.0726737431973783
-0.5340896345309858
-0.5353613824586194
-0.0857478938764954
-0.5632832185899819
0.5927481864963094
-0.5333592042553882
-0.5293928613538633
0.7656049511784482
-0.5705216756062879
0.8278012380147217
-0.5595276884760585
-0.11794307332826537
-0.16283038617190926
-0.5260395934463735
-0.6446197855588145
-0.10550688787603246
-0.5353945281200917
-0.2066750937818673
-0.5385476543536396
-0.49524166781347523
-0.1475338048815208
-0.5390049994381692
-0.11673449124857005
-0.017700813691034045
0.4161719147675571
-0.14417484365655941
-0.5234993503776799
-0.49295304806828455
-0.0815482691699071
-0.5339731579938722
-0.5165085181508051
-0.03620230265897717
-0.06225549216770443
-0.04563099172081342
-0.09015518880479811
0.6538236660402242
-0.551805707681
-0.15691090912454042
-0.5462697977507504
0.028830972828812675
0.46411651315036373
-0.48122462136312405
-0.5441598180308103
-0.6039984996034271
-0.5528728163773371
-0.10508306583814409
-0.5867726905367054
0.27036398926599614
-0.16910867014470066
-0.5650592167691666
-0.11032471068573368
0.49072448919478506
-0.4767858033572415
-0.08064980734352845
0.41667727330547244
-0.09122312545459688
-0.11335560673658229
-0.16290844043713137
-0.5369134899624869
-0.09863703067262208
-0.5083803132254343
0.835912086337522
-0.0769114278165256
0.3743684637558029
-0.12056302524346219
12.397750627825861
-0.16435535363544784
0.7852573816970687
-0.5325777261042881
-0.6176997277177486
0.4396875946125933
-0.5331034829664548
-0.5245737454546348
-0.5650004694382436
-0.5272948369303101
-0.17394384500293403
-0.5304826559140096
0.801011961270858
-0.5197231791843624
1.4902401743409504
-0.5690289792318733
-0.4978437040031608
0.8355639750409094
0.7755243676107959
-0.5660360746876194
-0.53758753276819
-0.5100329147203305
-0.5723150435142443
1.4145087939312433
-0.48444184465254203
-0.5467355458496979
-0.07024851845932767
1.4365791323642922
0.43877998708054866
-0.5323232590838911
-0.5011001073502133
0.8534220974640848
-0.6151953729680955
0.4602799068090284
-0.09258122240149635
-0.4904074740977451
0.8379485462774153
-0.1173158809465854
1.4402528501396756
0.15921884788002139
0.6418551061586273
-0.5061836420912267
0.45238531657362
0.8356883321809966
-0.5532318158833378
-0.13869506858571023
-0.545767516256851
0.5629385655331227
-0.528499027224593
-0.5650072265762301
0.7579348280360279
-0.5168733497616353
0.8729541121477443
-0.06963842543729915
1.4546668462099457
-0.5354252177541793
-0.5458545501551146
-0.4680300385421028
-0.0954366229950897
-0.07010211118611653
0.4048221112000914
-0.5313921875785125
-0.1362371677282853
0.6547642585930654
-0.12506703714846734
-0.5805340735315021
1.3517768665903238
-0.5794332966617958
-0.5161333558135579
1.4919926707915738
-0.5377550372309299
0.8447549175186547
0.45350779663631524
-0.1367174426433566
0.4492513939707721
12.464622044044832
-0.5055542807257991
1.8348950592157127
-0.22571864263657848
-0.5329566046248004
-0.541763678454269
-0.5319294146400584
-0.5648207037362454
-0.5546046313874349
-0.094302321797895
-0.4927702606383968
-0.5856415777829274
-0.5459183809053372
-0.10299749125011004
-0.5193183884011342
-0.5476035179044911
-0.5608804345540037
-0.14680115217446732
-0.5025516447433881
-0.08260779014736064
12.473369873347568
0.4073525259692765
-0.09687103882711301
-0.5228664413378152
0.20232611429995506
-0.12711983243543012
-0.5358262207413482
-0.5631884085586396
-0.566748205241278
1.4373936999809849
-0.5218375092493481
-1.7970760166083943
-0.5460297155939065
-0.46046348849826957
-0.5237865592319868
-0.5427279005009659
-0.551971781458962
2.0180272566150133
-0.5236629488407551
1.4053206290323106
0.8112870116167484
0.44647253229006045
-0.07498959948177941
-0.620303730151714
-0.5400540347541161
-0.5656100025117046
-1.2395758648750392
0.8141138647143088
-0.10372795126533552
-0.21175821293882924
-0.030042115314149687
1.4095787262614174
-0.5611079924277742
0.4449497239363387
-0.11808301318471992
-0.15201954951650998
-0.6096487041874618
0.4776619446206609
2.1143562810295093
-0.5535467295700245
-0.6147008329523884
1.4761528696495425
1.8478743918688207
-0.12906036141859709
-0.10589910599030161
-0.5472742584455684
0.6346489515047057
0.5031145949510625
-0.4938652193329742
0.4074249284382143
0.8464008244579786
0.4138774171994344
-0.5489302129731366
-0.3137523731062074
0.8031633964589195
-0.12644022766961827
-0.5241218643695833
-0.3675562473139785
-0.12787226155648412
-0.06992489629182808
0.3258079239962757
-0.5281502280545692
1.7242820803254346
-1.2235092251123865
0.8560838176092177
0.13415712498325072
-0.1460911563957893
-0.05390881476701204
1.5099347265263074
-0.5395610974701402
0.3679392856422743
-0.5736597183052645
0.8072130140535811
-0.5561207995015475
1.4720872300213514
1.7799661655357788
0.47928019485127704
0.4047350311025484
-0.569304272220976
0.4161006698153973
-0.5637814937300195
-0.0780993660531144
0.3276692336097727
12.4498459785182
0.44728129250344106
0.38507170215103836
-0.5673636054769716
-0.5377904195143544
-0.08365632908733722
-0.5052183989485965
-0.5185987546495006
-0.5253094183100362
-0.5116158234791626
1.4502672442016882
2.3573643455651947
0.9520463716465578
0.5149450815033592
-0.5273543307236463
0.44703581204004217
1.7646647903932844
-0.5136813120919073
-0.5558793972420462
0.7529399125748633
-0.5292549778635345
-0.493267514955262
-0.5654597230002331
-0.5305050458884606
-0.3427084697116761
-0.12200526873486539
0.37363492969173384
-0.0957444840632925
-0.5799172980876183
-0.09316827552567486
-0.5493957849531654
0.4392576901845662
0.7961055310051536
-0.23117230263648977
-0.12374777500647438
0.822436344791492
-0.10079170123181935
-0.5287080704381972
1.4058048612773348
-0.5020787359366758
-0.15428716556101685
-0.5133442219720494
-0.5625936837341058
-0.5572559495934123
-0.5023641114864404
-0.5346888557932705
-0.5390568177981643
-0.4853180034498076
0.1703798107119312
-0.536121127665433
-0.05843341982491379
-0.13082250721491706
-0.13281131468868446
-0.5163881369450516
-0.11008417535341841
1.3166551398536213
-0.48854231923616687
-0.5336849119584393
-0.558752670509522
0.7719670902151583
-0.08724577531885935
-0.5121225984741415
-0.5483540146487873
-0.05008572800328526
-0.5544735878553281
0.46522547285049587
0.8619728735065969
0.7969527352155774
-0.10355989598538795
-0.5384199065266424
-0.5068576390926754
0.7890807932563402
-0.5209379733268986
1.3719141623859914
-0.57458566300276
1.4275761676572993
-0.09751967399524575
0.7955793646458668
-0.5261641370246402
-0.11475802216894826
0.4668061654214144
0.40786609175772237
0.8481093867187404
-0.06716971465140043
-0.4883752591049283
-0.05140973352030587
-0.5673051388898851
0.7684534002854377
-0.48646862421422654
0.3081929240778186
-0.5159815002281227
-0.49724155409445125
-0.5166957973528896
-0.5436440245409508
-0.5344806452217996
-0.5327795977621752
0.8537112934620243
-0.5769665884867077
1.3979274178907333
-0.11993708635281142
0.6291317342367766
-0.14547776846169191
0.4426613787852516
0.8333692268984372
12.455575240179934
-0.5353952323948346
0.5003124290432772
-0.1344367294956822
-0.5378643168122246
-0.5114656326378845
-0.07203802674870463
-0.5516814427595613
-0.5667730842708668
-0.4586698761306147
-0.5507023426304991
-0.5351589280137234
1.379826182341009
-0.12613452757198218
-0.5445079933110215
0.4057563220013005
-0.5477367091762245
-0.5311500222871651
-0.15277808717024022
0.40021602530062617
-0.5031459667043738
-0.5677508533412048
-0.5406229284208725
-0.09061946320321679
-0.10284080248530403
-0.1350636952389005
-0.11779845050093218
-0.5755570886884079
0.7835784834855506
1.3706177611524155
2.0454610736115972
-0.5795391914128412
-0.49034963307569723
-0.08306470567637592
0.8592551686960224
-0.5783627852908698
-0.5513709424570359
-0.5394403987661525
-0.5361425570312648
1.8673189114365447
-0.4988018266688369
-0.5110954494010758
-0.4136250101114989
-0.5289317332769902
1.3060688455330245
-0.5424731652675321
0.8223723688075742
1.3817862697885526
12.392547438948545
-0.5462205541849301
-0.5162477711912642
0.817103619668885
-0.49867221275221185
-0.10874975222688443
-0.13574527323711338
-0.5292132124221945
0.4229227302248446
2.0833756776637076
-0.5534338517557885
0.8372957263753008
-0.13580758889375022
-0.5272514910965318
0.4695067369421553
-0.14219525623845752
-0.10459123386103153
-0.5611605796779029
-0.16801255881678034
0.43588844625512113
0.4529701785489977
-0.5339687021723638
-0.09597584703420725
-0.5422373513502909
0.4604093634994688
0.3859215578707147
1.4299386825020413
-0.5566425634054049
-0.5179873086909027
-0.14731718167039676
-0.5452126865496045
-0.539207028278079
-0.5277243368888058
-0.10580463787157535
0.21161167615602725
0.8313267686315124
-0.580099125261842
-0.13226105188254467
-0.49957361148298074
-0.5432965812396142
-0.5022538616907506
-0.520573641193547
-0.05784478368935586
-0.5024304538813305
-0.13000839308205425
-0.5373356333553528
0.4247385605302816
-0.13357955613215555
0.3965804867173204
0.8440888618036437
-0.5404436062660671
-0.5703331649036787
-0.0958184202221305
-0.12401568627404957
0.8343560747955348
-0.5785420607403466
-0.5172003409506869
-0.5659057545637161
-0.5281898194748389
0.46989691775856235
0.8315798713117118
-0.5028178053883761
1.5570382461276053
0.6280250647190792
-0.18628515793717448
0.43137095794121194
2.2626287967055814
-0.5222276358638422
0.7614509486344527
-0.5710330476201786
-0.5011732417465085
-0.13746127795939078
-0.5423195431958313
-0.5183557580480316
0.811868160902174
-0.5471023862845347
-0.5677826454662226
0.805786335710069
-0.0768461704937975
-0.5294479616087223
-0.571012760385093
-0.07217074918555266
-0.5614646214031463
0.7912921971741801
-0.09361442115396645
-0.12251757314591427
-0.12698945772944936
1.737617476691511
0.40554170935048095
0.3705746868114468
0.496528496532622
1.4327088990549728
-0.5093320266516164
-0.03600757381972597
-0.5527492939985859
0.8121552709043435
-0.12790328755810776
12.436115074212037
-0.09365733426600154
-0.5395851452148261
1.776272404040564
-0.5499199083896993
-0.16383302044819636
-0.12852973163349846
-0.5153663214873025
0.7890472146530716
-0.1746110501825061
2.0960405323172466
-0.035959563396562144
0.40081528598708704
0.41562369248636055
-0.5868226348863856
0.8394012056204123
-0.10935730200562455
0.5364192924894933
-0.10949420871837379
-0.08925518250002795
-0.51675503759644
0.43900571036409075
-0.5341595618248446
0.7767243366676457
-0.544794227924791
-0.5274529367028038
-0.07181923782719202
-0.5305475329449076
-0.5282123964792369
-0.09901151688989407
-0.10211776236860037
-0.5460191357810069
0.7829480353656025
-0.09491997367761673
0.7984849746011353
-0.4773129721873859
-0.12184991963326763
0.8153061821321679
-0.4911130872857109
2.3298097409176175
-0.5419552329586885
-0.1568183492841635
-0.5357795498201967
0.8286698925605085
0.7788722729570645
-0.570789330608062
0.4233539507035149
0.7994483867198372
-0.5386435322322884
-0.5323687136552864
-0.5517786099174057
-0.5375852484348453
-0.5431142938528211
-0.15011441449918395
-0.4961344735859996
-0.5333343567724431
-0.5375929159943629
-0.5463639685641829
-0.5317926383018287
-0.1417547992327325
0.4664826254666101
-0.13179890768296088
-0.4769519625479339
-0.5308625109268459
-0.4616512640881314
-0.5128329110866543
-0.1256510459642518
-0.1449563154617719
-0.5497558785647098
-0.5317146712000701
-0.10327079004402484
-0.5393083114541476
-0.6322974499331733
-0.02405548125850765
-0.13160120533277397
-0.08778572503596427
-0.636200280954244
-0.11803324874081389
-0.5400353018281241
-0.21808872893581865
0.8125066192964624
-0.5384381226763777
-0.26078648908701035
-0.15704898538260903
0.8214013435430001
-0.5402171126139341
-0.537855042377009
0.4301536011350362
2.053602889465262
-0.5198305108887347
-0.5281434457628745
-0.48799134525469245
-0.5313708213180512
-0.0993288806792133
0.8024266003026624
-0.5663903054509667
-0.1376873169758288
-0.07618848866200023
-0.3015454684109632
-0.08330702083462938
-0.1317633270503693
-0.5248721073339995
-0.0764081393090924
-0.5544203816159916
-0.11339164195172069
0.49893220664219085
-0.5380100392612711
0.8166822853400919
-0.5289761427638734
-0.5265422333583913
-0.5259243532035818
0.09224922600956265
-0.06667828543868082
-0.06225868165376114
-0.6296860573060514
-0.16537503702391343
-0.5134032289232088
2.201790527770319
0.7963346582598365
-0.29068530087252864
1.3710994166164432
-0.5341859874042527
-0.5616367071352951
-0.5434522064300111
0.4302373950601246
0.8904771427037034
-0.5716954498336065
-0.5298984744537063
-0.5124611974462835
-0.05712348182761873
-0.5771828531893335
-0.5647268388656737
-0.5252545450185452
-0.5314409119665715
-0.03714597949969711
-0.5206801484787549
-0.5445753978586225
-0.5372767477937803
-0.5967983658573701
-0.5720949689677668
-0.5353338586744021
-0.6135343544198122
-0.541453788611667
-0.09536940508986413
-0.5329312863794939
0.80802069749942
-0.07616723177359441
-0.5438740503198354
0.46011027383845216
-0.4746698610989766
-0.5420605524065796
-0.5649836899190497
-0.5317807801484038
-0.5268673505938871
-0.5445427840460907
-0.5403156824241659
-0.11886787246908492
0.3891693482925276
-0.07917690906246144
-0.6027205785996285
-0.11924919356775965
-0.11802466785132737
-0.5632337518179625
-0.16657919879770666
-0.07426083765009828
0.42201838713872886
-0.08879561598283714
-0.05232245277180936
-0.5748594477126427
-0.06817642376943922
0.48821978135367927
-0.5321313565087848
0.4374440893065594
-0.4723568461340445
-0.5865449762249305
-0.5814825566465011
0.4625077645743785
-0.16767898690787442
-0.1042298813715139
-0.12195709017630474
-0.576127894938276
-0.5493119335692166
-0.5787414684091603
0.8383372997438223
-0.5259152850318334
0.45988485980109317
-0.10525391512180293
-0.5527460628318823
-0.5217542690695733
-0.5395160507547143
-0.5761729848500179
2.4064332217786735
0.4286203149616614
-0.565601646127396
-0.5547187741770261
0.7852016177196752
-0.5211816618917922
1.4249689753045705
-0.5683161190896169
-0.14323451894018902
-0.5253932701686062
-0.5278113901266697
-0.5790592299923942
-0.4852285581639896
-0.07689411834344761
-0.4894267647360059
12.407938068125006
-0.5820346783358502
-0.5655531851350089
0.8075408732590703
-0.5263532263573673
-0.14654980720699828
-0.4940169398663825
-0.5416855405657038
-0.543458890948984
-0.1765818952566296
-0.6899740568027044
-0.5152507361006602
0.3838792086596938
-0.31580599358706696
-0.5496922734697789
0.421859944488447
-0.5709525268739594
-0.5796613642862397
-0.5394680623727401
0.8155706554942189
2.340046909976133
1.3630647264272036
-0.5811815437616641
-0.5789692200110068
-0.56864639576938
-0.5280644490141708
-0.5275574856169267
0.42700501020660453
0.805801327099108
-0.5404081528613904
-0.15443817866992904
-0.5721693406627104
-0.03893366837949008
0.46451980157436434
-0.5207777811953413
-0.5377490895995363
1.3408814530091078
-0.5435398661776781
-0.5521677661794808
0.8290520069737808
-0.1359899878063897
-0.04779487673375793
1.3444750873339841
-0.5636235666944419
-0.07894100503332802
-0.48660114485577444
-0.14945516934370662
-0.5662305094630249
0.797992382490198
0.8066578920696073
-0.07700428305429519
-0.05441592288596109
0.7787537905415022
-0.5038775291288408
-0.5290117408358441
-0.03587936917761814
-0.14948419305964733
-0.10605935995671711
2.3891102140838885
-0.05513585641246965
-0.14983970321184714
-0.15889472210822364
-0.582776207399504
1.848937319425101
0.4429986686316594
-0.5629816102242831
-0.5762949448682826
1.4019766633985904
0.5239649464451608
-0.5299487485309687
-0.1150572978908914
0.4836545821533902
-0.5368232012285514
-0.5271319157277798
0.8739712564887175
-0.5457923548072015
-0.5387460628038867
-0.13947067240996325
-0.5421373812783437
0.4417762840143997
0.3933034111576519
-0.09661614844164901
-0.1660154652791742
-0.05976836690461318
-0.5779048881110566
1.426123165791161
-0.639069961951142
-0.5250148856957808
-0.5641818842460559
0.28090866829278105
-0.06084859838649759
0.6769530374832553
0.4621293153630479
0.8646888006961264
12.344075701727157
0.4279232296560924
-0.5738375481723068
0.8224595024024242
-0.5308246530298298
-0.5691663456106874
-0.5095953708880185
-0.5241089144334857
-0.4909730286373427
-0.10872409662938332
-0.49892103222613404
0.7771044045190586
-0.5316960760762716
-0.06381287305173255
0.7637876602466273
0.8594144832988472
-0.48299919489375776
0.47027538450930173
0.39992957025037534
-0.06024875622040582
0.7791436327664711
-0.6413943975131986
0.4689617567562634
-0.1098854651889527
-0.06949656916491831
-0.5639590827597858
-0.10979969063411799
-0.5657305317285299
-0.5278223685810228
1.4658033974973723
-0.08805979505621164
-0.4949282462403145
-0.5319374782557991
-0.5815093436800243
-0.5607612432003932
-0.6182313384606977
-0.6553106449085803
-0.15875092822029402
-0.575894337450384
-0.5660408037547722
-0.5616049801556653
0.8513316565780819
12.39471924917416
1.3635486464331479
-0.5727320555700292
-0.5240684085258739
-0.05042582230023629
-0.08617085256844503
-0.5303170991533992
-0.08768575943742685
-0.5337823306396818
-0.10580210345749519
0.46399996422678913
-0.572343558150644
1.4746657816055264
-0.08220772755042571
0.40439491422600593
-0.5702397156265608
-0.5001622009820154
-0.5258455273686932
-0.588514933292868
-0.5676371902209567
0.8415216793491261
0.3003314463445966
-0.08899964612135669
-0.12279920210653306
1.4584328291803703
-0.08471830516291212
-0.0658854801790637
2.3012649271672942
0.8112029121562795
12.372393000320377
-0.5265479757046361
-0.52937392928452
2.2863515345756333
-0.5459119929194107
-0.4972137279846164
-0.5309194752278814
-0.48870685925385204
0.8189120948627431
-0.13291973167967075
-0.09470064181629911
0.3266178038419928
0.7249221532169887
0.4127089154150676
-0.5338130252963208
1.9008575704414301
-0.5631685957475245
0.2905207159161798
0.49115757872832844
1.4796794297618436
0.558295263802701
-0.5260481479716971
-0.5655525864925797
0.45273162168187664
0.864408219014281
-0.041226492451455043
0.2649702051397477
1.4575314240175323
-0.5800712857924053
0.39061568045766726
-0.051681522860238416
-0.5649293869661715
-0.5233418700471568
-0.5342598944536331
1.4906362479455348
-0.5151118742353431
1.386930169360597
-0.5002269517872283
0.405716216318339
-0.5774393123087037
-0.598317292968985
0.420234816956051
-0.03627348203456038
0.8029435431809513
-0.5332062315707256
-0.12045894698038784
-0.12222750905603619
0.39888034802838
-0.5654435563378486
-0.5284805652326654
-0.5682475401440034
-0.08916628658081938
-0.11990296224800423
-0.11899803705208656
-0.08417236186932275
0.43088892054879646
0.39736839288245074
-0.09271665441837129
2.317594340113629
-0.05717231016026458
-0.5255460509066588
-0.540739059342489
0.2966075259568137
0.8172804223789577
-0.05098938896843119
-0.5682669086569778
-0.5159400187205556
0.4615810362054398
0.6967133333308992
-0.5476750832043427
-0.11966901364267635
0.8424381011315628
-0.5375810539361302
0.8427687042372723
-0.5743853967794923
0.8336761207447861
-0.565859424803079
-0.14716181576593546
0.8193929868136371
-0.5776106416602125
-0.5339063775941426
-0.5228762290547815
-0.09388744698768403
-0.5287970430312425
0.45355719750444834
-0.5249594577109895
-0.48189110761583
-0.19924045785544964
-0.5801359699801534
-0.5404075085937643
-0.5389538977776132
-0.5392719825708465
-0.5412529751738522
-0.08090872553591488
1.4410732362628826
-0.5308491727811074
-0.5309551943951306
0.8003887922275092
-0.6277862348600696
-0.5701158881176203
-0.1260132968890364
0.4723981964075674
0.7642765490476278
-0.5406368151408321
1.4236209287132877
0.45596289298170545
12.374277994959748
-0.048613022941988215
2.34722522933451
-0.4946731627269835
-0.09632787707914325
-0.1307270994492502
0.8229564417592692
-0.5211493915709231
0.8389934217614539
-0.49330893301465584
0.3970664147590923
0.3055135910196776
-0.0669716042523063
-0.5338622310477779
-0.5415287934092885
-0.5382800571339513
0.8553673633296104
-0.11831787819845174
-0.5451547852708889
-0.07948288614330135
0.8385505085925
0.4346254330638153
-0.5267445962988966
-0.493580117933095
-0.5409727854468592
0.4199706761897415
-0.03730964181926555
-0.5366200053886272
0.8311460378581884
2.340153642322445
-0.5385970299254297
-0.6099159849713722
-0.0781705302833483
-0.4909506134671704
-0.2744202947630248
-0.5391435202721696
-0.5093881426888278
-0.0938962258192122
-0.11500048179944256
-0.5376411469639226
0.7972123716971453
-0.08493118838542524
-0.057422604962058865
-0.5778612261803306
-0.5683737759356075
-0.07071478297582445
-0.5846312684996547
-0.08574203701144856
-0.553817737567668
-0.556873988218958
-0.11683370021742745
-0.5360347083639506
-0.601851307538726
-0.5441138673319398
0.44344930872008614
-0.5363247160535434
-0.5450075009382668
-0.498734680129851
-0.08182767754386344
-0.5390796608046924
-0.13528744329954012
-0.06671358929997928
-0.057296008686853694
-0.5359776562833422
-0.5301795225158366
0.4667631400841079
2.242502880247254
-0.05706686500833491
-0.11249485547107363
-0.10579070678220448
-0.541088896872886
0.365711171399026
-0.11976375126960415
-0.09218542462049606
-0.5367830347651101
1.4833285411983574
-0.029469570962055602
-0.06025679316111254
-0.5275404082838908
-0.6055398189732641
1.4877143400306303
-0.538955514524513
1.3980524067733622
-0.5240787542058791
-0.052402915561131524
-0.4966769099306009
-0.5715262735337798
-0.5713436545344476
-0.5242959582209099
0.4030368565291116
0.39688998651600826
-0.048617489453421925
-0.5275027643218179
0.450187306488282
-0.09401780811017957
-0.5463635464675711
-0.516041266956355
-0.4750853088181428
1.3885154300827787
0.8664316499725409
-0.543435910572386
-0.5371664930409751
-0.49156417283114484
-0.5362269310063479
-0.1166736588227073
-0.5812757489441478
-0.11963188909589184
-0.13273518972170295
-0.12073567063909563
-0.5333482006334287
-0.5655966402449439
-0.09344859662826799
1.4173264225939426
-0.5683407084612078
0.7733805877972917
-0.1305201949145548
-0.5621847861600916
0.8183414585079399
-0.0997905468787521
-0.5439752347710887
-0.566859069204489
-0.5050278158023829
0.3050843056053878
-0.4940940164145169
-0.07635780196672382
-0.17744395451636985
-0.5742053155281206
1.4943838947146626
-0.5158388328240984
-0.5271200879214164
0.5011230442708903
-0.6467135343427464
-0.059509647197857896
-0.529575899956834
-0.0937997286907496
-0.6298397306675657
-0.5718692758429575
0.49715300374353877
-0.5787519602720842
0.8179283491380701
1.4294513723733078
0.3993866137282456
-0.475785829913423
-0.5072641195384855
-0.5371331968456908
-0.5346775242608519
-0.0911174114867731
-0.5414387455686196
0.38721285050740883
0.44903075262574377
0.766057048889528
-0.09734155523994004
0.8217104893103067
-0.11486209133423186
2.3709875172987616
0.3079500509561466
-0.08977258095403895
0.31384374617868643
-0.16221097159427678
-0.5001923008515685
0.44514569649727576
-0.4969781736474044
-0.4857122621435357
0.7781504168030564
-0.5156834940337942
-0.5353474750886924
-0.5289665636882245
-0.036073948191451266
-0.5700270729957282
-0.5620592919411213
-0.06673906754983483
-0.10351816390183632
-0.5258619722431185
-0.5435246834795067
0.8142883061391044
-0.13949031061100858
-0.4982003617946207
1.392616025570269
-0.595302429133633
0.45849203525207427
0.43616449442237126
-0.5368937560573552
-0.6283092487172726
-0.5303942118093528
0.37655215491603
-0.5465396495065125
1.7778932564645844
-0.09903571743577066
-0.5330273849295822
-0.04769686028157716
-0.5303745861942599
-0.5280278410035505
-0.07475737271604388
0.3825443510462989
0.5565182251172378
-0.5331534034661428
-0.5298178476831045
-0.5182196963916234
-0.09122747603916304
-0.07227179167201947
-0.07389166791689494
12.386892756765965
-0.5636552351535723
-0.4919542876592833
-0.12892422914214807
1.757945536404059
-0.617967756716232
-0.646045429603755
1.368733116371569
-0.4953053371757641
-0.07308778590821585
-0.5330280316848306
-0.5332697900483109
2.382562996765335
-0.1201720244090363
-0.562143942980342
0.7740952430742939
-0.07284554743340643
0.49646037649997266
-0.5403147576273413
-0.13158602482358228
0.4945301240212563
-0.553857659017192
-0.5632151455481144
-0.5708003259392533
-0.15046161066298536
-0.5273197954747025
-0.5337082858943177
-0.11458134328331981
-0.11059901277917805
0.811339681763535
0.2990387301263455
0.48907524777373035
-0.5530749585464871
-0.5504098499255345
0.8937355434488201
-0.525410252787832
-0.5375459522827101
-0.5817569859043008
-0.5832658826858108
-0.5668094713367176
-0.5276556749615424
-0.5231276023134044
-0.12108057605119416
-0.5717076474764511
-0.49992712733483957
0.2803080310656244
-0.5771813369842143
-0.10211371215132636
-0.5324450036830755
-0.05178498069934656
-0.5259270603324742
-0.6401842911780589
0.3777347161849507
-0.07350098261377047
-0.538798199799187
1.4575951162271792
-0.5947530500676883
-0.5183778879231455
-0.051288053667348676
0.44483872263873403
-0.565112365969836
0.7695659313003415
0.8124491401821613
-0.03244919051138906
-0.08893765438019574
-0.0819941739152702
0.2994164452209202
-0.5229828498868048
-0.12486531174206161
0.8050280357992743
-0.13612922908170022
0.47029145803340966
-0.10954354287953705
-0.5644397838982528
-0.5166580544625767
-0.5754889286630172
-0.5664400385563517
-0.07051745807540155
0.43396332411654726
-0.5005396493851766
-0.537155600657184
-0.10269109160814693
-0.07120385555003139
1.4561430668331419
0.8433904403773586
-0.5577536759645185
-0.11968389172106442
-0.5796837827234711
-0.52574381992638
-0.5715047627723617
-0.5697124728834393
-0.5392891202162605
-0.5020726055465707
-0.5314153281403414
-0.5337868992449861
-0.08062660760280393
-0.0747784436073683
0.8659771268892545
-0.09037955769049644
-0.5660734811213474
-0.5364698875809684
-0.04396442556695479
-0.5206957426189576
2.0148208175856284
-0.48166820074746675
-0.5139102847322183
-0.027291483830808705
-0.5356736750347185
-0.059171336779072714
-0.572250450153629
-0.5238021078147419
-0.5323721163597992
-0.6673888910042363
-0.5754178422129219
-0.5374272291370734
-0.5296002173455653
0.2874106506264227
0.5239848135016731
-0.5093128367840476
12.408217876121439
0.9297844566702098
-0.06067441343971802
0.8076884980085055
-0.5260723559291695
0.8139390220542931
0.846750157541793
-0.5225268504126663
-0.5647710698274071
12.383728616152842
-0.5375486222228381
12.36857319598938
-0.07396715081151561
-0.1962852213113664
-0.528902197923889
1.7590159417363238
2.250758954220671
-0.5012216615442446
-0.09003495140640716
-0.07179083308625478
-0.5001338339947401
-0.5285146389531084
-0.061857756608756476
12.410952004976522
1.399860877256339
-0.12485013139025347
0.8657476655991678
-0.5350705476582357
-0.5307644881228559
-0.5396645240684478
-0.12392057978633242
-0.5549663895812039
-0.11569977387457275
-0.5353568230642047
-0.5987505830485346
-0.09220728436877879
12.450060932783089
-0.12570700748484398
-0.5207772567808979
-0.5385563961492967
-0.5099344806587012
1.4156792879226905
-0.10868782836776814
0.45026658182995494
-0.5649782943657876
-0.08925528725295961
-0.5273298026971145
-0.11054109544100454
0.4327781776526516
-0.5035616035211389
-0.5340306799641112
0.4235568314959566
-0.11060616886036145
1.4170096849684333
-0.036332901607475154
-0.5326554898477933
-0.5396203411079683
-0.04154378961123362
-0.563958234059584
1.9181594755528977
-0.5928790343553707
0.8310944750924217
-0.13718612436353794
-0.11753961190073048
-0.5670624655813817
-0.5087581643464426
-0.5154449052857119
0.7982485410828944
-0.1019221663537121
-0.6107255959837629
0.29802908565731207
-0.14103571918045887
12.433162834471947
-0.7066832478475396
-0.5292808157928266
-0.5536693920548633
2.127049477092289
-0.1482615801793814
-0.5363207221013565
-0.5229574366756968
-0.10408906071047874
-0.5716616388680955
-0.07413424151474446
-0.5338383118211394
-0.5185097294989363
12.388206511623775
-0.08441935743163065
-0.5330400009356819
-0.05212916984752314
-0.09435898886109961
-0.5892542382092638
-0.5690919351632391
0.8765890382989516
-0.564999456554472
-0.15337649806082632
0.5073628230109903
-0.5052583678852703
0.5621963762202791
-0.5396784331441762
-0.5369129200376801
-0.5567163520019336
-0.12969858904332865
-0.519835442666312
-0.07499717170403108
-0.5148308521660963
-0.5366735059436814
-0.5372913263194651
-0.5307432036960507
-0.5635975614560976
-0.03193283220833487
-0.5662491982126145
-0.5481731162747027
-0.5207164340449845
0.4941505787578948
-0.034611142578135023
12.397609360748184
-0.5289870372338183
-0.15107167545779165
-0.5422025987118592
-0.5299437192236536
-0.5320578546274248
-0.4933699012074091
-0.5410338697989934
-0.5733318761248747
-0.037740893828540845
-0.5202821460314093
2.25767173809295
-0.5315245921136769
0.8568693417693795
0.44405585871801545
-0.5258841127195877
0.4916500153494381
-0.5083617907377027
-0.49158718183261596
-0.06852429846339325
-0.11336482609966714
1.7271367631412793
-0.6035957546425085
-0.4942235387483298
0.4888582355452584
-0.5274410758912002
-0.1007774051865189
-0.535004298438765
-0.5223593055499725
12.393519097637682
0.8061460520589735
-0.524031652737486
-0.022388734627736495
-0.6911642747409852
-0.5184344530993343
-0.5489560391512764
-0.5350386610160236
-0.12035578440116068
1.4203979878050084
-0.4831318449545683
0.8485387956139931
0.8503934060315141
-0.5303237459024616
-0.49082818683117024
-0.15216097642514936
-0.10629125085123325
-0.5261918261506138
-0.1214579516021086
-0.10217015017827513
-0.5394496235092753
-0.49315582822439397
2.282737965111295
-0.5867724254712978
-0.5815363277862837
-0.5324028085249514
-0.5513932666781991
12.376982441886264
-0.07666565898775113
-0.004492325969350008
2.3573161401664926
-0.08054115394276395
2.2918726213613865
-0.5317046974412751
-0.1811438888108174
-0.5274538566791731
-0.585361710744956
-0.5212866199373217
-0.10764688643320097
0.4306858565246443
-0.060706126060089294
0.4845674173344465
-0.5197541706966636
-0.12010800874089711
-0.554461176375239
-0.5801156679137115
-0.5218423354149295
0.8600244446289882
-0.12623902620201022
-0.4718742264810969
-0.5067395051149861
1.3596377946423603
0.860739040940672
-0.5284619350940076
-0.5454490612523804
-0.1109947364984527
-0.5356018817697485
-0.4824612242717242
-0.5162457401882654
-0.5335845496538458
0.8423156968482651
-0.5721275271853724
0.8120069907246157
-0.1169718383351741
-0.5687643143419585
-0.5269508596872894
-0.08305953446719794
-0.4959697272066991
0.8383902960415943
-0.5152823234609174
-0.6503201281124982
0.8407057919511371
-0.5213557897973105
-0.09820788251143231
-0.5371537329061111
-0.5276175500138649
0.8238569519610114
1.4013558612558907
-0.5170042673505744
-0.49821941829886063
0.8730104278058515
-0.5424611781782063
-0.5653441225659971
-0.5419115714378688
-0.4877386651422677
-0.5330310931535427
-0.5237975293011174
-0.54312258671373
-0.5443222967460357
-0.0977542109722983
0.45380494522178894
0.49901197902656547
-0.5272900918655286
-0.054827819857939164
-0.07495087309324588
-0.5374186322824315
-0.5310593071750893
0.424603597418002
-0.5362321331601041
0.8854965258286981
-0.6408299784582858
-0.5319790532348656
-0.05228908567371138
-0.5146471978841289
-0.5255187104352622
-0.11215815434801546
0.8270914044741724
2.178887613790187
-0.5346470133400353
-0.07256141792899629
-0.06449752597678271
12.419206679774623
1.4272567243794605
-0.035391379977032345
-0.5088421642706293
-0.1175962258547324
-0.5239098965914318
1.4191606111199613
-0.5275986172574911
-0.5756723363106235
-0.5216034060106143
-0.5107559305329424
-0.05152640015412635
-0.5308622321630878
-0.5359049218264349
0.795491835517984
-0.539014601069971
-0.10146590953889789
-0.5663273394846549
-0.5576758363965517
-0.5707493578239106
2.2577865132756694
-0.5096446398446394
-0.0859707968601855
-0.5684209121765538
-0.12653615307924881
-0.09185279364895926
12.36563457909482
0.3111776306962141
-0.12814872481977047
-0.03200177372808566
2.1992022153065682
-0.16920004962297194
1.4352824445319439
0.8208539003992018
-0.5247072641764746
0.4198731261245976
-0.5421072770390971
0.4201686530464519
-0.5276514398521575
0.5217297440708637
-0.5344878126995056
1.4475096929596356
-0.059189676813977576
-0.5398455127237014
-0.15388123699176137
-0.5324747148223229
-0.11985372064433297
-0.5253269424635485
0.8403155299241802
0.4495813635489776
-0.07601165836744184
-0.5182891039950929
-0.047321256251023236
0.8366299374845808
-0.5382569909878787
1.4007725358048062
1.4337192500131075
0.8235992003960934
-0.05940047470558896
0.8219291508431045
-0.5267218195663821
-0.06909188543155398
-0.11869088027417873
-0.0766998375555139
-0.5700765647292866
-0.5311430342721832
0.4328161504829142
-0.5261537674446561
-0.5383663419454132
-0.5909040871707398
-0.13804847585550228
-0.1228233850692364
-0.5710339214063294
2.106816568331358
-0.5678445523269484
-0.5820458746792958
0.3754416969617793
-0.6507454919515656
-0.5673485486342571
-0.04735072345253466
0.8225211838817124
-0.12981852016566997
-0.6045003623269303
-0.5157594579108243
-0.5334631700643012
2.3525308074389266
-0.061801271153094195
1.4376349475574974
-0.06445209141288033
0.4476455728038873
0.8037234778743765
-0.5340651893825727
-0.5506168767783607
-0.614327807134974
-0.4994143677741113
-0.4808104220855326
-0.06373411389948569
-0.5353621965485392
-0.5787525425859996
-0.563824408792772
0.8181663193604278
-0.5326662436361289
-0.49182096688347865
2.207744928740892
-0.5217407601533139
-0.05594513982503935
-0.5720386769355059
0.8805968358030718
-0.06348550861563895
1.8964706260585211
-0.513756183962348
-0.0867757231886932
0.46530497917265845
-0.07402877487534809
-0.5384035755004064
0.8471978664906524
0.8846488835925005
0.41545820309072967
-0.08570706859163357
-0.5402930677319782
-0.5336607271292129
-0.07196756561198159
-0.5130666973358851
2.3150057955288523
-0.05331070676889338
-0.50828998035772
0.41697354551693744
0.812490840957077
-0.6991175765568052
-0.5388875572230276
-0.5409230594566513
-0.06342285771248268
-0.5292845415320594
-0.5063512715986339
-0.5676862144463094
0.3909939404353424
0.4247378239459849
-0.12173684436022536
0.8543970378157537
0.4538816399044734
-0.14508755449423394
-0.16636105445503213
12.374472564088554
0.42976082806897464
-0.7235078933308694
-0.5239708467449558
-0.07361069182771807
0.7663181048085744
-0.09774509649155505
-0.5573449587121935
0.8626839618350369
-0.5493513237090752
-0.47910367520412245
0.4231871420901496
-0.500530284174537
2.36184296318734
-0.5282407473082404
-0.5331220339319824
0.8499585226358175
-0.5313089771439667
-0.5387000641848236
0.4488082557663966
-0.1847110492503231
-0.4898821153952091
-0.07656893719481661
-0.0740512738743413
-0.5661259942325167
-0.5660060853972757
-0.6982986028487481
-0.5213459245635375
-0.5316996200763894
0.8588409965377063
-0.06042004155807956
-0.5750502885825703
-0.5308329222292084
-0.5706322425862123
-0.5659762757173294
-0.0567268861669219
0.8348263596071125
0.448022336841581
-0.5743611629021252
-0.49574618579222496
-0.4895938377212097
-0.5267538814769177
0.8225874250072207
0.8828163102249453
-0.5535530356092804
0.8616442283321041
-0.07954074422692026
-0.1122905671618536
0.8324715177390659
2.4086537831624923
1.4454058124942992
-0.2559397291040375
-0.53016688689852
-0.5707389717391096
-0.5323909642257555
-0.5386221029115206
1.439174440297169
0.7935754036477635
0.4288396389878264
0.755664456028664
-0.5350562681264304
-0.5281245001198883
0.4788826240583881
0.22530555075430464
-0.5283550176527317
-0.525154124714939
1.332068741627193
0.46757739933467146
-0.5472792805755372
-0.4879317549945751
1.4563725540379546
-0.5301381653465214
-0.5668498559970399
1.437638654612257
0.8298435529411325
-0.4669662447208366
-0.5657656105668717
-0.0666792374894225
-0.10094643955935811
-0.5101031342213387
-0.5136019030800101
-0.534654378300084
-0.100582196183854
0.8824978839303281
-0.06639307862685029
-0.49553391463524166
-0.5368649472190421
-0.5671451245957059
-0.5220868275193443
-0.5381739562837602
-0.5708096800155473
-0.10034853955676093
-0.10815740207752839
-0.17213165166525554
-0.2865728583826165
0.47224533624038156
-0.05582156986024622
-0.0661405290637207
-0.653370033566913
-0.10274580205406925
-0.5834476486683182
-0.48960485523901287
-0.532418468492093
12.452351087238505
0.41016885300855654
-0.10627606050494942
-0.5161858737041101
-0.5443467736771546
12.361392158733477
-0.0793154573624043
-0.5404525471495781
-0.5635284575841784
-0.07143835238292262
0.836402839766075
-0.5259220662318089
0.8868909460423815
0.4098564725416465
-0.5332446926963286
0.4428929406835562
0.451950310944893
-0.5337409943773562
-0.06877000223278074
-0.5412289336886531
0.4397006085146673
-0.5465007804148947
-0.5383471620146225
-0.5460825540066001
-0.046408817561925275
0.42708590343605546
12.416807989437434
0.8527889109956828
1.3982102403936594
-0.1263176085245964
-0.5325353814471553
0.8214558160708061
-0.5220473722906813
1.3863797998286322
-0.06146288099596109
0.4186764119004145
-0.0704957203117198
-0.5395139627644565
12.421971244086572
0.5024216575799849
-0.5808863530311136
0.8362506047227972
-0.5262139627508206
-0.529992812443439
0.8138661860199408
-0.5434836199460684
2.285113982563614
-0.567758061592247
-0.07455266746340505
-0.11708166435598077
0.8641639253189215
-0.11851497779327214
1.4475921950086554
-0.568660367682779
-0.4867800099323569
-0.4888122668015237
0.318462853240405
-0.1123924591270169
-0.045759358455788934
-0.5297426557978121
2.313543447023049
0.28371264151797787
-0.5429669471997618
-0.5169908264702218
-0.5355363700600493
-0.5310324663954653
12.401275396140674
-0.06641583668569029
-0.05812807737724679
2.2958735351654167
-0.0909057944045697
0.4153666154967697
-0.5121619331886504
-0.1496837082275987
-0.5406597612121702
12.37440699668192
-0.11161680022236409
2.2971114822463736
-0.5227057521955417
2.0788651577564163
-0.11242971194443363
-0.5630481989753324
-0.13005632293376457
-0.06239335209066177
-0.07983987055427888
-0.5745918237438116
-0.5760467715293306
-0.5680695193228149
-0.5548623468687992
0.4642360543916999
-0.12934283781514133
1.427770714027237
-0.5394691339066437
0.29209710251778065
-0.07784597463672027
1.8183074241394188
-0.5650810643978175
0.3930229973395376
0.9023231590060911
-0.5249627350364545
-0.49335066726101484
-0.5510181781238238
-0.48967792300307855
-0.5347617461987021
2.3528094354360825
-0.5655279982164789
-0.5005178966991097
2.020015238449662
1.8898028097488246
-0.08767276549863745
-0.5388958152870937
-0.040067010759777366
-0.1704295435476254
-0.6802281597421418
-0.5867747147494828
-0.5343934598274531
0.8164329798457153
-0.15131131608206272
0.47496969002376344
2.310339757225988
-0.6502059133204559
-0.5610222783262359
-0.10045838255929662
-0.09056550646328865
-0.12604890105706512
-0.5471816717839432
0.8140713783168628
0.42243101010751793
0.4357841374060174
-0.5188875105676585
-0.5375047314777753
-0.07601335941487475
-0.526081077328825
-0.5417097204049939
-0.12324801958888887
-0.5290640119547285
-0.1299656910600745
-0.5341860940535519
1.380169081366765
-0.5260585854198436
0.44099332074565756
-0.5311911303362185
12.415123485523186
-0.0737604753553246
-0.5660207674763498
0.7985575120937379
0.43419622179084794
-0.5130542161855152
-0.06158537132530528
-0.1166765089844154
2.1946734914618977
-0.5314706816167278
0.8102139887303349
-0.5657991369316988
2.265096445751155
-0.5776660111139773
12.36232667532767
-0.537614677767531
-0.5367139033650672
1.7309422634121094
-0.5014431827254997
-0.5222708738756422
0.8381745168864662
-0.11786600900211863
-0.49593851210051576
-0.027858121126258073
-0.5804122477297607
0.8230264110006615
-0.535751594054305
-0.5230388253369793
-0.5684018690535471
1.7937414817172879
-0.5317401187719462
-0.5331356036557031
-0.5298453496405842
-0.5287126354433356
-0.0994315375422189
-0.49921913602413537
0.4442738755867439
-0.5546784164871372
-0.526714623109259
-0.1274081659271128
12.393868421076483
12.393452507703941
0.4147220739649058
-0.08576423717626702
-0.5329035963242291
1.3805161487961493
-0.5686837755666169
-0.05705468950238157
12.391023210350433
12.355789951387106
-0.5626032991954105
-0.533397637160375
0.8499304255384148
-0.5291536646501318
1.388581656311531
-0.09375875167045034
0.3048947298536593
-0.5406100771756815
-0.00849160561481288
-0.5351829700135008
-0.5447223411942457
-0.7230290716515946
-0.08836945926605333
1.4664144356678919
-0.11395411839883729
2.269408942041028
12.354623083309459
12.374504794561878
-0.11577410913662367
12.448092741446096
-0.5265705989002201
-0.4867484191864828
-0.5443301720934767
0.4522059774174858
2.343609185095388
-0.07464857674349212
-0.5405952566278952
0.4209402462761427
12.37739410282002
-0.5824730637372447
-0.07396383492595116
2.3618911039780683
-0.5654564958012891
-0.5381236724405111
-0.01914217443061894
0.4123688086611217
1.476833148484303
-0.5384881793825685
-0.07506970992427031
0.428379361490713
0.4892295197598677
-0.13427687466428195
-0.5043609167216176
1.3970582730336516
-0.5460807174315395
-0.1115199981956505
0.44966927410063096
-0.07097049783901122
-0.07444086188723043
-0.5131277332841127
0.8210294139966166
2.376728307413161
0.4557428950149358
2.332053036395514
0.3276833174637551
-0.09325593158386425
-0.5689338362905584
-0.5660223575858188
-0.07926515126838074
-0.09166359944800329
-0.5702912906041775
0.470506733294739
0.4734609899735116
2.2720096409105106
-0.10658518432716546
-0.5377712909530545
-0.5431641083822815
-0.14022717653450323
-0.5280405835827644
0.43762291608097414
-0.08319504393670185
-0.5375397318019683
0.495261179950504
-0.5293138085576253
-0.5263162770808025
-0.11805699935533809
-0.061436681235881196
0.8034839657592495
-0.0696237886101373
-0.5688798064340752
-0.5555083857958052
-0.0473193840274897
-0.515531517096965
-0.4954027880775258
-0.48032581065148017
0.4658858824072969
0.48227442970319334
-0.05325333372412466
2.339451210544389
0.44048361443374184
-0.5118567628084567
-0.5363720812884385
-0.5441358973799654
-0.07866870017239802
-0.5241167260408486
-0.5114748132747723
0.8462483183770207
-0.12127513416015279
2.116110934401637
-0.5257919386887164
12.416825904091835
0.8263013311333361
-0.5367758704327874
-0.5332298511911979
-0.5219400188681875
-0.19503728940368936
-0.5410488768941477
12.416936773277678
-0.5458559793692797
-0.5763741846954333
-0.532662431188399
1.415444986635897
-0.5000445215662621
-0.5290881611477812
-0.08110825124711651
-0.1012879057826227
12.397164448652802
12.41910149611757
-0.52140531056148
-0.528980959818183
-0.05316901753137693
-0.15469297379471836
-0.0912674345481218
-0.5470917366178811
-0.08527030976755956
0.4736542281299261
0.40328488577189825
0.4348772834561434
0.2996263719710329
-0.5427017078842533
12.397236474631669
-0.5339218605605736
-0.06157948459071938
12.376979420334223
-0.1329226152158276
-0.0587979429266976
2.2447879369777723
0.41435427486100807
-0.5822282028440672
0.5004864340864918
12.353342901273454
0.8222129341255505
-0.5525362977739686
12.377250020332953
-0.4967171611904738
-0.09943777988683822
-0.6135358645690646
-0.06488451359817715
-0.1082007187988373
-0.11218171663912191
2.2911622139082617
1.486955674206092
-0.543392209196013
0.45800745312847213
-0.5344039776497176
1.4599231140722007
-0.5367141409439403
1.3990972250966174
12.37741499577786
1.4023854887069611
-0.5123007633270662
-0.480205889547653
-0.4750095060360413
-0.13778828893210626
0.4175358158284468
-0.5424524353598743
0.8463234045594255
-0.5315930590888029
-0.5272240613622139
0.4959118143103187
2.2327837336050695
12.390649091398942
-0.5567043781550314
-0.5150222607628117
-0.5838379746911401
-0.06718342130501664
-0.5268164665010753
-0.5840301330970853
-0.49231657655480965
-0.03507544379733529
-0.5390876862954297
-0.08494940618310765
0.8119618101000966
0.8839264859970911
-0.4973670681518422
-0.11578460710938043
0.2967022095381077
-0.538334484955499
0.4399664874919518
-0.06145666784805903
12.347616648899118
-0.5704958998287868
0.4591880720907877
0.41762658957195
-0.02277024448977516
-0.5712767331296181
-0.07154759595695859
0.8243919718733635
-0.5248160812656594
-0.11963118719946442
-0.0747203541555197
-0.12346176308958945
0.4506367042131949
-0.5275578021968248
0.49431805468260914
2.272865986740259
-0.5694893923010533
-0.5352441825720672
-0.5326275462878323
-0.48141200833846565
-0.04657136643779247
1.4051986033347257
0.853076974249027
1.4685590967865232
0.46976694834550203
-0.564721678757798
0.12485548344932443
-0.5394332923366563
-0.5633259578928163
2.3303215084596793
-0.5682243638085875
-0.5387102444665297
0.43268949300479287
0.28233821764944633
-0.5278426980321413
-0.12189787041228439
-0.1125782547114127
-0.5395660203068819
12.41149180146332
12.460141280879633
0.27864554600478375
-0.061013892642684975
-0.026997659582702616
0.45466434126040034
0.4474678421943332
-0.5374355293574073
-0.1098814073690717
12.375237210018001
0.4462315522200331
2.1672597400605786
12.322247072477703
-0.4875720034375055
12.389421652207254
-0.11914523699958468
-0.10742490025119178
-0.5702586557815639
-0.5585552261854905
12.421700398708346
-0.5348068764900604
-0.5334424329096337
-0.09842129323717097
-0.5731924232921192
-0.11180886154023206
0.4264099500325318
-0.031146522264478782
-0.5565198563826905
-0.5355658285941519
-0.011442959842628775
12.446106658895784
12.333112084909324
-0.5235812300108844
0.8577221854631718
-0.4746576509598549
-0.09547216871956121
1.3290456321728406
-0.5278096555065908
-0.5444328792188543
-0.5156579407630326
-0.6173345332245056
-0.12416644919426756
0.42733177519844556
-0.5337455499564141
-0.485074994570465
0.2871402554332658
-0.5207182382805944
12.367786215946497
-0.5027428982142785
-0.6093302730050475
-0.08950085591250112
12.426441769578606
12.391582015750895
2.123771373286799
-0.5407413425006411
-0.08791794836558897
-0.5545571455083611
-0.11363411041054527
12.37795235665779
-0.5663620967429364
-0.5259263696924376
-0.5365248515107827
-0.07440235863276823
-0.5695607538078378
-0.5693319554099631
-0.07404509665929337
-0.5350287943664469
0.5136306840836065
-0.5357942869107213
-0.5079726307186818
-0.05992589847168206
0.7879379976705692
-0.5393320357369856
-0.10797922195461429
-0.560011704286485
-0.07167503380729667
12.424036190217688
2.290521448115373
0.46573697792303603
-0.08768090466712075
-0.5543077747118694
-0.5478100445836147
-0.5379202989936148
1.4083412997928935
-0.517895045822635
-0.5263836091113867
-0.5840281012584413
-0.06724293634976353
-0.5359334222354968
0.7944213690341361
12.416306122604695
-0.4909438327781872
-0.1135053464701844
-0.07484569092669957
0.8517293798019747
-0.06496570310525507
2.0789553122338114
0.4154961330347491
-0.5418146854796366
-0.10851091284193648
-0.5404269724508108
12.409844204262
-0.05671813410115656
0.4912321169604379
0.47017465258599733
-0.47856930467996406
-0.09281154724032414
0.4948818691044745
-0.5580237197210771
-0.4959492521883202
-0.09584202531731145
-0.5321876296489357
1.7043324780758675
-0.5201732066034226
-0.5409475048851307
12.365787431751645
-0.19052962564603315
0.3780436295192193
1.3882245531383295
-0.5722166216102189
-0.11472749424117568
-0.521314116995045
-0.059092164980328876
-0.09590377407470785
-0.07680206258849975
-0.5420143324186437
-0.49697007661166426
-0.09552927518944765
-0.5248045950075964
-0.5452391172365252
-0.5106765541620992
-0.5719814436588448
-0.07183533663262609
0.8259132974361515
-0.10331865092491843
-0.5355221530331385
-0.540835508588658
-0.4776718360402781
-0.09061108124518824
-0.46422089744029427
-0.1036542992806927
12.426472957296658
-0.5442533584209113
-0.5062760842393524
-0.5591193793007985
-0.0927366093138633
-0.5425384984257975
0.4580189412908111
-0.06211696019402524
-0.13260602102389496
12.399127682329377
0.8341400409568375
-0.5569982184849828
-0.4946944676202014
0.8261384518773678
-0.5258377741032849
0.451879336642083
-0.6322720546395975
1.4209379151764183
1.395180681147685
-0.0990311957704274
0.815659895519021
-0.5227023824582417
0.5270895775944939
-0.5746999542573312
1.4693919161491549
-0.570889087261351
0.2919572540424927
-0.15254048125900144
12.38403427646815
-0.5661161014817392
12.368117718004614
-0.5379225897176174
0.4758060259695609
0.43626076843475814
-0.5312698306936093
-0.08840724240206344
-0.5341123087972872
-0.08471944214138782
-0.5667980054093118
2.1822334225004067
0.8722077790345585
-0.5497956691030177
-0.5350674934617503
1.3875972986243394
12.421575029014056
0.448897044092327
0.8703784388702084
-0.08316421837968369
-0.5416632921935222
0.8156582744445011
-0.13471110812838938
-0.058699446857291115
0.8208184838934403
-0.5307849873507721
-0.05511676418878486
-0.078031222339771
12.423686875365831
1.3320590453074488
-0.08023731007910206
-0.5660702532364918
-0.5838516965546272
0.7969825846622627
-0.5148494827469495
-0.5458833258083555
-0.0850275359848165
1.4075522718118534
-0.5352386251995208
-0.5811142396303136
0.4655611584513659
-0.5259091947538854
-0.5326411815699328
-0.07121545714989053
-0.5262828735374137
0.8228968375939595
-0.4806009572236144
0.867440708239136
1.3942001868753626
-0.5228464305612757
-0.5159461287086673
12.423536680592157
-0.5361962162482701
2.2941560095762785
0.4397824609592611
0.42528747870156036
-0.06607789923788088
0.3919684227640776
-0.509262341132485
-0.5256656491436321
2.3776379665960694
-0.5190056630049075
-0.09553443391858651
0.44132747753154433
-0.5488924062643847
1.8573081194909706
-0.5447883914137979
-0.5357914589304107
0.8222326019245662
-0.6852695081381495
1.3812066530961256
0.4564658023538355
0.4689542873676198
0.3984877336294774
-0.5477462692629598
-0.5660843771677175
-0.5619259122640968
0.4822899042004807
-0.5306447057526456
-0.5338711088460628
-0.5391536169390343
-0.5343809965055848
-0.5982775231878501
-0.5484456716593983
12.376395576215705
0.47206956352808604
-0.6543021614061428
-0.5362046912269357
0.44247457720983974
-0.5369200626619075
-0.07671734927435336
-0.05537334359803603
-0.5382903489977651
-0.5733939053142983
-0.18728653101454706
-0.08560196023299738
-0.1390980535173847
-0.5210203603918289
-0.5400000392817877
0.813257407456229
-0.5279862182188428
12.417758732579266
0.8139014504497505
-0.5362881186077431
-0.5425492971806641
0.8181290817663784
0.46988128582207955
-0.07624085235835953
-0.08327866432854114
-0.06618791812684832
2.348953951811644
-0.5357642969717114
-0.09247428483981979
-0.5386956516532135
-0.12788710895642363
-0.5617275773669757
0.5031118600141709
-0.5379913531726281
0.2809945514717667
-0.0677933384025392
-0.06336107214705544
-0.057452323861514554
-0.5408327294913918
-0.10328949306407742
-0.530358837676987
0.45627879455923015
2.3582036213980833
-0.1265891686551741
-0.13495291176312363
-0.5449952073536487
-0.5710581196052555
-0.5273509881657241
2.2346214852479758
-0.5694321054274911
12.440559668671444
12.409977117356558
-0.5656397316754436
-0.5701049969367855
0.8436936609569179
-0.0649928175916209
-0.10055511015172258
-0.6234080234057794
-0.07004216581524669
-0.5369563023476058
-0.5286335763430241
0.4945099305603713
0.8933915179176058
-0.5219541877974635
-0.5190602959126354
0.8845378788494409
-0.05597257854615012
2.280363474209437
-0.5266640045869164
12.318710625444684
-0.5346538552191611
-0.02016494827714521
-0.08660128138292067
-0.09586699283370237
-0.5110673756927818
0.45974672451092324
-0.5499768317774696
-0.08532727530284112
2.2638321841701217
-0.4893821306969224
-0.09141940524520364
0.4944952379909191
-0.5337489135528319
-0.5377636638893819
-0.5760448492181454
0.479360420932496
-0.06590225201045796
-0.5375624605861329
0.8115274689781269
-0.5306447111767694
-0.5398088395166241
-0.5361098973653444
-0.5316789969357661
-0.5349920045493552
-0.5497458511317637
0.5128049795524909
-0.05237867677089625
2.342047229944274
-0.5380690171619873
-0.4880424599565716
-0.47226113671229075
12.425517752034452
-0.49868116399874696
12.41948119435435
-0.036428936001795975
0.4942216815606586
0.5132363709916592
-0.029678593053074853
-0.5328179771651275
0.4672761135712147
2.2368316860862327
-0.6500165641013367
-0.4796405907986965
-0.0727446655502404
0.48671429355943907
2.3843825459772288
0.4460210826691897
-0.5035032723467165
-0.06558721028468051
12.377864910337202
0.4573035535316141
-0.5680007357411068
12.388068965643505
-0.06491169282725129
-0.4889302933764823
-0.5213777656340972
-0.12429761187373711
-0.5797017444031085
-0.5007575015495258
0.4739678401289191
2.2993777727042057
0.8215816300450539
2.1687482267004112
-0.06586154469745087
0.8836555431045677
-0.5382890417232148
-0.5714063781830934
0.3749585619577982
-0.5680026434070271
-0.4826560293040787
-0.48990260253023543
-0.5219532567995071
-0.5361120738024994
-0.01340475218321413
0.4714923225826628
-0.5178085321451322
-0.5376012718335802
-0.07529945893815726
0.8474098023572333
-0.5740296047796725
-0.5304352460155144
-0.544551089327789
-0.5319801750596737
-0.5687632261734588
-0.5737854935343265
-0.5399572736632814
-0.5263106414808181
-0.522770162163279
-0.5313325345374494
-0.4782256304183319
0.7967788467638643
-0.11705793942612253
-0.5414873254547662
-0.5347842950221293
-0.5297242202373896
1.4098410355333082
-0.11679145381517353
-0.09311400959648342
-0.11594459602045037
0.4603962654753795
-0.5323547333420586
-0.11876144055188254
-0.5411840346846877
0.48486439493395195
-0.5326728052323411
-0.5198256970645654
-0.5266094623756736
-0.5055616745809325
0.8481169433510751
-0.1123033114180797
-0.026852210729613857
-0.4867832958270737
-0.07542214178072304
0.8718771612439371
-0.48086367780833017
-0.540872967370235
1.411231420093109
0.8203338306168232
-0.15915458617471545
-0.4807029006027397
-0.11161642216076262
-0.044443661416271985
0.8515356247370691
-0.09595105793052894
-0.5367793542234932
1.409131356100735
-0.09628261640294444
-0.5362136725434112
1.4541918160142275
-0.1058035081941282
-0.08635989482117756
-0.5257130569412006
0.4628756968566601
-0.5350353052865515
-0.5257847936100483
0.43220148880354725
-0.511925421017787
-0.5510616972147013
1.4034956131360445
-0.5303128891724491
-0.5300614495146372
-0.531649661514018
-0.09141637753071319
-0.5078625658024305
12.369393732348911
-0.5224468041966972
-0.5371763419911467
0.49701128961123997
-0.07581173983716627
-0.1300814622492591
1.3259640898946108
-0.495162205568769
-0.08144952027971808
-0.0883717163988097
0.4300355722211944
0.4656736024023762
-0.5415776651909194
0.503611549475032
-0.06947467923604744
-0.13660861381227696
-0.5642166710862878
2.3413226982125996
-0.5298113636198015
1.4251000383967287
-0.5355605469905462
-0.5068189754298446
0.4171448690467785
-0.5476882027674239
-0.5730031620026687
0.8475065337386131
-0.5185845199145989
-0.14224280321880323
-0.5065338822326799
-0.06857589599352332
-0.522047183015793
0.4184227164499783
0.4476655992824947
12.417510064581112
-0.09324782716308677
12.354529968463426
-0.5246017676070296
-0.05168668145435218
-0.5363826870552246
-0.5354640828198249
-0.5422023112471406
0.39531642197498096
12.400614787817819
-0.5813882382266164
1.5993429196684414
-0.5331219737460877
-0.11611163916142353
-0.48024539668537725
-0.0714717872978341
0.8363588850927919
-0.5452286166011824
-0.060891712006609366
-0.5383784541555556
-0.5322662350798504
-0.16204874132633018
-0.09058977359878373
-0.0509896622701409
-0.49205334051413385
0.44539531712408187
-0.5493646426319693
0.8134741332983825
-0.5304851857463626
-0.4888850154178267
12.380940351330194
1.4308983499198906
-0.5003594722362888
0.47443216893545404
1.4388871604687332
12.405482019473384
-0.08023796201173738
0.8688255153243816
-0.08794177548224402
0.43281899996791506
-0.5462687232937786
-0.49989051439670273
0.4381761517578697
0.8201349935369145
-0.07353913546485225
-0.09074610098670588
2.274048432759822
-0.5116614234442616
-0.5340760933735804
-0.10460441150203614
-0.5061498833531148
12.41705379530469
-0.5461922223119886
-0.5329211833064935
0.7877257281169154
-0.565686600976719
-0.5443876644362562
-0.5244203883295321
-0.5212532813704205
-0.539035651840252
-0.5414564994915201
-0.5248135949137748
-0.5310991694507361
-0.4911163252908415
12.361800115402076
-0.5221373867733597
2.360847710831204
-0.5312747220008422
-0.09723335507999631
-0.11926837682132674
-0.5225291267645567
-0.0814337369136513
-0.459596629385956
-0.551454634075073
-0.5279221109145369
0.4596517837851828
12.396822182021232
-0.5300963536653414
-0.5225328625974499
-0.5357514596153713
12.33694803622245
-0.5380616271190621
-0.11248150689240899
-0.5220466008615827
-0.03754857452420801
-0.5434815230327363
12.398359110633084
-0.06638823411335004
-0.5706809281260448
-0.07062148645574828
-0.5781575588890728
-0.09033794162020836
-0.5287505101986341
-0.06804726032824782
-0.09498758412011166
-0.025335167499142996
-0.5747454599657409
2.208437124139258
-0.0568797701081698
-0.09194916169780942
12.35515563538858
-0.5462430446506374
12.420654833152517
-0.5333166360895139
0.8563349168235097
2.3562128242779576
-0.5259519094816298
-0.5280079742419211
0.8475868178933934
0.38467447712190816
12.460278698397737
-0.10696853125457806
-0.5495234830000876
-0.5339203138948908
0.2832126193252261
-0.1195314564493567
1.3436361951171258
0.431844965120991
-0.5204039938626666
-0.07293837148554005
-0.54132266307899
-0.5368362643184985
0.43162173207981946
-0.05900079680501247
12.365672545943493
-0.5128039973267897
-0.5831761418675382
-0.08160073067806373
0.854128325113964
12.366838237940149
12.434984948021178
-0.11869406740305144
-0.5335981132108234
-0.529132381982167
-0.5100471466539895
0.3921455793908203
0.8870704816882435
0.45613004324275974
-0.06793472814503199
-0.5455705501412742
-0.09424333142575303
12.33329782960135
-0.10044276103503746
-0.5435874983130391
0.42663469917124286
-0.5102027960981179
0.4744514586176305
-0.08042680109926559
-0.10582800610658283
0.8084573080031081
2.3508096532076888
-0.5358215353153086
0.8241150553633737
2.3195769352218183
0.26150993227083896
-0.5050529462638075
-0.060933038930810146
-0.5562063918127681
-0.06026571729043739
0.9006411382618918
12.36836136629972
-0.1296970029810931
-0.5532025192591967
-0.6652400498994113
-0.5161185783599143
0.46103446723036967
12.395588139808162
-0.520253404433684
-0.029962680287590193
2.358573345889623
2.369807568967607
-0.5158190129832515
12.371690091891299
12.35820566422683
-0.4892461784883919
-0.05959035250003886
1.42579904954397
2.2049192029283846
-0.061372539177003804
-0.5423113864378896
-0.5443101497016715
-0.0843849146179314
-0.12464684070861876
-0.5274851226268259
-0.06760743978698136
0.8167662525509254
12.377680118112016
-0.03664662998684731
-0.5379091467830261
-0.06904406141864239
12.409538676493447
0.5116194247270107
1.420682828250741
-0.5428337162413637
-0.5259051281081487
-0.530746380059476
0.454017911102796
2.3600573243738174
0.831994926416291
-0.57174173686601
-0.09753543090788253
-0.5286563076662131
-0.5392314509545909
0.43177912357058235
-0.08718524150484108
-0.05804204918929734
2.2332129410135115
1.8295700408865365
-0.5433222822167829
-0.5028699860197119
-0.5815082025467099
-0.5092323109610224
-0.5017183027468247
-0.5280003043631354
-0.12570852900057994
-0.5204510122974804
-0.5690501037306841
-0.5264214932538565
-0.04448486047164568
0.8931526579903012
0.4473026978216148
-0.5356840252492419
12.419302252001557
-0.08667349124437584
12.348871667746657
12.409617684063557
-0.5694514732406273
-0.07575003402530545
0.8449033713039781
-0.5375918708498275
0.8130925820722497
12.334106256367914
-0.05126344571373309
-0.5234309198616417
0.8038489244722127
1.3430018959741303
-0.14452250530203492
-0.0697501850091845
-0.5389307645907768
-0.05443853803699339
-0.07704338111793374
-0.5346261558371783
-0.012302649817699796
-0.5457269756815945
-0.5410216046215414
2.252304322425712
-0.52748511182118
-0.5293062908734936
12.471505786092534
-0.07799270665419755
-0.5322925260594612
-0.10104745020411454
-0.5106406302087214
1.3823812969150218
-0.08597571163402495
12.453567240053438
12.403788123094357
2.320415904603682
12.41685689891855
-0.5089349226486779
12.38698961377303
0.4371093765315117
-0.5358665919853888
-0.0446843308485938
-0.040060562510943254
-0.4997038127554704
-0.5296253952808112
12.386551897623676
0.3162465439587052
-0.08956551752072828
-0.5398775094804962
-0.5485128097606726
-0.06929127539631108
-0.49747045101608034
-0.5516014295375371
-0.5565941677301492
0.818931622076423
12.45071560126426
-0.5406921352062505
-0.5410780787381889
-0.5435508617441536
-0.5252946451335727
-0.09918120152497678
-0.5178090307627583
-0.5247418608008239
0.45773374686426926
-0.564648428995308
-0.5408428262767029
12.382947333570739
-0.5298274354958477
-0.567923677713758
2.41625486856929
-0.4679900156552992
0.8182612285610859
-0.5401757744681852
-0.04091770265860828
-0.5721334527306318
-0.5952356669820642
-0.495245265781884
0.4490186048613294
-0.09123176262027777
0.4473620826270257
-0.5333324320697386
2.3081587639681325
-0.5814106580370201
0.8254154818879326
-0.5588371466444717
-0.5382368840809388
12.410252329466964
-0.5617235914612413
12.352739888653065
-0.5345283863177377
-0.08177263745967023
0.471054091191504
12.420580587652145
-0.5779939006637754
-0.49597306455978807
-0.06816820404971469
-0.060474267027981754
-0.08281313310041671
-0.5244889816061198
0.46416059117354624
-0.545612824343667
-0.06569643196168518
-0.49702206554626205
-0.07956070881503252
-0.08163084174250301
-0.5431502228854803
2.342535307691658
-0.541598927002475
-0.584053277308319
12.35261957357492
-0.585866867004333
0.4715932452953928
-0.4655168625531253
-0.5487649235834429
12.35278922328856
-0.543167152024427
12.390908813508156
12.40052763095528
-0.5003002725564576
-0.15493213676963968
-0.5396613123682379
-0.5658876212395737
-0.545148510349658
-0.5273344898000506
0.41906928041019187
-0.5001039826943174
-0.531969873542315
-0.5275248791715148
-0.5497362555348517
-0.09092146255174571
-0.10166379198163722
12.428186756545436
-0.09499595058914045
-0.10458316814165003
1.3989352716973393
0.8026558083512005
-0.5822307878886331
-0.09290321824146808
-0.10271920141491919
12.350738475721315
-0.4856122699665498
2.231551757778193
-0.09759005669487397
-0.5505427586699487
2.191782474124608
0.5015724040295881
-0.5002570454208457
-0.5390866759932864
-0.5428461767424697
-0.5814195368673907
-0.08091627964868187
-0.4875262435020651
2.314545158580508
-0.5247410003096022
0.4488772310683504
-0.5364446012759405
-0.5442680274491973
-0.057962283903965406
-0.5305347223271021
-0.09466724053671338
2.339246309528571
-0.5393933050644052
-0.5311052645888896
2.3655946051073022
12.385553132649665
-0.058193485593764804
-0.5710304180678805
-0.541461119457815
0.4514658514709382
-0.5292611776462075
12.402353649357563
-0.09932669294428798
-0.0651404490168086
-0.5093854200597033
-0.11386294318231815
12.410000182344058
1.452044436794139
-0.531897268539887
0.43069775974584323
-0.5359192464088758
-0.509446406956261
-0.5630084557729366
-0.5369952956306083
0.5113044786755101
-0.0866714976874573
-0.5308097433389091
1.752639428244453
-0.5668865063513622
-0.49274877224783953
-0.5224689082701953
-0.5267316821263959
-0.050279756327610836
-0.031713740645617605
2.348039016833284
-0.05378688438997903
0.4499790577280338
-0.5263810419987889
-0.5251077695957629
-0.5593361428559678
0.8751660955609808
-0.5284646854694355
-0.5656381892901448
12.397140062465644
-0.503259469676633
-0.5240153825973863
-0.5386588666273735
-0.5383602003495543
2.3626780018633675
-0.046457475781232604
-0.5237569870244378
-0.11791240773500966
-0.09372478405949658
2.055440833499643
-0.1162291852383377
0.8305989909325675
0.8715125563896539
0.5098216096596047
12.389652142846
-0.5242447574103621
0.44724304687958694
0.4544412646173992
-0.5354466295648241
0.4622897856794952
-0.5706640891131919
1.8415213439741247
-0.5276830942533604
-0.5235254623469963
2.268321841350313
0.4853142960116319
0.806504475870628
-0.5309103229808831
2.367376754601864
-0.12719302161876567
-0.029624433699274144
-0.0990480362118843
-0.5317809091931829
-0.5684988277872105
-0.05547762523293376
-0.5453594616718971
-0.4731040900518464
2.2675358658534366
-0.5819918682802538
12.488210240629636
12.350252119480555
12.41969858262417
-0.5089098405080588
-0.5480207362507071
-0.5369010404993038
-0.540308150030798
-0.1032862312706293
-0.5241633739581218
12.38210046610265
-0.5253101245815387
-0.582651263544621
2.27179987716958
-0.5271876764684081
-0.07964136871208272
12.343981336062757
-0.5409196208435874
-0.5800900146634094
2.442058011686835
-0.5332158309792056
12.357080815838408
-0.4925392103934828
0.44277484804472755
-0.5243734513732861
-0.5096668759635508
12.402155091171965
-0.0707361045918814
1.4338398909583483
12.43925748128987
-0.06422445420842526
-0.5353745798365821
-0.5212900043123132
-0.11978769224969699
-0.5371101221111247
-0.5350568550164089
-0.0346232621334156
-0.5327820931007616
-0.5277126366534941
-0.06985086377551986
12.353128351576649
0.4529554957592157
2.301368543913366
2.274471087065922
-0.5704632950723497
2.2146164044330763
-0.11346010698563247
2.326952925817849
12.367511569896717
-0.5198748578294414
0.816332331916777
1.4278443098431794
-0.48977724944749723
12.40926820867362
-0.566507740463092
-0.5054074109470809
1.4085047657033796
0.45705180684696467
-0.567371892862305
2.3080890612437646
-0.1232551601850238
-0.097262420199555
-0.5392865980150761
12.400854166396124
12.381118705548676
-0.5307530388716597
-0.5000424201805327
0.8689716155369878
-0.4989030534856871
0.53156955836102
-0.09400530280642805
-0.5643480021809854
-0.543289799929126
0.8776625384113459
-0.5244318212152795
0.4429349010682406
-0.5572012083041908
12.395033398275
-0.5057417123351038
-0.11017144559731895
-0.0917992312766821
12.38299890676943
-0.5737887429285209
2.146207274618796
-0.49833416298442224
0.4840277854750563
-0.5411580962117953
12.428644515921011
-0.527283420679963
2.3331833817913337
1.3906938345078559
-0.49829044240708553
-0.5297051369358338
1.4129678822456098
2.108986081128704
2.293632614398235
0.43556740543151085
2.337313520635479
-0.5382837769522142
-0.5332228332698791
-0.10063378821948732
2.1156876817220818
-0.527278835724752
0.770446043883813
12.343314425284529
0.4157513021461545
-0.5587856913271474
-0.5282160862237562
-0.5290891399291091
12.361746879764981
-0.5396806258030936
-0.10084804864755781
12.353092639570306
-0.5217177237410151
12.415691693979044
12.449078033119276
-0.5636254779707721
-0.09289098694405196
0.4688686685643637
-0.5375399948940758
-0.11633918328255555
-0.5553123058493586
-0.5334613172727043
0.4754851105757414
12.42198735582179
0.4058085101684594
-0.07414999673202283
-0.5370155967790272
-0.5697474111354672
-0.13033186449234768
0.5180336040191755
-0.05150494601859068
-0.546266408149688
0.8343523143464731
-0.539762853356535
-0.05625586954339634
-0.08437868007499216
-0.5181974075747042
-0.522308053277941
-0.4983638788775102
-0.5354281932362505
2.3498151188413394
-0.06429454116464361
-0.5363173392591702
2.394350874315557
12.437317329408831
0.4969941885913085
2.367058894057556
0.43282755002800544
-0.09268824683361565
-0.5324577937379182
0.39896675733917886
12.364632696836441
12.482074859823957
12.371352288794778
2.3676811799920827
0.48701331366041556
-0.09082782509330689
-0.5392198021649308
2.364328366832449
-0.5673609866904169
-0.04853309904666492
-0.5410413489098942
0.820234095472269
0.8298710363904879
12.400759114534921
-0.5342567192296671
0.8416598435102116
-0.036421089156860265
-0.5287298296961864
-0.5256979183459745
-0.5624032644209249
2.3140726202099278
-0.5035047604498551
-0.5315472020080784
-0.08353910965971612
-0.45477846223195073
2.372582238656778
-0.078932714351856
-0.587186366684271
-0.05948006343411638
-0.5240102764367027
-0.5136789007226867
-0.5823877976927211
-0.5378333191784247
-0.16068946934040162
-0.13671836633350365
12.43520258097293
-0.0891027715095617
-0.5407762252623454
-0.06838996439033918
-0.4966734053707925
-0.503949925535512
-0.09338251897740324
-0.0773335256294484
0.4743300854808097
2.155689301469068
2.296587017684
0.43168681976689594
12.445985541870677
0.8790969190245798
12.408478779465067
-0.522535657714299
0.474811742242905
2.3456035430798963
-0.5508918036393444
0.8468403013634499
2.3550297305673267
-0.12074880525156784
12.371991477111584
12.379470831665996
-0.46138150303122094
-0.5572567577490233
-0.0899163163446628
-0.5358916374285376
-0.5296159620781933
0.82482654227175
-0.06306202515235082
12.426303980015572
-0.4900244645275039
0.46697335436763465
-0.07594098264294302
-0.11230772542892009
0.4470687370885722
0.4977550684910097
-0.13077734386912065
-0.07900999985439461
0.4507474230727979
-0.5673376585695511
1.4686323928392953
12.459080474643589
-0.4696671983246723
-0.539300888620144
0.4290911051908102
-0.5881142119146918
12.430325547119075
-0.5605658593656269
-0.5363913757777695
-0.118841265315344
-0.5665825552886957
12.3797350563185
2.388971691593346
0.48431247626704765
2.4245191598921982
12.40757957958279
-0.10525135689542564
12.375490090865405
-0.5663071790735739
-0.05454480842612175
-0.5338543273189096
-0.5343532882242352
0.8485100818396195
-0.09655347886911914
0.47041323088979725
-0.5810251846148035
-0.09109777955257103
-0.5518407404070924
0.4303217412725706
-0.5359373760191425
-0.483208471514306
-0.03084299215380859
2.2896844787533737
0.8125935682543896
2.3407914667785414
-0.09465726657529783
-0.5264122349538366
-0.5443643599986253
-0.5381431047902028
-0.5261170319643456
0.8578997310002398
-0.10379618756087017
-0.47338041354024396
-0.5420986794766945
-0.059216815668233225
12.391833487554372
-0.5236734364674966
-0.5265965927563677
-0.046629127814745264
-0.5293422179985927
2.3002165716243135
-0.13663405731543188
12.435080896306166
1.5576640836111282
-0.11607552093025275
0.4628199926273395
2.3128991834376165
12.302134030593031
-0.5337671782869234
-0.48840822350931434
2.3211460849862546
-0.5293835015288142
-0.023222809892963547
1.9734606471590381
2.309899132069594
-0.540225759320218
-0.542551032872456
-0.5313891225623522
-0.49812429993772234
-0.5455520231471163
-0.57022689153298
-0.5678510608557324
1.8974685689811692
-0.5228343392924639
-0.07322907681023871
-0.5470172031025724
12.34181553540639
-0.5425384784726262
-0.07720879267175551
-0.5485452238827246
-0.05247897411956215
2.3000354086845745
-0.11574015916403024
-0.04917124024894104
-0.5362313303276984
-0.53056350984359
-0.5336868342004814
-0.5234728342367192
-0.056840219885947674
-0.5846136908892327
-0.05588516353302653
2.247672749058623
12.363053420248418
2.369109047239871
-0.08039299822264045
12.379050146456642
-0.5357008755266499
2.045944937749212
-0.09505554024379492
12.384782658217405
-0.07954072863257355
-0.5318717926982679
-0.5205973640220936
-0.5366727975098858
0.7853976359956159
-0.09724171529021886
-0.522624778443527
0.41695180399622966
-0.5669765294151907
-0.08890136778807822
-0.554977530148096
-0.5241137174069934
12.382361141932972
12.414033701923248
12.409080998960285
-0.5681339632128304
-0.08479454152204158
12.3758544506151
12.411663233453902
0.8696466195489478
-0.5435465477114167
2.3370702982189977
2.2538483989770794
-0.06048654768474837
-0.5668547131684456
0.4483744018191762
-0.5110079170297277
-0.05309060477144478
12.396041831216685
-0.10326467176126009
-0.5226568773485817
-0.5712918155277253
2.2605021550631137
-0.0940601263751274
-0.49863342588531323
-0.5012936969232802
-0.5320493903229484
-0.07780720438749944
0.4452305084036512
-0.5383833677983396
-0.08208543329970841
0.8329162802994475
-0.09914692155378668
-0.05275139046308541
1.4467450713093946
-0.521958001966911
2.202761725809601
-0.084286529752162
12.344037094711247
-0.5345173789604527
-0.5274973363322475
0.4200479279944087
-0.5435130985606307
12.389149732719194
0.8831348886135881
0.8195025036979072
-0.5202816587373691
12.457745273981352
-0.5017951882430163
-0.49277546105794257
-0.11609527724003987
-0.526143700548559
-0.5038925562659242
-0.5436907442129151
-0.5211240255045002
12.421124530966022
2.3691569128517163
12.375160842542957
-0.5803133382222689
0.45882393432265944
0.4436874315277932
0.8245457002843941
-0.5259458142152564
2.3914506396494257
-0.5371359582557425
-0.5712046671527584
-0.5345348412610591
0.48958911727254306
0.4150265957168682
2.3588690104000807
-0.5325001816863317
12.407294321535122
0.4810773296160813
2.0941140806049696
2.22887722990185
-0.5256054146487467
0.84350131262038
-0.5005702358922095
-0.579433666414052
-0.515571993096538
0.7771247290645127
2.0269105784979584
12.371816795928531
0.8415290618296549
0.8224274677237673
-0.5362541936735639
2.3274271268891593
2.411070760299534
-0.5229661138352057
-0.08515196758681198
-0.5204457769466746
0.4838388782649763
0.3920015798615222
-0.5185849158322584
0.8192087784727685
-0.08472495765932042
-0.5682519518575326
-0.06468469042023517
1.3443954366132105
-0.5698701152964241
-0.5101044631478294
-0.5697901749385303
-0.08860363546499406
-0.534410934806864
12.332317451335097
-0.5252375160459946
0.8854022319685398
-0.5496872435132123
-0.5345452175270826
0.46927565477462374
-0.4866332051867285
-0.5358774796574413
0.430992341409453
-0.5671037427830247
-0.5230808084151565
-0.08602805000063851
-0.5292482830673446
-0.06622591219071661
-0.06329425691991952
0.41852237944926474
-0.5341867710739937
0.4223743164304772
-0.521755255364033
-0.08177494176463318
-0.5219841868518464
-0.09088517226026782
-0.5285985334939473
2.0779829309163262
-0.5323629617049468
-0.047704061586712254
0.4518173625677251
0.8295018228777892
-0.5221164485161264
-0.5339609951215416
0.8847992945125007
-0.11416345066801292
-0.12598322425015762
-0.5423178833273716
2.3785971327480997
-0.5261225524150324
-0.009286255759085371
-0.5663433981136781
1.468059940942398
12.459425228365669
-0.5544749454816145
12.356212375245438
-0.5704843541462669
0.47718758914428405
12.389688684706456
-0.09693409017340648
12.311809036334132
0.43622194100598355
0.41926623384434625
-0.0555047231649467
-0.5267579469773016
-0.08580017328694944
-0.5373856707376498
-0.5799917239504812
-0.5310318613662203
0.4394761370899758
-0.5258749221008061
0.8171395908800332
0.8857556098031811
2.389595370982313
-0.5227244703826609
-0.11187469998675781
-0.04763130122411907
-0.5314192648980441
1.406949535945687
-0.5820214051135033
12.456256806733078
-0.518792239058733
-0.07623191333932378
0.45942546244470983
2.322757593027523
-0.5313246388520159
-0.032619359249603574
-0.5388878362882761
12.34734158506227
-0.09353692132358682
0.43808900611984525
2.3444993038484325
12.348482158054559
-0.5213607646851824
-0.507622508231013
0.4296360465972242
-0.5280910373416203
-0.5617185274179035
-0.5190309289050403
-0.48952747213639836
0.42715222292356336
12.402954359404296
-0.5039956344626346
0.8282739063758545
12.373124492873096
12.397244987597682
12.459165502227684
-0.5440060928369328
-0.12732658728374646
12.405761958990439
0.47019343935437363
-0.0842829485707619
-0.06336531133442747
-0.5829910993604444
-0.5302712803096576
-0.4985014853938735
-0.5213252183833758
-0.04625184617078004
0.8591300771195982
12.459017614043024
-0.5398202756120167
-0.5348318375915021
0.48937016147109613
1.3846724810610767
-0.5289960945412524
12.354541209533119
-0.04561857149318216
0.8423165913914208
-0.5687186113662793
2.2731694763700934
-0.4827386956093984
-0.5255024449623775
-0.2039746585341765
-0.5222399137257134
0.38190118583792465
-0.5113960132765436
-0.52853448860263
-0.5346791072350656
0.7947912432254569
0.4218529181506774
-0.5199263216599743
-0.08179160627111581
12.316408421454547
2.321996581872781
1.4398732657411573
-0.05211193809281389
2.341419979434815
-0.5354138472879915
-0.4982041545825797
0.4703486905022918
12.348800469788426
-0.5373264089930025
0.8063873893603946
0.8515106636868566
12.321156780698882
2.311767679443375
2.155007177787514
0.8168172590520486
12.38757866276941
0.4551179681862032
-0.5742204195569599
-0.54245414247559
-0.08255872330755265
-0.1031899865371646
-0.05562183749147476
0.38712377505509576
0.4757257441298557
12.406774991050769
12.414336096101906
-0.06103860638191794
1.7904928052311477
-0.5277173552207973
0.46734109268108104
-0.5713159343736245
-0.5069930291826127
12.376552310365975
-0.10463009661209
-0.07951527551824966
-0.5260048221405427
-0.5125093609096543
-0.07274668740778756
-0.534234079726901
-0.5615284323944316
-0.08697627032569832
-0.064618334061887
-0.5231660731410437
-0.5223156318907678
-0.5629891928614097
-0.5422066818658462
0.4343189906019582
1.419236041246744
-0.5660112205106742
-0.052828185248342874
-0.5384582480023906
-0.501307945383263
12.38484123665355
-0.5267663160189614
-0.5274625401417721
-0.5199003914953566
0.7805426890971896
12.339002661348758
-0.50693241891556
-0.5408565190897466
-0.09162476195037517
-0.5408376768464592
2.382930573915374
-0.5336167324958642
1.4051819318916303
-0.09644763974630766
0.42781258982564085
-0.5289996457371948
-0.5250942993005556
-0.5723308804380838
-0.5343279792826252
-0.051153490909775945
-0.5323942371793455
-0.5276842761632927
-0.5381083469788586
-0.5274368742398878
-0.5268846415560692
-0.09873520800957236
-0.0865379921718934
-0.5425387845504908
-0.5270577547364032
-0.5346042280739223
-0.1200321354239734
-0.5293018004389385
-0.5703091644990104
-0.07521692878639641
0.8206761173810693
-0.525054419127401
-0.5370320086587591
-0.5200010193605484
-0.4760893364648704
-0.5345725302755897
2.128462311950893
-0.5258439796053473
12.443710495358628
2.3487559838678496
12.346039900808998
-0.06674649037920821
0.44168153448151903
-0.5296323850424762
12.40228383642556
-0.5264967703074114
-0.45911344771525064
-0.08640097393153834
1.421628528498662
-0.47957840171736654
-0.125833911868665
-0.513894917998297
-0.5302630196170485
0.43869590702153616
-0.5387278836259067
-0.5707444008405347
0.46988783384605526
-0.06055926363798658
-0.5292060758911277
-0.08611372403519912
2.079535499935381
0.8140722239232804
-0.5388331118936042
-0.5265575491220262
12.449795257884567
-0.08938851771565515
2.288012777192979
2.2428289414395
-0.0831902392535473
2.140975667356293
-0.08036039083648738
-0.5400529952457952
-0.48926071499067714
-0.11911446248412427
-0.521690601195504
-0.5231767439618284
-0.5371445792864471
2.3522061856926015
0.8533480337624778
-0.5658685960611223
-0.5245879576451614
0.8243445124154529
0.45381165946821334
-0.5675767589663807
0.8307229379269444
-0.09821733130174648
-0.07068424497804948
-0.5318582370231323
12.364284724591215
0.46854798224164607
-0.057640551123806394
2.324638525898902
-0.04262466013351818
1.4558408563781897
-0.5170843186242231
2.3754431257240354
-0.5744426431566272
-0.10935362491881362
1.9275847549668328
2.291175526624818
-0.048998774826855884
-0.08542825999173531
0.8327746987562056
-0.5171038298077039
-0.5360650929238027
12.402868617597214
12.389658924895699
-0.49664674302224276
-0.4967827843451238
0.8316169991232878
-0.07228818977958151
0.4323399613153984
0.7968446848735921
-0.5230017373706772
-0.526365541571995
-0.5617116624822643
-0.048209392771722315
0.43466295620381223
0.42954261536315896
-0.06988610704264775
12.440397170387639
0.5066150192724519
-0.5040095727029279
-0.5292766129600835
-0.5689977675169814
0.46049391510918847
12.450238962954483
-0.06326571666369385
0.42692930708659516
-0.10003161971697905
-0.5679824180355599
-0.08213807502980885
-0.5832986264805733
-0.5043332386166425
-0.5330004942821454
0.42962534979213274
-0.07490979102753625
0.8668762040459491
0.8505531672757827
-0.5331793124366012
2.300377240055267
2.3198640937938233
2.292129523858524
12.429545640161937
0.429887899431856
-0.5416011696257025
1.4018358004687357
12.424113225410151
12.415263902204167
-0.5244647788729706
-0.5013903370685414
-0.570574301400061
12.380533768294132
12.442711840176226
2.3066808688784235
-0.09545075556919724
-0.05269130217826501
-0.5732412705824748
-0.05923225354766115
-0.5351711434945032
0.8130674840762363
-0.5372022954987274
2.18908082178474
0.8046212604798316
0.43300853902323233
12.352729822877851
-0.05125541520867616
-0.5080309157953176
12.4497909126111
0.4241513818484639
12.353986102283404
-0.5574176055909377
-0.5503975237665978
12.433046978830127
0.8902307576964815
-0.536613764315879
-0.48159327940561614
0.4367721721755402
0.4571755820522232
12.35419618577011
-0.5249428287473148
-0.5648491002383697
-0.5761462866449367
12.379828876436004
-0.11212344984956402
-0.08533439806165866
-0.5460585603430972
-0.5376628140786301
-0.06080461210219956
-0.0496230053730875
-0.5518191023037945
0.4237125917399187
-0.5265401413645471
-0.05280568953452258
0.43892353605529477
0.853812234870274
-0.0466168031003118
-0.5660654930623992
1.4441531941354988
-0.5369843450522676
-0.5428774610715006
2.312253388063471
-0.5494960495413922
0.4431299902183157
0.466703738710196
12.361191374941292
12.341403296576742
-0.07039419407056746
-0.5649186425604897
-0.5364385194130847
-0.520507609960293
0.45785850055850763
0.4082991545656196
2.2810259651067684
-0.5283436348390155
-0.5333167968021493
-0.5263151797033374
-0.0931662740147925
-0.06108851002637883
2.312028104834482
2.322704885004157
12.455010168704428
-0.5364470384085489
0.44178303654703455
-0.5014820658910446
-0.0736766787449441
1.955795437545509
0.39708029962853764
0.4180721416308182
-0.5422779602111738
-0.5513117378382948
-0.5210194305904768
12.432384380485388
-0.08862250761769908
0.47106634713717344
-0.5377852912272122
-0.5328592460193023
-0.581988378170611
-0.5344926059137528
-0.5370617671058795
-0.5389225669556101
-0.5235724564134377
12.317621809385562
-0.5348922499832601
-0.5366870836720363
1.4612484995716442
-0.5833279937123681
-0.5471983551399093
-0.5319602202558635
-0.11166267641219585
2.352061457990597
-0.5331218903128939
0.4130028285951668
12.344564636590432
12.381483204066413
2.2555162864407667
2.2656250567173495
-0.5196510563488713
-0.5434282004451634
-0.5367335951073748
-0.5801057073792595
0.4251104737426681
2.2007643094436355
12.381578847556474
-0.5668581586634254
-0.5454512731327505
2.2790812640571754
-0.5342583397126874
2.360318222730373
12.423074998835897
-0.13261248136139225
12.41040984956204
-0.5726632598112833
12.364474752422048
-0.08221265362655983
0.4591812890559006
12.400694992549775
-0.08890501262536132
2.2538744936959856
-0.04796663175579874
0.43868452786435563
2.1677486315801198
0.4407502317201708
-0.5710674942614442
0.435873610570382
0.49223774853140667
-0.5328326075401987
0.4237358333443728
-0.09677806598301741
-0.47756098769568456
-0.10236214341336836
-0.5681925431743402
-0.5268146989175875
-0.5677069421633203
-0.5576366044628245
-0.043383202718862646
12.40873147605544
-0.5663636805533965
0.4419055027403731
-0.5674994564882585
-0.5834691064748324
12.35713033116301
2.29567817435544
-0.04266151720896538
0.48192306221032344
-0.05232104753940248
-0.5133837025518884
-0.05593099823416159
-0.07888018925004936
-0.5361415561405527
-0.5487211928164974
-0.5872178586091262
0.39793334388484025
0.42962992575288617
-0.5200156745154074
-0.5391176445583562
-0.5725067647734686
-0.5258910961591525
-0.538181195168673
0.3889574539787579
0.37614247169731696
12.449038791132676
-0.5157248955668845
0.4789473877108714
-0.5337328542514126
-0.5834693409642171
-0.5285632828987248
0.4668538322452085
-0.09840249025035253
0.8589178550925206
0.4175341572192768
-0.5537193900534954
0.8320458208223289
12.352310796619731
-0.5680438577961617
0.8810109853906148
-0.5055895815969391
-0.5490865361784903
-0.5789164543383049
-0.5011743007037583
0.8521448741033573
-0.5209633172249366
0.47286055020268125
-0.5229772345246645
-0.5535696486187643
0.8477379928861875
-0.5199217679905169
-0.037907189081518466
0.44794254940181166
12.381601153702714
12.409277583595719
-0.5651291270557901
12.40142286617868
0.428248328535872
-0.5275843500212902
-0.5329880787808214
-0.5370922020088831
-0.09613999250437588
-0.5242935484284972
0.7937214325347564
-0.5728533744295099
-0.5041814509349437
-0.5237177952709299
-0.10628175632643089
2.3731465195137513
-0.49017504258945466
2.261494125193536
-0.5219443308178437
-0.5330718073669843
0.41993506892757715
-0.5215655713450118
-0.5241082840765239
-0.5293440463313008
-0.5069560667894717
-0.5147906001979685
0.44586804831521265
-0.5523747597823823
2.2637367633308845
-0.5690462416976466
-0.5415525079697667
-0.5212492623265013
-0.5676709842398566
2.304629460216836
-0.49987060733263333
-0.5334534969939654
12.389068164144707
0.48636924019960603
-0.5655538266326993
-0.5454685579516462
12.349280845547598
-0.07268906900565653
2.3314147778273164
-0.09165318091433838
-0.09538891254024617
-0.566918109695995
-0.5410698491619581
-0.09438304394833552
-0.5328478269974612
-0.5740741169220396
1.4546445905970264
2.2679521455437177
-0.09468071700382219
-0.5449775775730972
0.8264963931243967
0.42581163321784943
-0.5302327657147701
-0.5684696182827889
-0.49809831720316045
0.8310606091986806
-0.5298371143160733
-0.5307297727521129
12.419863956523386
0.47055450114095665
-0.4911496777566947
2.2039592674530053
-0.5275690161578245
-0.538802114398881
0.4518240964012785
-0.5375174124834736
-0.5257656115443464
-0.5705549423220212
-0.037036066703178716
-0.08870908880805073
-0.12269738886358383
12.475779717746834
12.366475977489317
12.39783184754061
0.4074566309952654
-0.09604742529528021
12.421290915027981
12.38011548972861
0.4017597222291711
-0.07998959619594548
-0.5681960849948215
-0.5440101152404648
-0.5823225439218962
-0.09335859781751721
0.4312537871780038
-0.4831474406168641
12.364630889719862
2.3039031855673566
0.4140096223188128
-0.5263357525247223
12.362879901870837
12.426753270537388
12.422943378798735
12.406237289534712
-0.5365323461485745
0.42614095004500196
2.4088101745472152
0.4517645777056549
12.441264277791877
-0.0569712937693605
2.1652738075171296
0.820467727764156
-0.5294540930083443
0.8598339335623498
0.8329649054985069
0.47103256923367187
12.332220316936432
-0.4714019010718852
0.43968637448245484
-0.5179676048736586
-0.4811225538402011
0.46346164898948095
2.3391594117078474
-0.5682753748924704
2.299949993589149
-0.0737012935302358
-0.5399267622463046
-0.5243454476212794
-0.5681352783664391
0.4242023266054995
0.3988344563823163
12.397297578290404
-0.5395807649587845
-0.5061259071962662
-0.0628642911168269
-0.5346925829647937
-0.06303130852385985
2.256081256984554
-0.5332001429117885
-0.5342106796085322
0.4493867381503014
-0.5434295390123097
-0.4979236262012223
-0.4887567527353147
0.814473759937951
-0.5332495264583361
-0.11426118732955493
-0.060871945529078486
2.2458747547014237
-0.0415469222856798
-0.5221818645000678
1.9193714706938727
-0.48585835874433814
-0.07893709069923893
12.346623790529865
-0.535324266995765
12.439693146995864
-0.4809544599210457
-0.04158800103412619
12.444402283410607
0.4214491595459826
0.8135626942390777
-0.10309878429287544
-0.5224719726056823
12.384320380416984
-0.5682131650084326
-0.49953041428026035
0.42643469083714214
2.3535949772820257
-0.534417679091532
-0.544820687674459
0.8458668890353216
-0.5369680368761944
0.41349405782705095
-0.5227118060368359
0.4284396858787811
-0.48389045147806997
-0.5358766258658723
-0.5664119451533453
-0.5724943924965945
-0.48199588602128973
12.382876918068325
0.44253792909806977
-0.04602087033587143
-0.5358046390318244
2.415102828990072
12.40715665831322
-0.042960160320717033
-0.49333382075720533
-0.5256996720347179
0.8765251407482845
12.397515188272715
-0.10314060122347801
-0.5250675391806134
12.448798298548477
-0.5346817834214717
-0.09452792225692042
-0.48023397270104473
0.41795876408396837
-0.5672031176684712
-0.050892172683068115
-0.5374626939368811
2.297800162861928
-0.09772196963172053
12.373393454535014
-0.5041280920954154
-0.023908122695492362
2.302516339686306
-0.511741792705303
-0.5067766026683416
-0.5355124606823605
-0.09444647224808811
0.8256861288568453
12.406471816444196
-0.08698230036232546
12.393474659310911
-0.538287238152514
-0.5376689590189359
-0.1024371288667254
-0.5538502908920102
0.8082943409665111
-0.5432261506620035
-0.5345491116353516
-0.13961592423424618
-0.5176513765480711
-0.5657677177902812
-0.5868131559370959
12.35137391780882
12.37539223218029
12.37731098422746
-0.5100971225350334
0.8111438936229249
-0.5326321994478499
-0.11519326727834833
0.8494953562548003
-0.05160443108432544
0.39064320788957274
-0.52446079513972
-0.5686995805064164
-0.539180542568753
-0.5570661802374
-0.5187575659703255
0.3627681717821043
12.422695015640754
12.41887801111458
12.418932839968525
-0.07535162037631593
0.4263779550728568
0.45854002579592956
12.418365118694515
-0.5276676139355556
-0.0951689176599243
0.4296522287124145
0.4639688924747316
2.3775182946967703
0.4436585837709417
-0.5323710189283948
12.37653319450071
-0.5682132638716005
-0.5668171986262319
12.399667820037807
-0.5324658196478765
12.435117080058525
-0.09070118173083308
-0.5542690899072892
-0.5346180653211214
-0.09276055367208014
-0.1135812431974298
2.1962116385187183
-0.535088611028709
12.388846034787592
-0.5364087952709842
0.43679730122869165
0.38470213676650267
-0.5476160542988155
12.424621919150294
0.4155814588871638
-0.48969634299587694
-0.525346418167235
2.3419510698444808
-0.539057964849461
-0.5401070134544497
-0.5770572413078451
-0.06809514829269447
0.45183973227257046
2.370455179986534
-0.5626503791598807
0.8527404840439234
-0.1431956270254534
2.3412814902481993
-0.07821165189649248
2.322054154488531
0.4054487702976268
-0.09560239110886637
-0.5796695472744369
0.4350855702439238
12.349545677556995
-0.5339035183986176
-0.522233369395135
0.48853614298608794
0.43399679952085846
0.8112226063089312
-0.5367468869556252
2.2709268734729515
-0.5375449547969695
0.4295146706431505
-0.5364878567942621
12.366734774760506
-0.5714917877883916
-0.5560093511058082
-0.49606610255148476
-0.5743123265218983
12.380667102684027
-0.08509643076509521
-0.5330425544079687
-0.5343119087422754
0.42684118893983247
-0.48927208611609574
-0.07965671656661633
-0.5388211325653579
-0.5384740821626534
-0.08493301571607625
-0.10835766386214507
-0.5270477053764968
0.46356326906502887
12.412511272998849
-0.4977355246744456
-0.5251873215366418
2.2367912439006505
-0.534311576448024
0.4723048350611019
-0.5540849699955371
12.379631799855666
-0.49966666182465413
2.298295397952697
0.46851607694809627
-0.5341459155600465
-0.15374847056462848
-0.04246272607693968
-0.5028679839874686
-0.5749722993223909
0.4075132366933971
0.4604104785829808
-0.49535795890035095
-0.4881649607516729
-0.08317590945609032
-0.4852166839729881
0.8051687571008773
0.834598072839964
-0.5385846699166102
-0.4895788236375469
-0.5454995005423392
0.3990050874734563
-0.5438180522306291
2.1547879332452373
-0.07585966869870542
12.43718276966107
-0.12317099298781409
2.2194465427960925
-0.009369473808275908
0.43369911165963604
12.413294672580314
-0.08359911750717053
-0.4891124475855386
0.4275422990208737
12.431666649457489
-0.020055804420620715
-0.5058719611492842
-0.06778464071405832
0.44935598474291427
2.3319705062017646
-0.5433970615669439
0.42736198852569207
-0.5398707606920309
-0.5180369626243622
12.412013760644093
0.4630486891991725
0.42739925326852424
-0.08646720811980313
12.37497200634359
-0.5397233959033081
12.435343988947285
-0.5277524694823132
-0.08796168837829332
2.346422984361428
-0.5160667145559028
0.45348274814548284
-0.5686806001018575
-0.5159257486429294
-0.5249358064338442
-0.5799915550081529
2.309887225231605
-0.5236365002893837
2.37955111543341
-0.5421874944692116
-0.5701523064633871
12.419575663925746
-0.05477773693842902
-0.5345863554793782
-0.5055925830612582
1.4519408663553717
-0.10229013089301775
-0.5750711333099958
-0.5329271197798574
-0.5768435446779492
-0.5320753686293476
-0.5397653631021321
-0.058565256700256474
2.328337070850317
-0.5710129103858115
-0.5388407877594569
-0.08429220984440777
-0.5378219076115318
12.367523805429087
-0.4821490842239228
2.3444699735676737
0.4710597620214987
-0.5315798010842977
2.340778376851832
-0.11237818322230109
0.42897963511477855
-0.03958220940941637
12.395492751084566
-0.09583660222768964
-0.5395508844729158
-0.5467926701013842
12.403051100287435
-0.1098994461249112
0.41617114533437327
12.382772422672826
-0.5478858677888226
0.7201745100233972
-0.11951536805013874
12.359032173723614
0.45910754920586094
-0.4568239498689872
-0.1167558674789283
0.4352914648257338
2.358800961772523
12.450756683455356
-0.513682228713713
-0.5360726522940333
-0.5060723146748729
0.4260658761419307
12.364990464389711
12.382698128203053
-0.542505593530461
2.3428430654918313
-0.5844224437750551
-0.5385106635188199
-0.09926555969574735
-0.5677570725416778
0.43086413978451765
-0.536277464631613
1.4169924335029338
-0.08451070315728593
-0.5829036069413556
-0.05556519628993872
0.45013903471943184
0.8168542120464402
12.413149992833393
0.8164116679582433
12.335620748347353
-0.5376911750580039
-0.5331634333107029
-0.5271103667117679
-0.5295159373224021
-0.05671869386967321
0.8273322607943187
0.8907600166014654
0.7953561589832167
-0.09936677946832129
0.4695978292393814
-0.5420261203592149
0.4217998037511683
12.419196398165719
-0.5368497067438398
12.379973662170993
-0.1006196472857277
-0.49652936787992075
-0.5240975619230722
0.465285449123197
-0.03434392693028143
0.40492564773934947
2.264136389262164
-0.5073628467560967
2.3930522292387404
0.47124363734970953
-0.513034765228511
0.49890432142926255
-0.5856185793296569
-0.09629078639403055
-0.05837042474885623
-0.5860629409277505
12.37502965026248
-0.5391117379778709
0.47764491343897153
-0.5676396224769696
1.5842509557846858
-0.5208841039798471
0.46465542222455514
-0.5277818983419338
-0.08536049465339912
-0.5428204512501427
-0.5262744499193798
-0.5327278873296191
0.4908227128851619
-0.5297591088370202
-0.5333068373716436
-0.5723871913569532
0.4142181856562335
-0.5397043229897609
2.2646988304798277
2.3492260870108757
0.4746407189911226
-0.04377807849747806
12.422445377600775
0.45414159002128085
12.326008520938508
0.45861090245973
0.4279453974502898
12.417798155221739
12.412476331135759
-0.5697883275491673
0.4618098515853566
-0.08850971227621918
-0.5713639697861272
-0.5358331696912253
12.347822999495065
0.41627704781734853
-0.5368573779531702
-0.0793423195259223
12.362764384426765
-0.5339832730823815
-0.5152223337951325
-0.57219211971051
-0.12866197721074257
-0.5351948661413766
0.46358236510645323
0.48198005147006584
0.4740338439908929
-0.5839903970541964
-0.12310425492260091
0.43304777783791004
-0.5069398971070092
12.340745580588381
-0.5388788441199386
0.37378076275282535
-0.5454658099383227
2.325588829122607
-0.5511486276837689
0.44069627829870917
12.392322770227949
-0.575798680352392
0.46138969599641766
0.48421067489071024
0.41329882777612137
-0.5263167643919048
-0.06354709671488246
-0.5691712126100044
-0.4994303978738992
-0.5709492471993063
-0.5681730092294984
-0.5329423138258808
0.37773302704292444
-0.5664778097852707
12.417910470709415
12.391952411869157
-0.09000182733052053
2.298788552835111
0.4350314720697728
12.365738580103768
0.45536293157897156
1.455129685160503
12.35270490207685
-0.4808022771864954
12.395108868580866
1.4611557071216104
1.8240582933215979
-0.53537505645882
-0.5599671045581396
-0.5800211806977704
-0.5087087351268258
12.370486420802788
0.44731601232830154
-0.5387219994812039
-0.5282640801842675
0.4197235171068816
-0.5271504076173145
-0.5712303169694667
0.4359263490132923
-0.5583855271438367
-0.5248022440714135
-0.08943375856459368
2.0811127360024426
-0.5256476076809968
-0.06417345772377159
0.45350417693117673
0.44365085956639017
0.47921505989866975
0.4528838161669504
-0.5652413201941212
0.3845549852362309
-0.07030236099129095
0.8213697264936118
-0.5764901763958342
12.369766466165569
-0.49935472421156823
1.3830709375573564
12.35622723153336
0.42627559298531525
-0.5010871766392877
0.39640775833287334
-0.566824385706332
12.414868819888822
0.4955295801982451
1.3555885613308887
0.4253777272640389
-0.07177001641640746
-0.5336936387527882
0.4225654432176851
-0.512444533861994
0.4797730957903261
0.409998687664616
-0.044296962122881034
12.359162735846203
2.4288798746865883
0.4686574695698953
-0.5360881426511871
2.1625699175053827
-0.5300589465840024
1.3922067067897703
0.4183882521248323
-0.570055705464803
-0.5367228939081564
1.3311397388775688
0.41132109891945867
0.4536755881520329
-0.5737871950158624
-0.5791585423648258
0.4362080091843854
12.440036347828102
-0.5421199025355183
-0.5421884199662419
-0.10219047191531483
-0.11562739761784513
0.4194391778264219
-0.09209926830965742
2.34295408154838
0.4239698275664887
-0.5232265558066675
0.43418562355175205
-0.5353154396159205
-0.07746917585432178
-0.07940247276075307
-0.5197473944980389
-0.5679544171186042
-0.4932572017220612
12.302854383011487
0.4177210117119432
12.362192985116012
-0.04120342235021246
2.284752198951711
-0.48982305547110694
-0.0840845939431708
-0.521090527569352
-0.5344290888707178
-0.51927922435058
-0.5896119752202573
2.330533260178649
-0.5259810228937123
-0.12685024352619811
-0.5729154901444077
-0.5268085845538668
-0.5240350414936654
-0.04983568401335947
-0.5524614826883969
0.40372495581535905
-0.5751393509385956
-0.48718128113205794
-0.5374271480867606
1.3750026476549497
-0.5492691888302244
-0.10083195035524894
12.374088819981258
0.4368495404309862
-0.5367992344950647
2.1550379495231677
-0.4894900301414272
1.4575505716319677
-0.5412429122896346
12.354827412984482
-0.5403145207651725
-0.5252950052025149
2.2974096620007667
2.359289623223843
-0.5317919488118068
-0.5044711446738033
-0.5710246364346638
-0.5664274461957408
-0.1127521915632902
0.4238399807147202
0.4723581936575765
0.473298004275468
-0.032264870132750256
2.2787442097082473
-0.5188319736511573
-0.49165879925215783
0.4536999668597288
-0.5373829464193931
2.245924765802814
-0.5085538492039484
2.2591915356823287
12.406768641930734
12.477349037887924
-0.5324204610852374
-0.10901284311567816
0.42538895689272005
-0.5354947900523644
-0.533911235047929
0.44423081565201494
2.1938247730484397
12.346241451223499
-0.5285105786677652
0.41877680978645526
-0.5252041702488512
0.4378789488526069
-0.5226689729897509
0.828244707715248
0.45920764571886474
-0.0435809007651623
0.80311618823262
2.2304277604098535
-0.52333349417368
0.8534059099518444
2.3439283214914743
0.3644187456207304
-0.08301367774388824
-0.5323907365159233
-0.04868117650004011
0.5209570444754403
-0.5363396364596483
-0.5679319418596211
-0.5462488589116887
2.049188440744805
12.362036242113842
-0.5362196367408673
0.4400072263914805
-0.5235587132259646
12.383421514298622
-0.49969883569347806
-0.07340391114118394
-0.03478545616005935
-0.533976187410919
1.438012134921508
-0.10551685081055451
-0.5291439192422204
-0.5425016447439671
-0.5379095398035187
-0.11740931299391377
-0.10131003458374488
-0.5260485747789414
-0.568814248549872
0.4651997207810177
-0.07768605604757017
-0.5353124756729521
-0.5713156007343901
-0.5357864191680761
-0.5361981909277749
-0.5721607998627967
0.4630111761950244
-0.028418331145769637
-0.5299035860743668
0.8574028392126485
12.411472041455433
-0.5267443914980284
-0.08510927143959945
-0.5304893780498063
-0.5344851336556652
-0.5307741833877804
12.342912227781126
-0.534325680287373
0.4492506357912327
12.352469604572974
-0.5347871203599635
-0.47912888891400174
0.43056375738871955
-0.5327739867273931
0.4816507971809425
-0.49515262536187077
12.404072384768241
-0.5231180017665249
0.4058487148285186
-0.522857220015332
-0.5643232521859234
-0.4927150485031373
-0.538988584186846
-0.5384964391089515
0.4053237428867811
-0.5685463934371924
-0.5683273486727842
-0.07649307992364607
0.3938566584375025
-0.5376195237706693
12.419332083200363
-0.5225472969964973
2.242256675428072
-0.541882272806927
-0.5409218157616711
-0.5266167212892245
0.37612342102617013
-0.5418910194231743
-0.5361598613369908
-0.5238047701074695
12.416675503928522
-0.5148393784578658
-0.532598774867985
-0.5724104300954589
12.434958478131541
-0.5472569043465279
-0.5499071435427632
0.40638990174534695
-0.5293139930178136
1.4620620753926625
-0.537241514196368
-0.5252872777157432
0.8061488414196123
0.4744876886033256
-0.0936541918910242
-0.5545834252755801
-0.5370959699907868
-0.06464854993879621
-0.48151541444439605
-0.5728799429764906
0.46125483871529993
12.391621413919403
-0.12095892887246062
0.45682187601191204
-0.5307759090446162
0.504039967396031
1.7533524974613421
-0.5376048170948602
0.8342554744844047
-0.04854188110087154
-0.5357724660645271
2.2157146445981346
12.42302520729461
0.44943131449372964
2.334000528704629
-0.5716534069143947
1.434686722272786
-0.4817298124206336
-0.49855848582316553
-0.5364914891445421
1.4172693389020352
0.4561000839912428
-0.5366942588090439
0.4265581817133772
2.2403512897574274
-0.5649016550405794
0.47709803350285007
-0.5406983019695976
-0.5162861904570051
-0.5695147419489345
-0.5728837758801902
0.8185254923518411
-0.5254576971935536
2.3832584072680225
-0.5737947268842458
-0.06389054425493279
0.4349693408022577
-0.0888038555815891
0.42710665862468966
-0.546738435619486
-0.48954032656412305
12.352127145857315
0.8086503146665516
-0.5299088195534648
0.45067527797667206
0.4703632192621674
-0.4994688255690929
-0.4995174443984731
0.44663931925186473
-0.12208064052865097
12.370246530549155
-0.5354931795912542
0.4960725878292964
-0.5617638432774573
-0.5352280030109828
-0.12767210552276265
2.302069405471317
-0.07288689287858574
0.47489908220648513
-0.5514062100409174
12.42374989062018
1.983992816416558
-0.5314306177394386
-0.49818290209938054
-0.5181224550435539
-0.5419117043334485
-0.5230651633476497
12.406274239254138
2.313643259342678
12.35939252879515
2.3189886395642074
2.3675265461506507
-0.4961004952674488
-0.037526752377292194
0.4215278117116801
-0.5726251517437383
2.278342136753559
-0.5247554424111486
2.307698618817665
2.343575855872166
12.449910191908215
2.2739984904495656
-0.5198688589367286
0.452883063885533
-0.5019786223317835
12.463416741402222
-0.5046134468819969
-0.0914061270173897
-0.06693623302104668
-0.5670847277713258
-0.08311337884094194
-0.5739658648799897
-0.5333567111948092
-0.5248033077005143
-0.5345497732688995
-0.5264319259485877
12.384178088109191
-0.4802753725732284
2.358340141360985
0.4198811242027405
-0.07843674612734441
0.8198394196042997
-0.061998279539648427
-0.5390881046699194
-0.5336858920325587
0.44300466271791983
-0.5275327348501133
-0.09969038995963786
-0.49727618206654833
0.4407814159168759
-0.5352156918712194
-0.5106199074000292
2.3954402386151616
-0.5710613348212206
-0.5247361037371985
-0.5743873136069269
-0.5376713745703907
2.2671199336932744
-0.4864993442405754
-0.5248071771250452
-0.5150926309708324
12.366721661534745
-0.5261702746528822
-0.11233627496983611
0.4031639283604309
12.371127990992056
-0.0889879734484379
12.369722411885004
-0.08618869628325232
0.419383161344963
-0.5725476885570541
-0.5275608462460466
-0.5328799982795102
2.3237305182264234
0.39086986526566414
-0.5276224918822263
-0.5854492847184616
0.5251601978573255
12.353248523064256
-0.5398089982927993
12.467192278472579
-0.5417784820185625
-0.5318073169946885
-0.4991392329119312
-0.5351227303719832
0.45172311954821764
12.358033050483751
-0.06477610013663992
-0.5710775684002236
2.2735880024341495
-0.5269873358504173
-0.5622644139739599
-0.5762762418883736
-0.07295855229204518
-0.5408867808323141
-0.12495888836503555
-0.5256835767093666
2.1775838405303736
-0.5664748685070529
12.32338797127885
-0.5590119831560334
2.206632285989992
12.312546541425965
-0.4634636530680566
12.321788453489987
-0.4659783611297643
12.405220670667733
0.4319998142780632
0.5150210514033637
-0.5280818921754331
-0.08079770970945166
-0.049589853898070246
-0.49482425411601616
12.398714223340594
-0.07356529290200453
12.405813796282278
-0.15754246239605485
-0.5429239459791213
2.21521767026757
0.4748026514910306
2.22804962469607
0.8436790566607966
-0.5190515384791234
-0.5448265021140221
-0.5234962982798164
12.383319555524189
-0.5645821100461258
-0.561594704802253
12.412277266212264
-0.5335300594365823
-0.4802670783367441
0.4103054767054788
0.8413395366660079
-0.543166906701703
-0.5447946026014144
12.331133706990213
-0.5383289888434308
-0.5128918328087659
1.3324672253815848
-0.5331395501969769
-0.5394797189062278
-0.5661370443746196
-0.49349521533039475
-0.5583534903251097
-0.5331662582329428
-0.08965058406258186
0.4234023703087588
-0.574720767362269
12.35547142173288
-0.5671357477311834
-0.5210805040013373
-0.05059633175479594
-0.1728634655911514
-0.5350953891732511
-0.0931335930479793
0.4282604323429664
1.4363478863222112
-0.5459273359054315
-0.5383033791020608
-0.5789664119753685
0.4443948725289628
-0.5178090054888346
-0.5185638209360086
-0.5402093054140675
2.224640917123157
-0.5357201389956368
2.2771504029225755
1.4639599004467088
-0.09496923729777351
-0.5644601526826538
0.4555578976751615
-0.5268924885924946
-0.03032337014390518
-0.5359809533424287
-0.030108697635944814
0.4240328805592375
2.2430443277996037
0.4305983616890803
-0.4862715295227291
-0.5693161922897328
12.347633145361371
-0.5159077970635711
-0.535952008277436
-0.5276875966595438
0.4142539931513145
-0.5037055500480028
-0.5520994234806524
0.4064892681437786
0.4348261465378134
-0.03223733382810401
0.4330163491965193
0.4367189733039498
-0.5242015740538692
0.4551238178062711
-0.5263567068220156
-0.5280505265559584
-0.5390477638597528
-0.5235388590539506
0.4220159502038867
-0.5363829267052158
-0.5687692233788425
-0.5705525265415318
2.244110519034658
0.5047295795256379
1.9041792824839132
-0.5336799973599068
12.396067932801834
2.3181817464438947
-0.5287260436454901
-0.530480675045129
-0.4969858383757586
-0.5378576258053294
-0.10801368412652901
-0.495836176099163
-0.49559799841053476
-0.05741597921374031
-0.06747539170141847
12.393961006280048
-0.11995942524889702
-0.5240223126495764
-0.5077626183085693
0.46330856880134186
12.292583507620154
0.4286364948644472
-0.5734384008695343
-0.12418405100915741
1.4131086519661884
-0.5731918084369149
-0.5439026226770874
12.412979122687828
-0.5463125650405936
0.45101783844891163
-0.5342176907781053
0.4330036962245092
-0.4967013380975962
-0.05498372127007978
2.1852657116875585
1.9298114655452914
2.320991806576901
-0.5141511803812683
2.2933645229067077
-0.05950898694997331
12.425137964791404
0.41911704241974235
0.8504854062645439
-0.5377645743547095
0.43360003456875096
-0.5333224217995728
-0.5646079541673722
1.9899986360716826
-0.5225722403776388
0.4182486412425481
0.37447827664378397
-0.567918122670303
0.4540056511481685
-0.5265835514654765
-0.5310368958438201
2.3366382954305673
-0.5597739650318102
0.47858986734801623
-0.5754087172211467
0.39076894491368064
-0.528843888748553
-0.5269143636168729
-0.49597340146533764
0.5025830792776196
-0.5738650492993926
0.4662994274824326
-0.5298379854049031
-0.5260355080713084
0.43250490525399843
-0.5697806374563554
-0.5328680663164438
-0.5710462533719145
-0.5686523755681321
0.8278785877948625
-0.0931427736565541
-0.5361181405987893
2.2626352400847614
0.47790480429543347
-0.4837381324201948
-0.5552827005789113
-0.5721300939683001
-0.5827654461772063
-0.5287040049400695
-0.521484656682756
-0.5097730405648048
2.2025226159339364
-0.038531484820966244
-0.5390818413493823
12.37802224880955
-0.0904829489882657
-0.5731227912798584
-0.04056262022222401
-0.12509791331678244
12.390139465392252
2.26710570358777
-0.5237708732779618
-0.019692457656971585
0.453903830554669
2.3042249454049593
-0.5222518654907695
-0.5358621134994288
-0.056596494909089134
-0.5205837073310371
-0.5274349617788736
0.4328763217071705
-0.5270285116070152
-0.49179588033371446
12.409129490989866
12.3594923959207
-0.535792771346264
0.4666372698358279
0.4574616895270869
0.8261133373954386
2.2104114361509115
2.2986688899755805
0.4239039044231505
-0.5283230673951502
-0.5390719873800052
-0.5352447733151448
-0.5157251353537002
-0.533092594693598
-0.5261239293906397
2.176478318316105
0.47301698718262375
-0.5423134358053658
0.4398217320401907
-0.5377503168856497
-0.09411942893951397
2.2229401578370758
-0.5219545050093477
-0.046456938256327684
2.303797156142431
-0.534408396101075
-0.57805411635279
-0.49225373187546373
-0.5306835700763657
-0.12927107975685226
0.421384160792011
-0.512636053967743
-0.5028147118842577
-0.5658415806127731
12.428043069706039
0.45702381602886244
-0.5854977488675865
-0.5157579108842179
-0.5666204152826768
-0.5233892533447346
-0.06886727454233543
12.443092677337862
-0.08135435803928959
-0.05491265473650697
-0.49662311906209
-0.5016910518297462
-0.5383655337400108
-0.5379214599445048
12.447823573015407
0.8109413252143415
-0.10762975190008295
-0.07606113666123226
-0.15382809986354884
0.47202815802191767
-0.061991888466932266
2.2658899224107047
2.2416054717231915
0.8737935663768291
-0.042387949821453885
-0.5463533442100479
-0.08306701871519018
-0.5676791623592429
12.361382190513702
-0.5735150816789372
12.378699884319863
-0.03445343473835716
0.43684516993601563
0.8579102050907612
-0.5363148891551668
-0.5654589332816513
-0.5819519600795453
12.40098549101611
-0.5384146353259349
-0.06495765212618987
-0.5317324841590747
0.5129558009160358
-0.5415628220332395
-0.57067765841849
0.41585158669938416
-0.0405602751337818
-0.531979025301719
-0.48476357726921604
-0.5413090567556523
2.2626887734725707
12.459534571988774
-0.02229431996460063
-0.10116282321007242
-0.08019015305813226
-0.08496268587513434
-0.5331850851053602
-0.5013391381171972
-0.4879454535542487
-0.0731225345583495
-0.49970874497192885
-0.5376832044353815
-0.09868976634268745
-0.5747097540110357
-0.06354952969495464
-0.5598785470647805
-0.5237500951787273
-0.4825194102103596
-0.5372126575500613
-0.1010819317233651
2.2870285928275704
-0.07758751956116139
-0.5383356462556641
-0.10998524238470908
12.332748323972446
-0.5826782119881195
-0.0688339892534593
-0.5330795364583902
0.7915402891414864
0.8245361901789151
-0.5389156798018054
-0.06269504708487028
2.2481293280264185
12.357552726514086
-0.5762583552824172
-0.5284668366446951
-0.4913371917138809
-0.5345143069942414
0.4398151755072859
-0.5380291469371735
-0.532878302094527
2.3737930091881876
-0.086371132150029
-0.5677094033505157
0.4290857097221854
-0.08444212299991516
12.421117261831046
-0.5247668456112167
0.8468521271834188
0.36065398610174415
-0.5321296883455542
-0.5251979006343592
-0.5378214201887552
12.351388294487357
-0.49774221205917557
-0.5214291375930443
-0.12475882395263393
-0.5230031060596133
-0.4800788242090186
2.3275109853599254
-0.5549173100019446
-0.5044717719131055
0.43844621283573093
-0.5381865161468007
-0.5212837729467529
-0.5404601799922149
0.4594323658187214
2.377447447084864
-0.5670761679255361
-0.5688686596671915
-0.06568609721925767
0.4730341894445018
2.223153401578653
-0.5385392923416196
-0.4816606562168412
-0.5224725031277757
-0.524801355597494
-0.5299990271449929
-0.56606954826816
-0.5293470975966456
0.5179789079379544
-0.5444393754582753
-0.5231395428278289
2.2873232074608447
-0.5663656095054137
-0.5795216784006125
0.4567194180117846
12.35441019206319
12.360522359421655
12.419528890372284
0.4148014567795142
-0.5411275969008604
-0.5013566835616816
-0.571661455897078
-0.08125941369539724
1.423068031272962
-0.5671428027394065
12.367271086905903
2.31527930794366
-0.507712568798028
-0.5538390884435934
12.329150221318455
2.390630435743185
-0.07068145084442912
2.2901084335870157
-0.5555723625593043
-0.5365022472439865
-0.5138170675605258
-0.06483338063959887
12.449432869575924
-0.5242235396354027
-0.5566770743863141
12.431200123479927
2.278062487118744
2.4048413445797663
-0.571360378350989
0.4269962985849791
-0.07954754091094396
-0.5652755220911927
0.41767192850597845
12.348151839900249
-0.5280492155337969
-0.5713505274979791
-0.19289282409605746
-0.01788090435103651
0.4218661893112723
-0.5434893048426883
-0.5286192109855616
2.362747215118243
-0.5416363584900793
-0.5044089347936092
-0.5191182817268396
-0.05472648732657637
-0.5337498849317612
-0.5700707002441903
-0.03467226300400672
-0.11448112649915054
-0.5372440856148752
-0.541115447872462
-0.5684584813333147
2.3828254453257127
12.377469881637479
0.4656746902337152
-0.5422565753829265
-0.48083760745740467
-0.5064002549848656
0.4307102270303178
12.371200349717597
-0.524191415929735
-0.4953360210073947
-0.5287439334178263
-0.5792327782541886
-0.5319221034631245
-0.5686528798846713
-0.527805385665943
-0.5420207534553915
-0.5632083660651628
-0.5359512999337448
12.382438384907474
-0.5717657337667024
-0.5446426146465602
12.334077694399156
-0.5411745478876395
-0.09295027730245808
0.4205289220070334
0.4141752274408381
-0.4790465302337472
-0.5327242899067216
0.8236072985951721
12.330270058497126
-0.08705802087770942
0.43617063371114395
-0.0847057123539573
-0.5004892034899566
-0.5718185234002281
0.43929854863069107
-0.48785550569912683
0.42421658520052796
-0.09337912775409485
0.3915304687593142
2.2657936319450833
0.4565435422167281
0.8306870590590055
0.48062615172624157
-0.57426802128184
-0.5674550123091343
0.4321272001924912
-0.5199487332726855
0.43746398150333654
-0.5421879620127105
-0.532695583733744
-0.03943005240686848
-0.539930109526275
-0.054593168155472105
-0.5244535816141116
-0.5043599726947747
12.357689254767042
-0.5348876852311688
-0.5672348494478456
-0.07901829932911031
1.3759743112375475
-0.5275555907160269
-0.5003995138220912
0.4117654018858037
-0.5020538849097048
12.437702641495692
-0.4890178416837524
0.4335991838332507
-0.07014564194332407
-0.15169963814465226
-0.5311159064612
-0.5339809784519827
0.4293638404537081
0.48556418088926034
-0.5322402686062546
-0.10762846276678606
-0.5080005791934781
0.46510986319264513
-0.525178354978624
-0.5428604551658165
-0.583267345185261
0.4106356281232788
-0.0733811238074894
12.334960387068408
0.39376234050397607
12.36903758090687
0.8546659865966728
-0.06013671712137725
-0.5447142201506439
0.46586661993772593
12.339292315768354
2.0828658109806355
2.374683259716241
0.44918618975607116
-0.5885045674447656
-0.5350651778799644
-0.571841806345142
-0.5274670121738854
12.3772504034427
-0.5695836079423674
12.42403331632186
0.4579170227876401
2.346819453350423
-0.5270695661215623
-0.5358106948296201
0.41955340454579826
-0.5459221651600838
-0.04430102320004525
12.454829117144218
-0.48935784479612365
-0.5537330186088137
12.351595383191093
0.863999918515614
0.8394814375195397
12.312582405700923
-0.46207034403609937
0.6443985979016066
0.41836304235125765
-0.5297927380776841
-0.5239089112141393
-0.5282746279894348
-0.5339567890737655
0.4362028922230434
-0.5264659310913851
-0.09834249006574536
12.402155218820392
-0.5260423000698671
0.7878580325794378
0.4663199727194598
-0.54529901594894
-0.5575769429114332
-0.5630854621296912
12.413306919403233
-0.5329783929500206
-0.5296986432165216
-0.5218617921696801
2.3758750499383567
0.4169968129280974
-0.5707271727880396
2.217761941082254
-0.08396361159188392
0.47539516453204
-0.5357389128099833
-0.5460363525717732
2.2405716403165656
-0.541518253072445
-0.07970167412108076
-0.5409492716226738
0.5146076391668266
-0.5198419540410812
12.347170735028623
0.45088531043298397
12.468294013620962
-0.5276414429879952
0.46927558966535665
2.3866795857589285
0.5174244548154092
-0.5366977710217576
0.3769773290182705
-0.5320525921830221
-0.5619285075612901
0.48101110616364084
-0.5283819562224903
-0.5720127507170716
-0.5344734210721995
-0.5349817370987776
-0.5637960336919793
-0.11387395948804147
0.8230801248341119
-0.5525116316903508
-0.4959272840872486
-0.505486018354963
-0.5078590036735364
-0.09282201835990711
-0.1318560827523685
1.4468104928921748
0.4161496902029649
-0.09474638576283723
-0.5366834146627998
-0.5686964854623163
-0.5699632807961681
12.473303929946857
0.8067277156704472
0.474178541996104
-0.5241096977181408
1.8802379033511565
-0.5145145320760778
-0.5378014396673774
-0.5535343122556264
-0.5250012412020639
-0.4884582694215256
-0.5432264604422903
-0.5275503012685767
-0.5797821751751265
2.3072255160757025
0.4279347170104284
-0.5319451169332557
-0.1031145505967801
12.408714647252234
0.456937703143661
0.8331058848155964
-0.5333532972853705
12.429609223481314
0.7839739582354048
-0.5065172143108307
-0.14673499032154003
-0.5372770727930064
-0.5333732693032269
-0.5204295272963005
-0.5109666229251542
12.399080617194162
-0.5288875961922308
-0.5395599314589126
-0.5609111344523086
0.437789607353293
0.4223578332934377
-0.5440596233026036
0.4233345378379223
12.406615800394928
-0.07810326889103414
-0.11129449876418973
0.8554980525033204
-0.08309975265045999
0.38086798738144245
-0.06730710944939977
12.410923434079496
2.247375535867312
-0.5406916686293998
2.0175809746997886
-0.528594556270744
-0.0758493972869212
-0.5217363211131961
0.4401306250032113
-0.575441609878022
-0.5257457044139764
-0.5203151276711955
-0.5218823422565452
0.41494805249115063
-0.5007527479377403
-0.5332748471174895
0.41428579128270093
-0.47264583537570015
-0.07785721353197206
-0.09394927277936904
-0.5396752732347336
1.319520106248634
-0.5835829346656205
-0.5214290575777689
-0.5881767570516006
-0.5250283677485489
-0.5079627925142364
-0.0684246921867262
-0.5784043696412282
-0.5131791360076154
12.33258106147321
-0.537871140974334
0.4294258564359652
0.4656898188773244
-0.042150289198888635
0.8193440765691691
-0.48864018075762183
-0.5343649161513384
-0.09757123151541314
12.459098619154021
-0.56939192471383
0.47096487603579806
0.3923696179754612
12.384330104796026
0.5025065402291093
-0.09248284612315583
-0.5246964925324573
0.46298496881457596
-0.5300223283134636
-0.09552252050765808
2.222532457707411
2.2452699854949505
-0.5449859320279509
-0.5438736353551413
0.8888607717174944
-0.5306069954774025
0.39616215423182055
2.2889028090592496
-0.5416406313914703
-0.06230359751275405
-0.5490084165742795
12.407999119527116
-0.5294812691827517
-0.5319703055798399
0.844723257206474
12.35357000792039
0.4180293799264889
-0.5302803368957094
12.39063329639345
0.41529758357317004
-0.09470757291036735
-0.5755819986108094
0.655139525250237
-0.540677278061876
-0.5247210984903454
-0.47378321454215244
-0.112741949197668
-0.539909661992066
-0.08603402700077212
0.4028595028113784
-0.10174540013332567
-0.5218492234686093
0.8266060739017875
0.4331038004768548
-0.08043195927301439
0.47182040155724914
12.353931929922906
-0.5353130166405629
1.3014856191700874
0.5202070842683233
0.5097653261862845
-0.5275849574631635
0.49381137032901856
-0.5231603895970154
-0.08279724338958494
-0.5813083368983375
-0.5381202168583401
-0.09822632889998018
-0.5258467230556758
-0.5462931794879808
-0.5838915079165443
-0.5257323083498378
-0.538052009305761
-0.5324802226637378
-0.5389836825518619
-0.5453571293485506
-0.5318577120471719
12.433038547705868
0.4724797182886924
2.2545421206363243
-0.5341251648408538
-0.568060438406044
-0.08229333326248334
-0.5695375870108079
2.333521152937281
-0.5065409317411359
-0.115258431989673
-0.07168355089947986
-0.5317141360878352
-0.5490229565779019
-0.5350316462736331
-0.5673433385375994
-0.5275253062027693
-0.5617860992009196
-0.09523667926094115
0.4312852029175209
-0.54302754132598
2.339871864087856
2.325099595380494
-0.5809551113488609
-0.5507539735488838
-0.523601590505388
-0.5149987321490208
-0.06402814589324524
-0.5442071461366607
0.4137003874798617
-0.5374506643765837
-0.5386762733431465
-0.5719609445961147
-0.07178021233694976
-0.5274936387453459
-0.5325193050958068
-0.5648893963282062
12.415042830963914
-0.5346080874455752
-0.5223896222704586
-0.5371215896515896
-0.19107377379914814
-0.5437233352834661
-0.5190408723371793
-0.13397315590932657
0.438724429699493
-0.5342430052452909
-0.4913787404737784
-0.565884358312038
-0.5817489327020077
12.341077424150686
-0.5292605131021191
12.40273545117553
-0.08097522712438199
-0.5375570023545135
-0.5290361667701318
-0.05829375370349399
-0.4881676302696195
-0.5507251367418136
0.8228170185343693
-0.14202335746031247
12.361970101775567
0.44589767696294813
-0.5232642592977386
-0.5632667557807821
-0.5368178456614499
2.296764199501456
-0.5253315992261645
-0.5858986023841488
-0.5308107748512383
0.45034868626290336
-0.5335763053793788
-0.09165337155128528
-0.5715080006838231
12.415387550705663
-0.04349439026472712
2.2525788144856764
-0.0882418932888347
0.3986582691919205
0.8818275460964446
-0.5014806342827853
0.43129723016565125
-0.5705580255287077
-0.5886113343421742
2.3373291070944253
2.374333333042287
12.464939689102883
-0.08387815732950965
-0.5354169289632319
-0.541395134526258
-0.569687851460897
-0.5256019894399069
-0.09522588762392459
0.41921489464331874
0.8197360803933529
-0.5283284585652657
0.516018059343466
-0.5668569553134717
0.465243569997116
0.4523696747945729
-0.4724125039059731
2.3180730352134318
-0.5266346159547113
-0.5380791817021607
-0.5094205156957565
0.8209260767166414
0.4661261869038882
0.4712602545919593
-0.4934200034139924
-0.5290497823397932
-0.5296316324794046
2.3788674476304004
0.47522930578186795
-0.07500548031063947
-0.5242074949788131
12.367131254523738
-0.5442550174846361
0.42495861214884867
2.3302187366361937
-0.5599648918814826
-0.08813393011357762
12.38221821644366
2.283698623513575
-0.24697489706912024
-0.5697724611546426
0.7917068695565797
-0.5435870967649796
-0.5305198765381203
-0.5342360619931531
-0.5385227109636654
-0.5360427433433685
-0.5238253197224876
-0.5689717860734813
-0.10202577512201572
-0.5670668714349688
-0.5495952504452395
-0.5361632344265012
0.4690087361921491
0.4099157549182002
0.4713344367355141
-0.5131655062167572
-0.5036243074740372
-0.5420153505189991
-0.5835617021626316
-0.5471130492596097
-0.5435520333136408
-0.08312724322357046
-0.032126065769835566
-0.5391760477067966
0.43133754367222954
-0.5399818114386445
0.48632063047996255
-0.4784717744685226
-0.5388463609489578
0.4498183724221314
0.42650758289908763
-0.49811996976440165
12.371669385278459
-0.504925260662779
-0.5430484565694966
-0.5434880094643355
-0.5365714231142373
1.4161612482311317
-0.5051552880246407
-0.487398713567745
2.2536979779886566
-0.5326566148521772
-0.5662337006026004
0.35652032314714965
-0.5435159313576994
0.4301244847097836
-0.5214909092848888
-0.07597355178751564
12.389275164347145
-0.5131661711900579
-0.077151792883554
0.8885004920690355
0.3854096749524394
-0.5269634653018374
0.40049591828878994
2.317936848383641
0.47221289808353495
-0.5177036948020433
-0.05940055935974631
-0.5052635999271866
-0.5353189611712282
1.442381301508155
-0.568639956722258
12.459754466130395
-0.08674321774040639
-0.47048019545174746
0.4869567931085388
0.4489952119552516
1.7841865785665916
-0.5208268185173808
-0.09457908128910497
0.42292611387177903
-0.032134013337799305
-0.09240016970512677
0.4284457678155602
-0.525504046356765
0.4363266624549753
-0.08802311352698367
-0.5225382613067887
-0.09078151451883709
0.4452944701799604
2.278307340280458
-0.08055752461141508
-0.5713198148178908
-0.12903764183449962
-0.5008062905447601
0.4289323294830185
-0.5352036148937953
-0.5673539175680897
-0.5576951846592395
0.4244513826450287
12.420505708326203
-0.5122517789303183
-0.536352084818081
-0.5484632843221133
0.4091283368431766
2.3629300151756247
-0.5260160096719046
-0.5580531917349152
-0.5191534414647697
-0.5683667546350598
-0.5235406925783563
-0.5302064880081078
-0.5395616719810814
-0.5481656699145416
-0.5727823844586158
0.42928371153314404
2.319070981089296
-0.5256617465261716
-0.525261230039622
-0.08720199354591851
-0.5326395957582948
-0.5247911658329643
-0.09054177740829283
0.4188898519409223
-0.5669460921070708
-0.5841843541249929
0.42192722261405047
0.3863076061218387
-0.5138933634383936
-0.15633073538131725
-0.5266519560944138
-0.5209027494047356
-0.5417558079326459
-0.571899050494642
-0.5690582978764742
0.4578360746448915
-0.08459470434008143
0.8288518337419859
-0.5431815646378604
-0.5651909980984928
-0.5198048126841925
0.46488597880628957
-0.5691231507974082
-0.5290030100234453
-0.5203178574747138
-0.5157324851969902
-0.48255472781533615
0.4698944850559046
-0.5379734775298869
-0.5305115017507175
-0.5142835941740601
2.343067371542481
12.412027206139953
-0.08499441588987766
-0.5358490840764731
-0.047317091055979255
-0.5353981575064843
0.3886529289632361
0.4379143173849098
0.48687490947967516
0.4390193409300749
0.4349340742930137
-0.5338936285897784
0.4175452551307637
-0.5298053270860408
0.4083282817192546
0.8242489683619282
-0.5215782075389521
-0.5235282004323377
-0.5213150957593251
-0.5115222816322366
0.46821584814667405
-0.5543710249723539
-0.5650302624904001
-0.08770955526409141
-0.5580369453902051
-0.5363656677323765
-0.5517742141062041
-0.5262958458159805
-0.5254803592156472
0.39524105584071956
0.8028989879335878
-0.5656855526073705
-0.05159157612116372
0.4526754034080971
0.41578715791911747
-0.5350081604803922
2.2923566767758916
-0.5272063129792817
-0.5258487894553927
12.346657320834298
0.47263030447873144
-0.5339888993655629
-0.10663291665309182
-0.48837785157607283
-0.46783937480364546
2.3964967475489516
2.352536738704458
-0.5233612409260271
-0.5241155120081467
-0.5592684068770744
0.44403310568433274
0.42620944949332884
-0.5685933504450305
-0.5392678369592883
-0.5724708803037178
-0.5101089007579711
-0.567287781337685
0.38649278500859285
-0.5364275964033516
2.352595580360101
-0.5435100984146438
-0.5091520484386547
-0.5622025472786218
-0.5669670966171461
-0.5285068568875698
-0.08514061859507349
0.4105190702036128
-0.4840187047916358
1.9725817970603035
0.6365285668311469
-0.5217748091300888
0.45840357068109805
0.4574693856598757
-0.5388309444794517
-0.5417440744486165
2.2655364862741467
0.8119132241431536
-0.5281365241069576
12.415989813518642
12.353845605707203
-0.55057369645955
12.41980306474923
0.4275841380063783
-0.574266115719777
-0.5670650111744188
-0.5191468832355547
-0.5331112657774487
0.46014102611115626
-0.09275460960830506
-0.5642791712357695
2.2602241675299966
-0.04507880252998231
0.4591335495913704
-0.5664471226387303
-0.5266699093894399
-0.533580450693683
0.8507151120547352
12.363384540916254
-0.5071173809494094
-0.5730504132327858
0.8325753864110291
-0.5192353910378443
-0.5436881824967427
0.8735718928683723
-0.537395818203384
0.4614892707181526
-0.5443675960791716
0.42249268093453507
-0.08459655912925634
2.2328137447232033
-0.08207874883223476
-0.5228906868816583
-0.5325428898780576
0.46916607023791146
0.4236637228119553
-0.5343083211956107
12.41044060348884
-0.5792914100132596
0.4420765322279401
0.4280495052131712
-0.5344527681714087
0.4249558684267678
0.46680695152617613
-0.5728198054582099
-0.4798885505567453
0.8209013637968823
0.4963074497507227
-0.5351797279167141
-0.5747128833229468
-0.25599807671607644
-0.5791160608465227
0.3835634421058507
-0.5218763795787741
-0.5242355235887395
-0.5366718764673785
-0.5263242783053926
-0.08230900659779428
12.463723502788262
-0.5326642155838375
0.4262187284635659
-0.5385796079788798
-0.0920706907983494
-0.5267448346036603
0.4685175574984217
-0.5653243167824507
-0.531447612398009
-0.03072370366908561
-0.5076908270880378
12.439161381352388
0.4132201446259871
0.387161019256939
-0.5685511606744228
-0.5883951886886654
-0.5366503661688069
0.4416273001763589
12.446429003566323
-0.5320733161112291
0.43749744380636035
12.33470790313925
2.3743317641254587
-0.5103846268290266
2.297840650262262
0.41679600953684104
12.420465927813298
-0.5286997029794731
-0.5518067971210819
0.4188138550543159
-0.49330731806151085
0.38160274528782523
0.4370264081263944
-0.5343779782535344
-0.5334190600780528
-0.5327077754682141
-0.47432238604795696
-0.5242420716528216
-0.5374103980077658
-0.5648910103306456
12.426295103351613
-0.5744187432096453
2.371667282535727
-0.09646395414584974
-0.5321717627111774
-0.5424576528874695
-0.559751007447223
-0.5346352063248478
-0.5243588628742881
-0.5323189992893604
12.414130687034366
-0.03420969320241185
-0.5326220039372981
-0.047958684042324284
-0.5313547893258281
-0.07766077809947391
12.382768505479943
-0.5054702681849155
0.42093416300226605
-0.5274599489801277
-0.5305798672740826
-0.5438443777853956
2.387551717245811
2.330275382512349
-0.08574691492421505
-0.5285901310733614
0.5132998777536146
-0.5428922377543451
-0.48791872018250426
-0.5530236988125945
-0.57952017672457
2.244500059255114
-0.5685094696920476
-0.07404915627749009
-0.03608813904698516
2.230529514697611
-0.5702767950945322
-0.1039662781199
-0.5326684052323865
-0.5371296911042054
-0.571287411687585
-0.5302932321083491
-0.5500878290634063
0.8109717784294529
2.357651943078174
-0.11175671377781748
-0.09269484034890685
-0.09255577720758901
-0.5335693689406431
-0.09576686106037768
-0.4716741117471175
0.4597705971243704
-0.03804187712261764
0.4799245268185408
0.42607514146627357
0.4497401671495871
0.40983079130574485
-0.5459425772747416
0.4842938147612821
-0.5347036146484918
0.4503312581012153
-0.5392355549736043
-0.5274968771086932
-0.5390233535329211
0.8212243829949722
0.48554095106179673
-0.09269615177540924
0.5034451560390634
2.3305415328476573
-0.5698331989130491
-0.5296690128418491
-0.5398241364570031
-0.5392480440094498
2.277741873370836
0.8137105096153963
-0.4941037636409037
-0.5265908623214899
-0.49482607875040985
-0.4847392946864394
0.8210357296129296
-0.5467263052775974
0.42299845906643707
-0.5289719307919989
-0.5369381386428984
-0.5330753442402896
12.412792258172031
0.8483486304309985
0.4678674963974774
-0.46142580621289675
-0.5302834270914027
12.415329121690252
2.4192794408898366
-0.029406100399952395
0.47360033391412726
-0.06009274737420711
-0.5209452957978062
0.8378017413804921
-0.5252882941795343
-0.5278591377496831
-0.5232897412976595
-0.5347442593212041
-0.5219993378261347
-0.5443908021058392
-0.08930265385068659
-0.5371490654752293
0.6312828154046182
-0.5145621471259413
-0.508868503726982
-0.49824277047906496
-0.5734451411468644
-0.08414166517305599
-0.523547821840485
-0.522236214043883
0.4599984754231514
-0.5342852982281361
12.36209615516083
12.393691632827082
12.416117460829023
-0.09071564599060933
0.42600673736555206
2.269477349363686
0.41660940961855597
0.4306731436601734
12.376738304204434
0.40598313670283526
0.4138737661536145
-0.5192150751108746
0.4692089294571651
-0.5329541048201059
-0.5736907620692175
-0.5356033352853469
-0.5694634557479343
2.3658182365238205
-0.5238961927849983
-0.536738840310456
-0.5341633264220612
-0.524457831800159
-0.059576881426313566
-0.5311534405893079
-0.5767141041894479
-0.10184243908562873
-0.0690586086004421
-0.4928124149574381
-0.09971468904101832
0.5237806170069563
-0.09631762551707335
-0.5695138281966611
0.411987202572742
-0.5686444333786568
-0.4834830297454421
-0.09455693578794444
-0.5283348090646176
12.36038808061319
0.8103927663471522
-0.5262176083637741
-0.5329981805105973
-0.5330353156330057
-0.08198013235084889
-0.5223565474602773
2.3835815926719093
-0.5044885825145946
12.327021019395428
-0.5367546362536881
1.446378926362458
2.247351104320918
-0.5711176018315207
1.461442418354448
-0.5340064284176628
-0.025510015570912814
-0.5124085090371127
-0.5319832381794078
-0.5398361298571859
2.2734722563508436
-0.06992235687876713
-0.5662552437741774
-0.10193395606270417
-0.5268621404311479
12.463548867089033
2.353003432666059
-0.5298625114746756
12.345304795210193
-0.5150430158076152
-0.5731830898835644
-0.5564105179348225
-0.528703646813904
12.367294931944507
-0.5223891009625365
-0.08762017336076999
2.2479817066725345
-0.06844808202280817
0.7874968629469502
2.295131826090972
0.4568990690734962
0.41378045253061657
0.42976012164218935
-0.5231754760043675
-0.5345876571691068
0.4528748012623267
-0.5225892495459128
-0.5217487103761806
-0.49239809931380996
-0.5270402047950367
1.8761786138509375
2.299376059686089
-0.5133418542060282
-0.5820352352433208
0.4378498031296443
-0.5450889356231969
-0.5018971779611128
-0.05537086885782572
-0.5406487227585978
-0.10141296418960022
-0.545713750065708
-0.08920092348027697
-0.5576672580824618
-0.5384758188692673
1.4537966907619488
-0.5690701841873246
-0.5236817305121676
-0.520248648785212
-0.4824244005289028
-0.5700738325745747
-0.06205268151816756
-0.4944309960069776
-0.5428709855473244
2.3291023815722043
1.465206508188374
-0.5158917904854998
12.369820036151582
-0.02548764205009757
-0.5368708597116285
2.35015851933707
0.4700141538119098
-0.5340269060536511
-0.07980828683819452
-0.09828702443963189
-0.5333125800116505
1.4524030785329791
12.34716707406225
-0.5219987020358232
-0.5011039411481455
-0.567286423525422
0.49905318800143994
-0.53215767944406
-0.572035108670746
-0.5374126866412632
-0.10852379541654367
2.4201276605604525
-0.49682909004582576
-0.05952211207251368
-0.52237671833263
-0.0814897047708899
-0.5339892936857384
-0.5316468352363865
-0.5113744993046635
2.407346620892231
-0.5211918186380243
-0.5595896638979511
-0.5373235325260426
-0.5435656726177698
-0.5077837725138248
-0.5660254918393892
-0.5652924325762789
-0.5236837785674482
2.3220195716436343
0.8259189658688371
0.8195968367161299
-0.5860977223474642
-0.03428715705949048
-0.10263167709892673
0.8131264634500202
12.42431076730933
-0.5241757686622532
0.8637700806037429
0.46217141449630494
-0.5294426171797671
-0.10608772074687622
-0.5422030099387549
1.4046528104985792
0.41876797085777007
-0.5318366921826322
-0.48679073406455287
-0.07960514605536262
-0.5416504595113598
-0.5452001102056042
-0.08721011326274342
-0.5289213376499031
-0.5605349626924987
-0.5237792229488076
0.44498167451438664
-0.5241576106303125
-0.5196315487533186
0.43334989393372014
12.363266948256705
1.7271011670210836
1.4445046418325778
-0.5409645113634618
-0.48920573514632304
-0.5356215640038816
-0.5341706642847815
-0.5593868786100007
1.4419888130740066
-0.5423324112451773
2.310329957651143
12.377643575905518
-0.5644259007460868
0.4632540846718691
-0.06404550322379798
0.5062349353947992
-0.5335327322019401
0.4779656207765661
-0.5312255010847098
12.4002095488843
-0.5396484058995079
1.464298135288012
2.33973940894546
-0.5240491857406504
-0.5365019652314562
-0.5236670548765121
0.4577783799253825
-0.5291608124667933
-0.5345086189859352
-0.06358338698524901
-0.48923171446630587
-0.5249975359667204
2.311617006673317
-0.5282033584489156
-0.06725409411426053
-0.5589570303795023
-0.046131746429929454
-0.5384292904608736
-0.5271281149739284
0.45866142174624946
0.42276085648162876
-0.08401962909653138
-0.5227433736470041
-0.5275454763237051
-0.5148127851005948
2.34865128305376
-0.5445770604484378
-0.5847088210701983
-0.4750949047570925
12.45641325548318
-0.5223057285098429
-0.5658472336312602
-0.5289517507412423
-0.5268907713905748
-0.5206320128013269
12.404400952850688
-0.5276284984449974
0.4314014832269655
-0.5230735642256552
-0.09855433637918509
0.4608504307103327
-0.5687517674408508
12.361522597415963
-0.5341799793195308
-0.5397216540754507
-0.523980568537159
-0.5343058302560622
1.904458994545934
-0.0688393116921121
-0.4610850577641382
-0.47480610105469956
-0.08780073887383633
-0.5392151381747422
-0.4848172770851662
-0.5233552841147266
-0.540247072311736
-0.12858241487099065
12.418115096058672
-0.5244197615029838
-0.5388286666119556
-0.5325074374846889
-0.5266985537866888
-0.5413025058274217
-0.5409546430403602
0.4487298266183235
-0.5305981148425822
-0.5313006012057611
-0.5669744018217089
0.4083537899427345
-0.5395561226659613
-0.5188280928171705
-0.5211600435873192
-0.5271554773547336
2.2851511575900876
-0.5191679664829497
-0.08936097856416836
0.42930023859767186
-0.5285575139549519
-0.5516190874961958
-0.579479966010203
-0.5296365779503907
2.188625820364203
-0.5309738836038183
-0.5704185234006018
-0.5318094096813883
-0.11090263861966876
0.840224771261076
0.3866534313591343
0.4272850751963362
-0.5482404634302775
0.4291182637326676
-0.564613635909479
-0.5119702684448619
-0.13380024331722706
2.133551260692156
-0.10075726273113161
0.823203777473386
-0.5399615694994548
-0.5285931333160705
-0.5359121823371349
-0.5333034589652709
-0.5705636440974043
0.4827457436024156
-0.5378860649797172
0.38000985367343465
-0.5664310457275157
-0.5229643299684344
-0.5233665058495871
2.281301180799504
-0.5658507178365522
0.4787759461890768
1.409869540120987
-0.5412760294168568
-0.5379632419329619
-0.5652786551193483
-0.5225779550056664
-0.5699473503635829
-0.08786250904072845
-0.5441096193591652
-0.5337324223723304
-0.5523452126903174
-0.5596333296160187
-0.5293465066606267
-0.5214617198912006
-0.04747981378753807
-0.08473498764723852
-0.5264318173186934
-0.538452527534076
-0.5200047710195594
-0.5734238667414882
-0.47841213702639185
-0.5674071733231969
-0.564863841973589
-0.5409104665910776
-0.07647226256366713
-0.5608532897940904
-0.47788202972896354
2.3070144692151273
-0.026417404905927255
0.8233321453559292
0.45441430615347955
-0.5676184100501629
-0.5688184041123542
-0.5341840611328921
0.38766082770881094
-0.5116247005086247
-0.5205473216841426
-0.5210271744532946
-0.07008120458761713
-0.5317141806148151
-0.5257731967545763
-0.03605869690836405
-0.48267958422853796
-0.5693957774373413
0.4256696628212189
0.49540941181928555
0.46946043466850806
-0.5667883083970825
12.406872608779548
12.389648732781325
2.4167151620707745
-0.559948983229948
2.2685026966853887
-0.5536825690027843
-0.4999119376136557
-0.5643597266256895
-0.11411390804698218
-0.4982562016395674
2.0250705347363294
-0.5725492995840341
-0.5153247734460733
-0.5324893101732819
-0.07909961088843409
-0.540882742939423
-0.5711767328671822
-0.56942621756486
-0.03980549119887944
0.8019413293619776
12.401826441143708
12.380519534439355
-0.5380901536372549
-0.5156186397180387
12.368597747923927
-0.07510067964320988
-0.5775321038784146
-0.5425597693978639
-0.5388485720032972
12.352279064039886
-0.5648640005083223
-0.07223893917851931
-0.5629254832651704
0.39488863050947676
-0.04583000375304569
-0.5280090950950123
-0.5398834768596992
-0.5442330777637221
0.44977724284477083
-0.06731466299798483
-0.49730809736852966
0.4797523259135801
2.2472892944075396
-0.24760032719696312
-0.5811209715161276
2.349510232553375
-0.5366940015884126
-0.48607066029510937
-0.5350463340046663
-0.5683458122287821
-0.5761858199008476
-0.4902158539646154
-0.5509938014722077
0.4430414985015332
-0.5353738700122468
-0.5380669265995522
0.5091730207029597
-0.5282697313729054
-0.5775272380807515
-0.5495376559291361
-0.009987396094623402
12.371742413697016
12.378039751635686
-0.4870073119458127
-0.09479207160684688
-0.08828075564546956
12.395019750821124
-0.5256772626965445
-0.09047647091867661
12.40458408690495
-0.102317853499997
-0.5076641981964788
-0.51805870726093
-0.5286870596608761
-0.08570046776275342
-0.5774129699408327
-0.05004850175117748
-0.5757498499312264
-0.07682990418415281
-0.5684766469655493
0.47132324317234864
0.45234485606128216
-0.0864654752604892
-0.5390018490073836
-0.4880719868590917
12.3529796573859
-0.5318012465216467
0.4635642166087943
0.46221444427987657
-0.4752520725768995
-0.525829358214569
-0.5360269151484769
12.395088454965258
-0.5235911022115239
-0.527394733990549
-0.5218476831193845
-0.07008299950860342
-0.525846650817411
0.47156543496773407
-0.5670393600561002
-0.5630609414586024
12.36066358146121
12.35945055505471
0.4295309738882007
-0.11016713000421685
-0.565900810498053
12.394616578679262
-0.5330896079374178
0.8596035944458247
0.5212715611985452
12.339612524219469
0.38939759206534275
-0.5264888826640183
12.352886472725103
-0.5689633691236089
-0.5428647259442916
-0.5112988835786605
-0.524444501161004
-0.5085711199145251
-0.5371893633061534
12.34907895179725
12.37586383497846
-0.5374706704890703
-0.04346798401602592
-0.5346427343244817
-0.5804342557285136
2.3341997901336367
12.378353395108483
0.40816792243371225
0.4711223036646828
-0.52332686372045
-0.5239619143958872
2.386127895000913
-0.0755270695500937
-0.5368479433384725
0.4470537774193011
12.353595570831564
12.35452469721087
-0.5445000277319733
-0.5446619830156629
-0.5600230721390002
-0.5661065952291405
-0.09965997387577386
-0.515516678667515
-0.5643774936125201
-0.05888371316695151
0.8158234388529417
-0.5575579445058485
-0.5498252832356509
0.4563882623231401
0.4344111540424529
-0.48843607486824625
12.383564710157774
-0.5313598403872763
-0.4941514362641197
-0.540234784219718
-0.5082535067807608
2.3529041808865623
-0.5207151595767252
2.4069158007517015
-0.09967062508890634
-0.5734695281459572
-0.5285825581660184
-0.5677995359685504
-0.516497833860331
-0.5279577025788577
-0.5141536002259506
-0.07761228974525858
-0.07291544796193394
-0.09184021551061172
0.42510691852321125
-0.5375723285305574
0.8205513363525458
-0.4901786363042758
12.382671155171817
2.3395511958902486
2.368115566208779
-0.5656322421150987
-0.5053080367121028
-0.07288773621579725
-0.51838490606818
2.2857976472339825
-0.5345209368706773
2.1872217727874745
-0.10435234551897565
0.39162147090266486
-0.5676217288146387
-0.525914809763274
-0.4968396788534132
0.47012225397965346
12.445339710605126
-0.5312506140518551
-0.5381120483865566
2.343380651321723
-0.5076618419852568
-0.5382764679171992
-0.5462180173273886
-0.5374872544596958
-0.12757705298018684
-0.564878388844718
2.300632257813739
-0.5344703773649301
-0.5066864893075456
-0.5666284316518635
-0.5200797300612303
-0.5696937361017191
-0.5397993389190853
12.442382092393807
-0.540306800800881
-0.5669524958120509
-0.5858033605391068
-0.5045218112870193
-0.5251221916798433
-0.5353923464594965
-0.5339971903217017
-0.037677426384406854
-0.5214428693918043
-0.5427504875739844
-0.48727422956609423
-0.528940179649726
0.4277688077358328
2.2571406037197956
-0.49258555477867083
-0.5690776079646693
-0.530927606844978
0.4625600044454905
0.3746593276101633
2.2537366168428523
-0.539927294812015
-0.5319662707841318
-0.528653245723805
12.372006347487414
0.6115359549646818
0.45819536397108696
0.4279120252595219
12.39919808705169
-0.5390270952928
-0.4980171316573758
-0.5746687875726877
12.425723659292203
12.334251896628773
-0.5374771325465741
-0.5572955262321099
1.8866000627984378
-0.5602838376802659
-0.048715428629155344
0.4972120174149053
-0.2036950353850624
1.7420892925522873
0.46992565279288834
-0.06309081757357105
-0.5680615862241296
-0.08706275069386993
2.294158708325298
0.42552511312701524
-0.536154676459454
-0.5431020040854677
-0.5672006904296645
12.426512603802985
-0.5661497584831003
-0.5701490237956985
-0.05500537314152232
12.454488134598524
2.2929020144745045
-0.542181806791517
-0.13612259001486604
12.424520876239747
2.3028936818326673
-0.5574274969045079
-0.5712041114100345
-0.5333014821307027
-0.5282401915436407
-0.5798535353225696
-0.538587044498457
12.398341138999237
-0.5350781783729115
-0.535619631301302
12.338406046689716
12.339767645066907
-0.5337227248175108
-0.04761187031130831
-0.5672749367448318
-0.5625805275921341
-0.56712354878014
-0.5707588611986225
-0.5671827739946924
-0.5195414645790657
-0.54546891377249
-0.4707754990320785
0.47665754483484446
-0.5328116164136032
-0.0417488004554446
12.41175413683197
-0.535573931430066
-0.0635246820632509
12.458037789526625
-0.13622064650734167
2.2902021907568413
-0.5441868209230856
0.4730617698378754
-0.5217135526966037
-0.08185411795310993
12.407107166948318
-0.5389211195380877
-0.5388868245578124
-0.5384478605445392
12.392900661222203
-0.5678148578227671
-0.5418844723236611
-0.5393770289438877
-0.5005700361778307
-0.5365262649343359
0.4955275048675638
-0.5098211787812552
0.4702930266806562
0.6593179878172294
-0.5654391150973652
-0.5456751831184069
12.476793032394763
12.369634748672013
-0.580017217442952
-0.069933917652096
-0.12581784093478654
-0.5225026052210492
0.6440177674947376
0.6089981435839642
-0.5299857280239796
2.255347918623334
-0.5262184956729486
1.4156931077742976
-0.5194872944000661
-0.5432456060351415
-0.527129407999837
12.365766276603386
12.405836438778898
12.359433490886506
2.016365556217916
12.32936414316854
-0.5711494459605386
-0.056906531851146136
-0.5372124773979259
0.5034934733100569
2.3644251492467148
-0.5675108847197621
2.385419624593636
-0.5667108276556365
-0.5735926631370247
2.3818758215603384
12.42098370741163
12.383592291703371
-0.5376591942880369
-0.5323507697829275
-0.5209589332459094
-0.5662571953430376
2.312238114544649
2.3743683811543783
-0.5670923608231299
2.2445523599981336
-0.092712232081396
-0.5342126299441305
-0.06620398709814368
12.40681240430619
-0.5379571148006247
1.4641345723127133
-0.5345240617189326
-0.535597358577979
-0.5859542742511117
-0.4756761066918922
2.404941638585026
12.425401813855492
0.42670793160124876
1.4481168921268774
-0.5035558790741418
-0.5320815050935157
-0.522816944308509
-0.5301563969682124
-0.5293073458560553
-0.5660436321537116
-0.5217152768328923
-0.5657896192235512
12.42798627197742
-0.5490973204158419
-0.5589960128862286
-0.07773936863001563
2.3324547461627145
12.447221082921459
-0.530999945847028
12.459426352051699
-0.5375927977401234
-0.5345696277769634
-0.4969111718023408
2.4236986290204663
-0.5205326197115874
-0.08278515633875672
2.381745659102532
0.4039074063731922
1.404384013985408
12.354514493577225
-0.48352818149727406
-0.10182003519240956
-0.5693732040200659
-0.5343338194858266
12.3844874344615
-0.5248193685390872
-0.5240049089627101
0.40745772761290966
1.4552164149267381
-0.12062460062538782
2.3108661396368246
-0.5673991514868025
0.47833301608411594
-0.5379235373943624
0.8119848150700755
-0.5328052108607654
-0.5425866018792693
-0.5274270056997722
-0.5324431824684104
0.8205049380963463
-0.524098207270713
-0.5701138384379686
-0.5270163351279702
-0.5020683233301958
-0.5240713643268262
1.5054304116465074
2.397379874962144
12.400043999711615
-0.5668889383812512
-0.5615338669621845
-0.5254356756707608
0.8173586255632054
-0.5231829137785677
-0.5563476488728747
-0.5671248558200546
0.3733243189037505
0.4631992269613521
12.400929156892134
-0.5237118186837283
0.8274022207396927
0.4428146975736138
-0.4757823381444356
-0.07142208013582974
-0.5629713471486444
0.47572229452455117
0.7846900569761242
-0.5225888233544688
1.4657413382615991
12.439006987438246
1.4366547960230103
12.45996662792895
0.4608820565378593
-0.5312002607756185
-0.5249362237117265
-0.5447749276378642
-0.5225049445701155
12.39246730690787
-0.5342735439868546
-0.5271338187116184
-0.5203987514798438
-0.5172763560273688
-0.04579623321471016
-0.10909051631717637
0.8515364238700671
-0.5266030408564362
-0.5737806550703037
-0.5719652852509384
-0.5358026094272766
-0.5182676450176094
-0.5307606098342832
-0.47498530785921056
12.426642204462077
0.4396696365584398
12.436675298788408
12.427218244748438
-0.567737486554621
12.410266602184768
12.338330008738946
-0.5359850179648604
-0.538501699299714
-0.5427840552353512
12.416742189736194
-0.5021947718430395
-0.575631210426749
-0.5407910108926506
0.4289127306864655
-0.5486070221330586
-0.5336598139321969
-0.5696609924968723
-0.5528622683232236
-0.5738856746006029
-0.506694538292328
0.4190193531152049
0.3910171904270421
-0.5398724994352521
-0.06809352497535726
-0.044477940680187844
0.8431896744291698
2.3127046731354546
2.3191985825157406
-0.5368735355937851
-0.526018088912072
-0.039817180205457325
12.32094820269751
-0.5131836928695828
-0.5219888083406687
12.393779652297583
-0.5304678713758832
-0.5690669080666332
-0.5677829355402185
-0.5270164986998143
-0.0751836848586176
0.459881913201196
0.41197426738356935
-0.5708383456938155
-0.5352243181563201
-0.16737943283378887
-0.5657789675955535
-0.5671756537549353
-0.5371197348328887
-0.52222597597899
0.4737679987403711
12.376753657924565
12.353117261870523
0.45719047492784815
-0.5392705455024176
0.8176416424057502
-0.07755824455498339
-0.5180873523930466
0.8177794636240109
-0.5689185068754519
12.371377914302935
-0.5673877410549211
1.879880712696564
0.41912570479943856
-0.5292743219129257
-0.4956022522444835
0.44023515908006394
-0.5650197134678357
12.384449070394238
-0.5279566150422785
-0.08585473792703702
-0.0660529849869258
12.435515492912117
12.433517935043092
-0.5243495374935438
-0.5212606427845654
12.38968406680187
12.40371821030003
-0.5277828456147404
0.5035234997917946
-0.5229990164613659
-0.568516328714203
0.46242427521751805
-0.5041360690373646
-0.08927065867282313
-0.5354834955875521
-0.5702792793566687
-0.5360703124761075
-0.5715825390029974
0.41250586399467926
0.39799045565987834
12.345893979048693
-0.49328423343679606
-0.5453440427276067
-0.5334713784557468
2.277079645184202
12.39822670767671
-0.10764227314893204
0.4754325744993686
-0.029349320651536392
-0.5678064224103097
-0.5093370331457238
12.405663817100045
-0.06724996534654826
12.396205633913134
-0.5009202787298082
-0.08087262315498522
-0.5356663444006057
-0.5353794784680762
-0.5660110311208038
0.418774458556076
0.5014584052244973
-0.06565033557666544
-0.07735574438842008
-0.11822674890847318
0.42676893313374453
-0.5022006163601247
-0.5371709639944626
-0.5245561348827483
-0.5246998005479739
-0.534398049430319
-0.520472891768808
-0.05977583973545697
-0.564433901816803
0.8576240281122818
12.355668547632886
-0.11775629277176214
-0.5215425868089533
-0.06329004249283654
-0.5323044723070356
12.44505747592682
0.8273008107904314
-0.5374821479573509
1.4006555097136528
2.298006746598896
0.8159234615134708
-0.5741211916697304
-0.07509071036070347
-0.5640099961737992
-0.5197947181658547
12.408332552499957
0.477606503053962
0.4171813880180164
12.420596557094411
-0.5344198447337618
-0.5716743236649744
-0.03680555652048345
12.424244116638302
0.8481330484041822
-0.5275531919383925
12.388368412376533
-0.5428815703541617
-0.5343603079121366
-0.5220979979846885
-0.06697705609634041
-0.5407473262367426
-0.5251291888612305
-0.5371320839354748
-0.5661005181190124
0.5044173820884119
2.0530165353627567
-0.5341728133445004
12.3937443599898
2.377518275841413
0.4145384168539814
0.4660408306927608
-0.5714847648646437
0.421136208929753
-0.5674347618727869
0.4502316431431397
0.6175493410863714
12.345616133023125
-0.07337592773370272
0.44203319774500915
0.3737263732524465
-0.5150356455705898
1.458693344590757
12.407874915979743
-0.5351533457913324
-0.5238474538466299
-0.5000491545238075
2.366570178505936
-0.0864447774904642
-0.08391940451068713
12.388714281979373
2.413165607602238
0.6309098990048724
-0.5847591534840528
0.4395177060706348
-0.4955571603986727
-0.5193554412636452
2.259155800268961
1.472496130998368
-0.09831884869498053
-0.5290831619896282
-0.06238967324866518
12.406049354590381
-0.5648432993690455
-0.08267827038079811
-0.5713510727556876
1.3416877100813625
0.4274094627718876
12.429547853005218
-0.5850738694863729
-0.07495156048130591
-0.5226029331104901
-0.5192231391800319
-0.5393006812398022
2.0168975219853973
2.2855584707823238
-0.5391282573815641
-0.569593087464551
-0.5240022978270236
-0.5704859212491442
2.266021431727072
1.9975330009227381
-0.5187753487363286
-0.5362046021965917
2.3638433036492708
-0.504366065611751
-0.5266455780588464
2.3016717098616186
-0.5707750600957769
-0.523557507124039
2.085402454778797
-0.5650368147817251
-0.5780187936904507
1.4473210161031431
-0.5333830465128766
0.4713979269553774
-0.516297617290324
1.8635074889522896
1.4494975205028215
-0.5353976361984826
12.349930680336143
1.45533570198276
-0.5243152152329835
-0.5335812832769236
-0.5663454098405101
0.4777644967255108
-0.5364837531836143
-0.5817024384271725
0.4803992928593368
-0.0857420694104436
-0.5270220153221512
2.347611683741651
12.334666973724792
-0.03143242081309017
-0.5251147166381994
0.4265059227538628
0.41325720012996414
12.382951145869708
2.2638115869163156
-0.5416179113852732
-0.5285462550202848
2.340806674533793
12.385865448302473
-0.5716980484235524
-0.562961701547159
-0.5083522488956489
-0.06104627733888646
0.8543286375685362
2.1646005440302694
0.48232576937335714
-0.5230758338233472
12.32336616500641
-0.5705722951193376
-0.5680887994378752
-0.4788435553843555
-0.5602295454770186
-0.5351515759276415
-0.5076070161182236
-0.5253401136645067
-0.5254384869672277
12.350074890973682
0.4659527257991465
-0.5249985353995403
-0.5762833703172212
-0.5205952156811962
-0.4842105483901924
12.368216055367148
12.401135179639702
-0.5357564673776832
-0.5527695632169394
-0.5013135205162085
-0.5392365931555794
-0.5430807162155535
1.4588754447060657
0.42277277281095627
12.41136281691239
-0.5245929703385032
-0.08615918869569561
-0.48792095246953004
-0.5637301971012111
-0.08389192438813298
-0.1049042459593239
12.439966110716917
-0.5672660756242563
12.376991596734932
-0.5734984354905286
-0.10097457633782358
-0.09447780955021257
-0.5341301376472221
-0.5308878218800026
12.453056172134067
-0.5228294222766712
2.061886000183833
-0.5237784977430906
0.46828364807506206
-0.5236477928521346
-0.5246285290042783
-0.5405262021878207
-0.522131818651317
0.4526290345209045
0.6275982591484245
0.4421770856306735
2.3394505154687115
-0.08086947932389532
-0.5810619192266028
-0.060482683400911785
-0.08195253154094151
-0.08148179966791791
0.4650046902722411
-0.10883745443000514
0.4506358427193966
12.414460855147578
-0.5267662110331044
-0.5298638877627764
-0.5322281332851215
-0.49189384264461355
12.432801354184562
12.40903826638773
-0.0943893779930507
0.47249948842165623
-0.0799099553512218
-0.10071634790794937
-0.5366375413356974
-0.5586875867165184
-0.2213700173913279
0.47477940270283603
-0.038846889205840895
-0.5275341567111461
0.5061975107880348
-0.5671477176523709
0.4288617256978562
-0.09286171403593002
12.361666114213568
-0.0394546759229395
0.8478619691082487
0.4513156567715053
-0.5493712227210263
-0.53071875182584
-0.4770291671687704
12.377569613536828
-0.5289110898260184
-0.052489114243733814
-0.5231561944452257
-0.5686088857103357
0.4752298871461982
0.4586899144141985
-0.534688227604328
-0.020565744862144242
0.41476509287832974
-0.5699646524363502
12.391448669404284
-0.5648795119276737
-0.5565473198718063
12.351785356048422
0.4639501262833059
-0.575016882934823
0.3796566667959904
-0.5660654266013159
12.39095653267596
-0.08438719582817189
-0.48885335429166576
-0.5765427696801393
-0.5165010288277363
-0.5272125940627217
-0.5811032805279219
-0.09595633119378055
0.40983202046178446
2.360845709366146
-0.08334583856701805
-0.533790641214219
-0.5557501587607021
12.415441296741818
12.371997313333965
0.5039983958910035
0.46204128399473743
12.41804322705034
-0.5691120926551435
12.39052504120187
-0.07826178490988311
0.8242118587186191
12.449766208652257
2.3198865367049564
-0.524137580396899
-0.5731312923495822
2.2577745144960066
-0.5688255528419102
12.359940448882107
0.46139315326192576
-0.5646444676426321
2.310916541912564
-0.12614482626140644
0.5080944341256759
-0.5262237935064502
-0.04925543009968425
2.3826111379178414
-0.5307523025186524
-0.49747903789095604
2.3027708340290944
-0.5541038882419497
-0.5099960374688348
-0.5687816685796256
-0.523281959320256
0.42723864256747746
2.38870288740985
0.8595761457031947
12.4942415446295
-0.5366297628866715
-0.5138438575170267
-0.5697934586890373
2.15726704654871
-0.5427353991020358
-0.562792600772291
12.40028355510037
12.446183528971666
-0.5270571482774377
-0.5690581113724147
-0.5310127329135197
-0.5224334904551261
-0.52679942937129
2.3657369297606885
-0.11089481765255227
-0.5400378919835342
-0.06327793695766037
-0.5287131411946167
1.4501467303803073
-0.5417607676536922
-0.5162352763953331
-0.5347255593937443
-0.5673165362016945
2.293216871579308
12.441636062706467
0.5062808228120648
12.366764055936438
1.991389081353356
-0.5383009421145719
-0.5378996817156476
2.0392860988561967
0.844030892535691
-0.5378245941290034
-0.5256045177819161
12.473236999075922
12.414230150632509
-0.5144305166170202
-0.49767205318098273
-0.09483356108753382
-0.5428048999101354
-0.5311703789727311
-0.557322899209814
12.367315012074279
1.3480629598229539
-0.5185095610999295
2.0966628705730805
-0.5317026118086539
2.3561238423815083
-0.05484785760977673
-0.5239298750139011
-0.483784888773946
-0.07800390416343084
-0.5515716342348023
-0.5369454585997546
0.519388794167851
-0.5634284146377715
-0.5398528716461231
-0.5838941365635972
2.305121010514585
12.440419217864816
-0.07545901376291597
0.47687332282426587
-0.5205609444308597
-0.5686315229759913
-0.5363173885630648
-0.5365968875255889
1.3651808165113848
-0.5695236061759605
12.393925008208713
2.037896369371891
-0.5168525065292621
-0.2154229928184931
-0.07193155616921654
-0.5213561181208093
-0.4935698180377659
-0.5305238306320406
2.3153587289974418
-0.5768719513317585
-0.5237543811751824
12.458686973925612
-0.5209724880012463
-0.522535626861816
1.4098714136754853
-0.543591576953147
-0.5010770751669762
0.8553096869669312
-0.5209994450715474
2.384246914149122
-0.5185426151766753
-0.5425935169112261
2.3644386795086
-0.5684532973579352
12.387565476584209
-0.535086023145695
0.41918215531278324
-0.5707866358212567
-0.5414323355928062
-0.5664373612227969
1.4014077238997664
12.415326215859636
-0.5201334530562879
-0.5387340754978471
-0.09501846508724887
-0.5366694654260198
-0.5300328829285705
-0.0985257654053121
-0.5357254706278742
-0.09398950425714969
12.366017142377142
-0.5358880067115812
-0.5305048246311967
-0.5268273874131137
-0.5120433137136062
0.50141096413694
-0.5065141157729334
0.4701418254145424
-0.5328260843957999
-0.5693264854622757
-0.49050419655575683
-0.5242863304788892
-0.5250406683156122
-0.5325453767606552
-0.5192893295455374
0.45566274013683716
-0.5315902011023663
-0.5285656054809338
-0.5224547770838892
-0.08168728243017864
-0.544632176615086
0.4404749102323491
-0.566098046960374
-0.5258013371563593
-0.5649699016972587
12.406940519827065
-0.5702296350347773
-0.07770138255028258
-0.5270842537461584
-0.5300816576142783
-0.5259048755368338
0.46893436554595747
-0.10737236477916057
-0.506294584934608
1.4593742786171289
-0.5299335003073412
-0.5349544462987035
2.178496978076974
2.408807288629121
12.425828725267712
12.407680623694452
-0.563683713196425
-0.48002239659427515
-0.5387861968872809
-0.5291841567160205
-0.5385223199566105
-0.5698367231430638
0.43807054684547664
12.403812894806771
-0.5181562583312203
-0.07276790997185767
2.344439779763943
-0.04922546738164746
-0.5671154331525248
-0.5321026106735961
-0.5699085794922883
0.46371262023277415
12.424559176087094
-0.5237145367203127
0.44281334542082096
0.6595266305119553
-0.4635672800583186
-0.08470068017219645
-0.5672864664692914
12.443103606032878
1.4063769561015655
-0.5410326235813007
-0.5261833246518699
-0.5682919007461851
-0.5242750366975785
-0.06922509772176055
12.384465795304779
1.6522123059890506
-0.5347594407942509
-0.5672839604478039
2.3386766986221827
-0.5767311495071272
2.201971140993393
0.4586708585998782
-0.5719805356965146
-0.5747034543739029
1.4671603379744818
-0.4953722631306844
-0.5245980042128089
-0.5578671692801351
-0.5441886266653615
-0.48769065144035806
-0.5390108225456427
0.46859488036800245
-0.0888311837012199
-0.5882735692910885
-0.5683757472110353
-0.5270345216006047
12.38479059577859
-0.5812167880278224
0.4778242260726375
-0.08949765611934335
-0.039513577004633316
-0.5101420008022567
0.42719456717653714
1.4650747656153063
0.41238469145529644
1.4405800937829307
-0.5690482096855699
2.328929729492984
-0.5212657731742337
-0.5240821503475304
1.795836909255749
12.43896037079186
-0.5218274967899987
-0.5759823755885091
-0.5329101462194069
-0.5675210799856376
-0.5346936049558857
2.257496014589833
-0.5202573025131867
-0.038266394326674
-0.48603834650823563
-0.5729928697420081
12.361853089173655
0.3880681137882518
2.378757335889116
0.4256801268174566
0.8782346713361426
0.4086965310874213
-0.5484141399452025
0.43320930592139195
-0.5641385896685205
0.44049129359606987
-0.5699346106760967
2.33710238673015
0.8542865741440208
-0.5343702227443139
-0.5316256728982458
-0.5585238849733785
-0.5433520469645383
-0.5680725782875427
12.35980130963496
0.458704946952468
-0.47236523009811904
-0.5710273511431783
2.4366736308695787
-0.5681084158575012
-0.5284486723712711
0.504753820628554
-0.5358222722822601
-0.5286549733297445
-0.5721617122902551
-0.5517705475132163
-0.5145222858498033
-0.5389831391183912
-0.5411015257203318
12.361029405405482
-0.5373744495898529
-0.48008636411300876
0.44877420959483594
-0.5335599661224081
-0.06244108402183968
2.350478842855506
-0.5313635177929297
-0.5311783996738241
-0.5244173919946964
2.3750911872418388
-0.5193804693746658
-0.5247990415840715
-0.027551741335756552
-0.5392075816447526
2.3322420256834655
-0.5322419606729962
12.385978236728834
12.338219610361191
12.35379467629381
-0.4964813919426677
-0.5651763834577286
-0.573364091223955
-0.520900735123118
1.3737660106822809
-0.08702694962126178
0.4685334608253817
12.421993780656791
-0.5260690010244627
-0.5710787518099865
12.408827341819892
2.376187675447629
0.5103002090974977
-0.5190720906748357
0.427057695227808
-0.4666747167731904
-0.5412580663379238
-0.5167397529083972
-0.5390319109339452
-0.5622784078688188
-0.1210514857799625
-0.5204668344164127
12.36381774264606
-0.49463031338026164
0.4182735923943095
2.3575547976850113
-0.5271775627276424
12.347761299665988
-0.5315533662376641
2.379057797729888
0.8266746811032758
-0.5260820185342197
2.249467133569959
-0.5801753105784606
-0.5680594033215787
-0.5430722451261528
-0.06638383415501481
-0.5241385404882093
-0.5348329710636468
2.3073588264052574
-0.5181604366219603
-0.5420609367308409
0.49682884161998264
-0.5210076287431342
-0.555316028352284
-0.5253826157858307
-0.08691714797626549
-0.0776442967843386
-0.5323957392424596
-0.5326479794685288
-0.508340829643951
-0.5587185508537375
12.366440454848473
12.334094337374918
-0.4997090380646162
0.42420691178267234
12.45092999034571
-0.5126193969984593
0.4251443857447803
-0.5522798511351246
-0.5660593121762062
0.4477089460780588
-0.5715111075333578
-0.5261006233881342
-0.5128923386947625
-0.543046659146892
-0.126731496450044
0.4018131997176706
0.4664481509329679
0.8290955219187027
-0.5145004655652046
2.3558356978181325
-0.5452327689743408
-0.5197814082598878
-0.5659040342295083
12.469577186539599
-0.5190832246839208
-0.5765656652495221
-0.5176936038454452
-0.5671127911931642
-0.5295089205502738
-0.5384721328391464
-0.523341926981625
-0.5282098518721192
-0.5324673844305332
0.47267050673809696
-0.4969089327613633
-0.47511879719897787
0.8509598420000247
-0.5713304648708377
2.335992682021888
-0.5747171915608
2.2957253650590133
-0.5609654867158028
-0.5491552801327227
-0.5169564042979089
-0.5285580683941391
-0.5216916306488497
-0.055843644426229244
0.4324543756216923
-0.5311766597053136
-0.568858798628769
-0.5177575110138183
-0.5739581373202928
-0.49159080073150796
-0.5332418122649647
-0.5342548543687858
-0.5683564638809337
-0.07550888005306622
0.4708568183067199
-0.06974953080070956
2.3682592355022223
-0.5200706237375178
2.417542015139147
-0.5396765051238561
12.36353755298326
1.4523143034964532
-0.5420785252621183
-0.5286632280587121
-0.5322730083628696
0.4620289423772401
-0.5583028752767014
-0.5697633182283163
-0.570625075352344
0.451419338415741
0.8668944205654536
-0.043880015178814014
-0.5353259129148236
-0.48751296793350274
-0.53675431300793
-0.5295710354514871
-0.5159852751443195
-0.5742705180812412
-0.08747931040410539
-0.534023800118304
12.43698878199448
-0.5250044397529483
-0.04725634839481141
-0.4804825732603102
-0.474060395547256
12.357460707485354
-0.5535309681987095
0.39876106668677136
-0.5139718674765843
-0.509088942696121
2.3602301862818997
-0.5189620395833231
-0.508643837453876
2.2748731576365224
-0.5262752334334576
-0.08582562001861105
1.4060121291074579
-0.04555269280091123
-0.5261236134978219
1.4118880365410318
-0.4855110139946677
0.8121507889055108
-0.5015024747426606
1.4078261908032226
-0.5658656614053434
12.408815076392523
-0.5323164971262848
-0.5684123151775108
-0.07990276729416068
-0.5447725419515961
-0.568278623556893
12.380106919770803
2.3682357359390216
0.413477562975453
-0.523722599785269
-0.5252550681153111
-0.5259340650164421
-0.10325235540987687
-0.05930286523537809
12.39987370757627
-0.5738813290585085
12.37765921237619
-0.5719335460172993
12.436038262707346
-0.5326596895258655
-0.5189259078148971
-0.5692968634537848
-0.5714068626196238
-0.5698652185113005
-0.5317933391208758
-0.5302075162687043
-0.5246107497592135
-0.5452366310449627
-0.5684481818312168
-0.5829583553838585
0.7826506409395877
12.355298067187274
12.46063312335149
-0.5758683681234342
-0.5501061794685165
-0.5769345703692619
12.412439290507535
-0.05650821843801057
-0.4912648689422465
-0.46669633955235024
-0.5762151810617506
2.2277634204243233
-0.1150017473676288
12.379535200429629
-0.5141759413546393
0.8019644393940557
0.4966450211509923
12.37909238782026
-0.5280957231139962
-0.5213768898605072
0.4556217496922299
-0.5677103037501863
-0.5445907405345374
-0.5347173856660171
-0.5677928083426718
-0.5270100115199581
-0.51835673771452
-0.5668990263053558
-0.5241097719758863
-0.13602690151205554
-0.5666420455746568
-0.05332825775184957
-0.5344796010214083
-0.5230087027710408
12.40254573385877
-0.5758974061472969
0.4592875475596343
-0.5669383136200985
-0.5240609913557794
-0.5162355049044642
12.417594769003383
0.48727624789754853
0.49866511800365254
0.8336416234842983
-0.5347051771284776
-0.5392855228349696
-0.5197815786592008
-0.5415340427341069
-0.4980355811220518
-0.5662073529786781
12.443415197680764
-0.568545425207705
-0.5721998471675374
-0.47692153665124604
0.43557252592325724
0.8191753968962995
-0.5577349372365413
-0.5082897102183408
-0.5241581933125126
-0.02670201630950375
12.382532431695921
-0.5712823459789916
0.8197229630099702
-0.5229935887231008
-0.5323897815632578
-0.5286013853757714
12.38791666825031
-0.06965722572263688
-0.49570931747583047
0.8781350627578413
-0.527273445928907
-0.574962555046148
-0.5406256359393592
-0.08849067154922086
1.4653070989777477
-0.5663897619239794
-0.5278411948046696
-0.5354532732030218
0.472598632605697
1.4355956559167475
1.4597661737684307
-0.08768460985014936
-0.09711345762918155
-0.5333428559749089
-0.534617856910488
-0.581092425590582
-0.4824393151152825
-0.5691754303667882
-0.5504323805666957
-0.4979965562836757
2.3869169636701337
-0.5205329995807171
-0.5692203369312345
0.47522871925489296
-0.5254229102954424
-0.5231326212282011
12.44991881911325
-0.5287288371506802
12.33945259981403
-0.5654776477852107
-0.527420406158775
-0.5463704188458263
0.3600514326907558
-0.5238842506610478
12.351810916374323
-0.563052439636164
2.214985402528701
0.4778251377534666
2.350388657970889
-0.5679371367188012
-0.0849579963571454
-0.08446045218795506
-0.03223316627603989
-0.5055709454261773
-0.5022538234626923
2.2550190331663202
2.3499607503201196
-0.08437463744701756
-0.5301705918202391
-0.5306527373414606
0.8181606037315609
-0.5690848810323687
12.390926848613557
12.42029902921113
-0.5244452185935892
-0.4950360149785399
-0.5433054675091249
2.4064926278317436
-0.5370072852945424
-0.5365137080692901
-0.09322144388077747
0.40349252403342994
-0.4572431171470359
2.3430127721876706
-0.5372824623910988
0.39943890043740327
-0.5344150495477206
-0.5511605678755298
1.8689556148497308
-0.0758293623159082
-0.5221373872353998
12.336651809272794
2.390080708867506
1.4580608609737238
0.8500861981737879
-0.4974352070664404
-0.540240495888848
-0.5076113732591205
-0.08431374038577366
-0.5655627848142455
0.47889551277339737
-0.5875342816216179
-0.5617825822679419
-0.5698548871827249
-0.5346281436866342
-0.538377136158626
-0.5230872667213028
-0.5237713866280327
-0.5227828029201469
-0.04864476337926127
-0.039463303390474436
-0.5704163262237949
1.4594674215947065
0.4611872858100512
-0.5335984714760642
-0.5644837921957955
12.409496424041796
1.4664020450723116
12.412304141506393
-0.12994771649021064
12.398252409940842
0.44346626334151473
-0.5511499528289505
-0.538255941829002
0.523747507149178
0.47344924350864126
-0.5716370327744145
0.44552742030308945
0.5405774706016528
-0.5413540909483011
2.343733909554777
-0.5043563258508965
-0.5346362558989091
0.4443059013135935
1.3763383102138604
-0.06840836703802311
-0.5271049006610584
0.45392364841848565
2.17843986267008
-0.5634121266520664
-0.5522754576431258
0.4115065048831523
12.412525317235886
-0.5640013309899696
2.358759810278354
-0.5683583644980286
12.390866956195318
-0.5050569867799494
-0.5694881660380393
-0.5001089544231012
2.3151580761543684
0.4717470514660411
-0.5216450187224609
-0.5304058615001734
-0.5268988793981326
-0.569362062471469
-0.08787090541288645
-0.5290045975631656
-0.5239205071062512
-0.5420420641786354
2.084341375934528
-0.5712164602756382
0.37527971126698123
0.422826310060505
-0.5208825967662303
-0.5005570817151324
-0.5319378277031843
-0.5195351801010486
-0.5262500685055252
-0.5271167478572365
-0.5001617037118153
0.41523676574748514
-0.5284238566344055
-0.5735863842437869
12.406003993129639
-0.548998806973328
-0.5186226058300347
0.8223187931818272
-0.5606359748590496
-0.04334895150899443
-0.5296566018367628
-0.5000616312896513
-0.0698947734096188
0.5064447222796666
-0.5430802058689446
12.461611208053094
0.40876779027832955
-0.48107304107085713
0.4698380495809207
-0.5659709848247114
-0.5203016784310748
-0.48756848063031566
-0.5312312099368268
-0.563168469548426
12.383962990498762
0.42903037659946897
-0.5005121554852228
-0.5363985153385986
0.46138469074588495
-0.08709672120242329
-0.5289569491276704
-0.5751666570597214
-0.4843137190313628
-0.5363682423538632
2.0553675502008613
-0.5240728576574001
-0.535114389768015
-0.09098287416805084
1.5363251440655998
2.096645733740768
-0.5334939420306737
12.400667885495944
12.33860157948412
-0.5267092925240946
2.409885123607899
-0.5681677745232452
-0.5427383654307045
-0.5669086690430892
-0.0712019556415665
-0.5679224070069722
12.426245176401169
-0.555553018294441
0.4707963129695514
-0.5353096520800282
-0.5062691421635942
-0.5369747418885435
-0.5262676906645027
12.422604158898704
-0.07377172738691995
-0.0825591057939562
-0.07299669764823946
1.459748918243403
12.420990950822375
-0.52591639673262
-0.5703660162539268
-0.5188966438111404
2.0290988244613004
-0.5304419776299665
2.184140129405348
-0.5382348344752608
-0.5374836623544565
-0.0942141510136355
-0.5661383549890122
-0.5394626424159299
-0.5095437998318526
-0.5436438926093528
2.341656431876822
-0.5024500150983026
-0.5400404814620754
-0.5704534389077627
-0.5669793508820963
2.238446731835698
2.399635375305201
-0.5178543439302841
-0.49385456665783856
-0.5177576231631844
2.387576344188658
12.357779978469434
12.433540749634982
12.36414137910347
-0.5377144161321256
-0.5678753188676826
-0.09088075231263426
2.262848124666539
-0.5254335450250285
-0.5677383703967916
2.367473880190642
0.8226784485880188
0.8153897418229217
-0.5373319332361555
-0.5297208806583207
-0.5695081159365906
2.107234866526772
-0.5272746524292231
-0.5239707036242174
-0.5344506082268421
-0.533099337459721
12.410431400409514
-0.5211741247421956
-0.5702379933811226
-0.52946814035416
-0.5263000886112796
2.0578479893166266
2.299603388553347
12.414510668102245
-0.5631193929663254
0.4265386648369389
12.377251006107514
0.41031906923821704
-0.08284436694617414
0.43385851453095636
-0.5004359003728521
-0.07846925251383507
2.2531767722640694
-0.538128458595557
-0.5245367949997026
-0.4951107453425825
-0.5195660162128501
12.361248173656781
-0.5533957507046063
-0.5045774509764298
-0.5676309883576447
0.4729173300724767
0.4989255880564416
-0.5178777422303971
-0.5257579569762949
0.4785356384826971
-0.540506229133094
-0.12103984078470775
-0.061757925042375206
12.418506730440033
0.4086061133606109
0.4208824726701059
-0.5568585513993015
-0.5390234631582488
-0.11899643537465943
-0.5244841422182124
12.392309778747416
-0.16197749353579782
-0.536970592799655
1.4851654217630883
0.49646209590794177
12.434239183331039
-0.5659735779417385
-0.49695856301015395
-0.5196200037671117
-0.5204948506718001
-0.5223345920936777
-0.5336388014675926
0.8099907640881951
0.5069332010305458
0.4770074054539344
-0.07791175800690009
-0.5292071026203972
-0.5395017369867354
0.44749570410749095
-0.5678675081038296
2.279014510207277
-0.5357963657528533
12.432246798291352
-0.5678607826072128
-0.5064319772862278
-0.5656605934967112
-0.5274286681925825
0.4515708474610589
1.4546083209998097
-0.5357767745900418
-0.5659132569609482
-0.531914516969583
-0.5179904694000744
-0.5617036874684325
12.440119798426373
0.41661881215499696
-0.5468944437585574
12.403827544831135
0.45552656921640944
-0.5364190768489485
12.32122087626456
0.4565270324244788
-0.5696097494656491
-0.10398260177290997
0.37574119270275874
-0.5282944010396555
0.4719827479096823
-0.5260410323466905
12.40450211119242
1.4671499386095395
-0.5011661975211315
12.355186874548085
-0.5173274901885443
-0.5314934790010057
-0.5390513108967824
2.2439036071735536
-0.5227157464743235
-0.5410979107392722
-0.09265893033321082
-0.5186500991651738
0.4276052653759974
-0.535773347110197
-0.5225198444971708
0.4066771617658347
-0.5300001460397894
-0.5591108715311297
-0.5356909215685343
-0.5310438213540865
2.393344752427684
-0.13951487871107637
-0.5447289891827468
-0.5860953986495656
-0.5360378883990919
2.1332225578783888
0.40760092404768766
-0.5267150029034895
-0.5334160188932434
-0.5140251513689023
-0.5638150064673756
-0.535272584368687
-0.5741100851466772
-0.5503378523062434
0.48225101502180956
12.374699104719886
-0.5350343038056246
2.3170943894250864
-0.09606615246448869
-0.5210590659971703
-0.4681124950616723
-0.5365654365009298
-0.5153568173891037
1.3513485096865503
-0.5189550113868814
-0.535312297501022
-0.5356371016236864
-0.5265356886669079
0.43185933929827724
-0.528183139898738
-0.5419904507281228
2.267227625662473
-0.08510808772989875
0.4729206030854536
-0.5014849299868738
-0.5439924788431953
-0.5205940865561797
-0.5183281012661749
0.4729742094954792
-0.5341958194470331
12.39125322629744
12.438733801577715
-0.5309267104279514
-0.5035123994012094
-0.5259333189473907
-0.5214131536384536
-0.5348054387814254
0.43074245977678904
2.3820535283673414
-0.5431201733486223
-0.5365189340069161
-0.5184035396677851
-0.525342979854903
12.387383666865448
1.3554872506978155
-0.5719960377176179
12.377710864870863
-0.533960522865531
-0.5400060583901785
12.36434533965226
-0.5291694517875865
-0.5341997754331669
-0.5242482405705404
0.8603543474757822
-0.09549301739063776
0.40311645888063086
-0.5501890728798776
0.43633358892089635
-0.532284821469301
-0.5612791526373626
-0.5041735521393791
-0.5272210295116069
-0.5277361354984799
1.4549553971315485
12.389940391586904
0.5017724979606482
2.29541967950875
-0.5245455439010005
-0.4633012501119491
12.386660425404
-0.5681948488398793
1.4188360083646234
-0.5683672617745206
12.35325552805722
-0.5349385610970327
-0.5102291381662587
1.4534821032100076
-0.09789047507475479
-0.06341986811504907
-0.04054295700229549
-0.5358661657475278
-0.4946967269076511
-0.5359925777424001
-0.038336192320459594
-0.5338771347272127
-0.036623826825341266
-0.5689172502393586
-0.03954737143910547
12.395049035368462
-0.5294084780371333
0.45264515003154493
-0.0846502714449463
-0.12620321057690465
-0.5626795908973886
0.42331879534515693
0.459997453404412
2.3280141515002257
12.356170421673767
0.46454877522965377
-0.5211796662662035
0.42053198352969523
-0.5841865971477838
12.390277466805557
2.310839889687306
-0.5155999719256092
-0.533072628026083
-0.5061148575551584
-0.052660683027419886
-0.5691040808020372
2.366399237774537
0.376117645774251
2.206261363102539
0.5052218263871813
-0.5311748589943821
12.390067996284728
-0.5444027691755073
1.452833288654134
-0.5370664141220779
-0.5670608402885342
12.427206984391182
0.5024328055977927
-0.5362016281873361
-0.5268639398326085
-0.48693922967084313
-0.5260161142903048
-0.5372286375346979
-0.5667237867887234
12.355666022447073
-0.07591099542246682
-0.5675634281336173
-0.5353835121609617
-0.5100113907829895
12.436507840233341
-0.5333321456529596
12.338262898168487
12.314946757341906
-0.5740965357149577
-0.5277386800318802
-0.539790861482386
-0.5267102481522298
-0.06384858576385632
-0.06290307291206232
12.398506548364438
-0.5578191465585283
-0.5310956892355123
2.3179103755249737
-0.5695547214670665
-0.5354260275954001
-0.572986206929443
-0.034990715458636856
-0.5547811922827816
-0.10045220968938307
-0.07406274687810077
-0.5058158480467378
-0.5400489744978082
-0.523345675077874
0.5201435169434963
12.410948737850129
-0.5201632215785736
-0.04073622406742128
-0.5227837513573402
-0.5332204699918877
12.41067927149438
0.43014419951060057
-0.5229968703080208
-0.5252164059291549
-0.5656277949927869
-0.5342341220592706
-0.029652231807035356
-0.5707301391577516
12.44590239013013
-0.5377263586726366
-0.5683083744155109
-0.5215049405079251
-0.508382672795631
-0.515035486738302
-0.4990827271902093
0.46437416835540013
-0.5131606473651559
-0.5355311223147152
0.4038342624176061
-0.5579711428466425
0.4705097026980596
-0.5268408945255723
2.1917083934105976
-0.5443851937506822
-0.52322789461017
-0.5394880241066742
-0.5700455537925745
-0.4696557020356944
-0.5526692951897968
-0.519483053134452
0.42800901999625074
-0.5262011365430792
0.4603825454498247
12.452716500144113
-0.5368824319082759
-0.5745749208502331
-0.08475223057115466
-0.5195675814342796
-0.5244257903474364
0.7793722587353218
-0.5199610605710906
-0.1420988056890965
12.456832463145862
1.3586542968325093
12.414214728781019
-0.5193621608405476
-0.5367942747316395
-0.5703047137267092
-0.5695375234607842
0.4732753562351182
-0.5295999238030052
-0.5229081206218545
-0.525152885682914
-0.09963270202755636
-0.536899430920019
-0.5588498590966993
0.4901648560655987
0.43711792902452373
-0.05770084813123566
-0.5187478425997073
-0.5331126905952901
0.4311132502080772
0.8197558576476619
-0.5040381008658215
-0.5407375067199933
0.43903790799613485
-0.5422482717081945
12.4013700369482
12.439775631287333
2.1637008946058156
-0.5687618657550726
2.3336080021598193
-0.5297320615250909
0.46912462088034235
-0.5387914827348115
-0.5260067841355351
2.3518447910020197
-0.03015340395014754
-0.5645947023332802
-0.5474709425879645
12.35677181709502
-0.5283680934829779
-0.5489262191270858
-0.5681471003512002
2.296384033495745
-0.5484443695780736
-0.5176722500222728
-0.05866085616309713
-0.5303635048440185
2.246346789276418
0.42922323995658185
-0.5280631967812959
-0.531385025705799
-0.5238352740297967
-0.5114273833993839
0.4593793347845103
-0.5090761251311223
0.4531198547154671
-0.06000481637056354
-0.489028647412854
-0.5321952714037448
-0.5526522770811366
-0.5398400919317521
0.819042720858152
-0.5270336422611355
-0.5563026686265367
-0.5678355884224008
-0.5410389805126379
12.389765741219788
-0.5487086669340234
-0.5672740958674858
-0.5398721788691709
-0.5673350757394405
-0.5676736820625237
-0.515234257392509
-0.48452714356162274
0.4520930395589404
-0.5737520694300522
-0.5708436048729699
0.4490659054388224
0.4754583811563602
-0.5270960010083219
-0.531950564927502
-0.5737816458136831
12.390060314109876
-0.5196264952173448
0.46991526467030886
-0.5301395201324723
-0.5669591894340271
0.49822895870986383
-0.5510132983256313
-0.11580486740108908
-0.5186514799006547
0.4267756594845389
-0.5649070461636412
-0.5417147676684277
-0.5699520922629087
0.41770309445543474
-0.5241010498305609
-0.5213974813860087
0.39155509059547877
-0.5181393104956539
-0.05434245195672016
-0.07720803264850684
-0.5077327154651723
-0.5230448100083056
-0.47868376250987565
0.4850455391436257
-0.5688648981989569
-0.538650020727927
-0.0807039798319521
0.49225653576445105
0.5004765778749503
-0.5647961292550405
0.4411445626935644
-0.5243902880622748
-0.5257543470401939
-0.528166603284555
12.373934347637944
-0.5367860567476131
-0.5389311510428314
-0.048265412018570486
0.49024988600928654
12.414059380117068
1.6815875070036574
-0.5469630853248182
-0.5219275411968504
-0.5456647786441764
0.46838725044742513
-0.5266384182944364
-0.5233631639176984
-0.5701815443327551
0.49324481333497294
-0.5769185335920324
12.36525980154959
-0.5738067601457296
-0.535656093684511
12.407074473606466
-0.5590869766395962
-0.5251098386119701
-0.5297551135479879
-0.5685194754799929
12.42640715219623
1.8190740394060902
-0.06375113922873521
2.2161303120498
-0.5580931925938164
-0.5696128228765207
-0.4788782543271931
0.46249557639771743
-0.5200656603874987
0.4512431772160628
0.4668551956758973
-0.5360370523717546
-0.5260319024086862
-0.569022284341888
-0.023962481832730198
-0.5638470708682022
-0.5320843613062206
-0.5744575805562384
0.4217531956657006
0.48406805020443944
-0.5383080908171574
-0.04067957281457801
-0.549043692752452
-0.52247377539973
-0.535069741703027
-0.5670633961647329
0.8005782371458525
-0.48326619244601
1.3658432580308097
0.855437743934322
2.3281459443774346
0.3922735623646709
-0.5535863314290268
-0.5213232719499917
-0.5283259090716428
12.435997117795562
-0.4739989250244955
-0.1060642968871478
-0.5262950603477947
-0.5330578633991828
0.39448403850090696
0.4432281973478365
12.430424890239987
-0.590961061230665
-0.09630262016832314
-0.5244600421854835
-0.025580045534185802
-0.5158982910102757
-0.5023654868688812
0.8226949150514348
-0.5404226711332716
-0.5650170367090055
-0.5260877857402196
-0.5371415303594692
-0.4957197051522857
0.47258909720860065
0.7700068023127413
-0.523557694418064
-0.5221359443753699
-0.035058103058384193
-0.07697936736662436
-0.5217890631844291
-0.5199857822206522
12.421449955353616
-0.48608454602215534
0.47615795262110994
-0.07208834932673214
-0.13058963836446702
-0.5476233317556272
0.43554497252416313
-0.544628138840168
-0.5004848813452258
-0.5410199916643463
-0.5256526936619881
12.43778144007976
0.41624326115843013
-0.5204339941961966
0.43881054155605215
-0.5458631592859005
-0.570811476063556
-0.09005722225146806
12.415006704407281
-0.5333409695249232
12.476688084815823
-0.5112228936119423
-0.532444392362533
0.36657977260586505
-0.538090841703216
-0.5094619508376022
-0.541583502064831
0.4552834955897296
-0.5220423060964994
-0.5234529282407061
-0.5433984499535649
-0.5292199429758466
-0.5321215993636259
-0.5205412460051516
12.41545965155834
-0.5077566461718246
0.4273363147275433
-0.5133185870644941
-0.48726139047329076
-0.5318014559988211
12.409859810663978
0.848403685887927
-0.03277607203457178
12.403196957219308
-0.4968624187832781
-0.10149288370960574
-0.5610650414049934
-0.5333720657745515
-0.5805165811513671
0.41651958894202945
-0.5543779596458269
1.3906883786368867
-0.5301566393574113
-0.502420585894873
-0.533618136419082
-0.5104383036471619
-0.11112446387450459
-0.5677709805705011
-0.5232713528099837
-0.525665604748184
-0.5290017474691084
-0.5142548219602467
-0.5646917044672826
-0.5434004550062821
-0.08473817739968181
-0.5131864827104591
-0.4783991208047246
0.4677263410279433
-0.5324387447330476
-0.5171376269613966
-0.5018665359301361
-0.5338691329227224
0.4661903440617927
-0.5722845034320554
0.42390046227598743
-0.02867862066931104
1.4084186110729797
12.43865409697138
0.46685368575020525
-0.5257359838309082
-0.07904146807164969
-0.5240056875088035
-0.0634552256826092
0.4772871506070737
-0.5167517384760477
-0.565926534257386
0.6243897170296225
-0.5213761307387192
1.8561943303771442
-0.5728384463635013
-0.4874601586873546
-0.5202197762217534
-0.5246788831431947
0.42567923290036846
-0.12347522725833338
0.4166678827183017
0.4219609970457725
-0.5332401116599375
1.4012182726372617
0.5075695707733952
-0.07203432765816309
0.4008350397571947
-0.5318887058903876
-0.17122845205091075
-0.5752086714196054
0.4747703615089658
12.358518036772951
0.4563775866538018
12.403256208526217
0.830825007968006
-0.5257407472068029
-0.5641837811500647
-0.5386201094078711
-0.5293558847029548
-0.5471019816062739
0.44353726674536764
12.427103648435017
-0.5643496987944417
-0.5608050081084504
-0.5456577403148442
-0.4995102349692333
-0.5123119092962044
-0.5658784746936153
-0.07839330630135943
-0.5742456014380928
-0.5770247675137974
1.4568406502684355
-0.5182295347943571
-0.5681308691657229
12.445253492413482
-0.5393110313320456
-0.5378294316356953
-0.5073372358617758
0.46360471947855575
-0.49267361833256584
-0.5360579491055126
0.8331431548602322
-0.5214408193818788
-0.0603526925935044
0.5331210198698926
-0.565078800900222
-0.5207958297566688
12.37816067174458
0.45077699837553586
12.31511189141085
-0.5491359247327104
-0.5609076484772245
-0.08462771656927415
-0.5345125830752006
2.3694631790492156
0.44189327162625913
-0.5577920333781894
-0.5357551353664816
2.384766559339215
-0.5245195234918687
-0.058002612347105464
-0.5654517353445954
-0.5229918896988281
-0.04580752469753557
-0.5403814979913482
-0.5195054567958657
-0.542501232327268
0.46926918505644677
-0.4831051942698289
-0.5660081419224887
2.331669112765245
-0.5139812325149513
-0.5199134532198998
12.418040549800345
-0.5190684734977127
12.371545310834438
-0.5308242080846604
-0.5448517269399684
-0.06335744531642507
-0.49484416689826904
-0.5368224118570739
-0.46867942754629466
-0.5714307878055237
0.4201403126548877
-0.5141047719762768
0.44965243628122886
-0.5689319621037153
12.498287299224309
-0.4971451211025457
0.46815044534931616
0.4274078668742751
-0.5354888778562417
2.2962888965841373
12.414120853599595
-0.5250017507338036
-0.05130453423390102
-0.5671473579536417
-0.5712813815743778
-0.5241377299099526
-0.5120023245240449
-0.5246699036367306
2.2145643596250704
0.8132206902021824
12.331966577804947
0.646868784724793
0.4587049011331259
-0.5364674064469424
-0.5239753586627818
-0.4892434904829781
-0.5170338932709186
-0.5249606934210431
-0.5320475507118609
-0.5427966116039198
-0.5351890279442757
-0.5719421354309155
-0.5287236637708017
-0.5679812751426464
-0.08787872308951417
0.43284748501712644
-0.5754374022535075
-0.08488744407021986
-0.07182222186008091
-0.08632238660522196
1.5893528188904824
-0.5515617004115815
0.799071932861628
0.46402826477425463
-0.524342685301517
-0.5669956025457005
-0.5670008482214488
-0.45877715638493866
-0.5379301680922542
-0.5270303082277106
-0.5382050165226716
-0.07926343682305226
-0.5324968774528597
2.3728889553287846
2.346267845709955
-0.5382962008419874
-0.5613934624454594
-0.5685757528337387
0.45947249201361795
0.4192498651816323
-0.10040769201877553
2.3248651717643853
2.320402080881741
-0.04734355889870878
0.5055050981849674
-0.09278148675982356
-0.5229321069771431
-0.5271905054239941
-0.05774035807522948
-0.09739267369806104
0.39770355741054164
-0.5293882446335773
-0.4905980688192183
-0.08026515430937142
-0.570188650776461
2.353050996042842
-0.539641013707708
2.3288049892283533
-0.5271470636425869
-0.5685956058170223
-0.5657388600240204
-0.5320819531559868
-0.5588143360608763
-0.5691627638391132
2.309024140485467
2.2664853626524275
-0.5270857299977685
1.8942872663301267
12.421535340042253
-0.5672243179386407
-0.11045125839010494
-0.04200668640938954
-0.5242394280316011
-0.06551891347964212
-0.5402668491789056
-0.05684334156246451
-0.5668351185710947
-0.496858649095997
-0.532931183516073
-0.5237804650975338
-0.5325133098307842
-0.5342109753259134
-0.5673824234160865
2.329350823551001
0.8133639342948521
-0.53736848428158
-0.5326542698289707
-0.5255129156154819
2.1473323367650354
-0.5240069051303238
0.8264257915830076
-0.5355058826613402
-0.09084989911215313
-0.5374313394653506
-0.077046418399069
-0.5292151619995877
-0.08952788286012747
-0.5429041769410885
2.307450801895901
12.354588762680999
-0.5365515529863853
2.3424588358311733
12.402792673490023
-0.5128468430999205
-0.5034175378486956
-0.4711711995917265
-0.520303053912432
12.361420957511639
12.433120018447253
-0.5552011364201439
12.380486901005764
0.8218982266333613
-0.5412982254698427
-0.5060868051176255
-0.5373974765232971
0.8053598086296453
-0.5362490911717392
-0.5316115316549187
12.329644168730042
2.322948759832372
2.297137191870202
1.9587595070180333
2.2220820987536163
-0.5163604955010983
-0.5068305208312773
0.5011049779427714
-0.5689505080652217
-0.08655563008280465
0.4847029149667321
0.46258312422801096
-0.52174237226005
2.234284507017763
-0.5698827395068211
12.361734714949066
-0.522304537963601
-0.5264513479729707
-0.5687974629317353
-0.08328890491933671
-0.5752916589493122
-0.5666444234985963
12.361412787877256
-0.5305704024316729
-0.5268227453402172
-0.5528333768213849
-0.040858584255669794
-0.0956607153487079
-0.09390170960711042
0.4626140270452086
0.4151811296401515
-0.5251683876425614
-0.5758387413853432
-0.5265758076247431
-0.516049305434
-0.5369009608605306
-0.5388300698526447
0.44518583072464346
12.448642402502335
-0.507751631876941
0.41879430065786316
-0.5190990885621947
12.35933031193123
-0.48261281557364044
-0.5644335713178197
-0.5233114736183364
12.357289871036851
-0.537332339779189
-0.5474708612956246
-0.5181226693695539
1.4558565326797803
2.412498188068981
-0.5383584838700114
0.8054926504150501
-0.5352319804845569
-0.5234320792227833
12.419390718380885
0.45246569442320284
-0.48887159775408706
-0.5668966923732366
-0.5396028059105185
12.407381957008733
12.43631515725604
0.4252891875214624
-0.5480380433621264
0.6303716996419712
-0.5735266846478414
-0.07915201105958658
-0.5558172115457304
2.226276559824934
-0.5705815563918382
-0.5394473585918956
0.4614253865664917
-0.5832090244023149
-0.5662829260554592
-0.5186558275431679
-0.53855125602772
-0.5447381441851384
-0.5462335262803372
-0.5686075724632951
-0.5312660552066014
2.1492514134059566
-0.5405966538558179
-0.5079221022847056
1.4517679563715324
-0.08438621385188749
-0.05875071123014197
-0.5227420885222416
-0.03924720164063378
-0.5669348167465411
-0.5407452562566819
0.8328527143596077
-0.48317712765341225
0.8313079015833993
-0.5686096349762977
2.230932375634773
0.4142416155082931
0.46967100336500445
0.400916289884506
2.40800519739492
0.4547056842578354
0.4911990617738524
-0.05150212543400645
-0.566337287448485
-0.5244126531019523
0.8188491933494557
-0.5857968521765976
0.46165989210778835
-0.08828054562189291
-0.10182805497776615
-0.2360364299360822
-0.5725129828191797
-0.04394687516716145
-0.06147219735206333
0.8532891853798705
-0.565047521570986
-0.5367921576682158
-0.08272516316914569
-0.030206515962266978
-0.5356477601647471
-0.536045369161204
1.467306678046503
-0.5274820117638275
2.300486654945039
-0.5255767171380303
-0.5227737520797451
0.8395204178062304
-0.5085603368298003
0.4169337825238959
-0.5748371160714388
2.323425268455313
12.458448305198605
-0.5266155801665953
-0.5865012713351039
0.4850682453418138
12.390149401887832
0.8512258103303741
-0.5309406439880531
0.4844980397040166
-0.5487209947323599
-0.5686125716710151
12.339565777097501
-0.5673589608766823
0.42842674740074127
-0.5305899169943482
-0.5408590168192633
-0.4847198348439774
0.8900291370639235
0.8281646144960506
-0.567959744093955
1.7640202119654134
-0.525190693434264
-0.5284006333707876
-0.5247904816163196
-0.47522203213455316
-0.5398179315287018
1.4699581002192577
-0.5734461824598558
-0.5216227862149421
-0.523604673204664
-0.5692610292108917
-0.5650901895181363
-0.5286609757456888
-0.5280317020866715
0.8487395725560066
0.37794105513617215
0.4487995541529446
2.308862039885917
-0.5225049369300838
-0.515489486048724
-0.5345665506715062
-0.5343663402527434
0.5074287039435206
-0.5258617814955774
2.344717312829238
-0.5711402476625005
-0.5696043475084999
-0.5290587400979558
0.4581737403065289
-0.48322311491666403
0.4972249480941995
-0.5284572020722575
0.40205046702783287
-0.5354219164530243
-0.5728987821314476
12.396605905753958
-0.565354919040961
-0.5185973727771892
-0.5695758687620145
-0.49954336969784674
-0.48257506031123665
-0.5644787096338515
0.4667672626920132
-0.5413771991466242
-0.5469935432219352
0.42393606183703314
-0.5456215868731712
0.43234612308953047
-0.5185084741497115
-0.5378941538041779
-0.551275662130081
-0.5147735785190455
-0.537504912535486
-0.08498161768343415
-0.48308810202674357
-0.546000127382563
-0.5103600296637244
-0.5611020304110707
-0.5264106711502179
0.4367900481891056
-0.06355881844355327
-0.5386089186169344
12.441721274516407
-0.5304106622244965
-0.5740349384268971
-0.5655544140594525
0.8080425001837814
-0.5728531190428918
-0.1486423797477585
-0.5356025817888062
2.1982087362548794
-0.5595054105167467
2.2936233346045607
0.45668454580836837
-0.5339612289218527
0.3820485553937911
-0.5333667301037374
-0.5327962980011819
-0.5676243600769301
12.360027096182037
-0.5215064520145558
2.36654389101214
-0.03996820840189563
0.4151099771490243
-0.5638293130640537
0.42043910039774635
0.4699195815069914
-0.5261475074711843
-0.558468595320447
0.5046122653855063
-0.05626209239754654
-0.568240160579301
0.40328000360740335
-0.5671722628974283
-0.5660541774001289
-0.5221639673837171
0.4264220527235487
-0.16128741952168002
-0.5038306495673319
-0.5669535373425798
12.429968201912944
-0.023965054500564298
-0.04188758405868509
-0.5218181285454837
12.358992755927376
-0.5231958394514931
-0.5231886976028698
12.405649329756645
0.47659365910436424
0.37885475956357473
0.4175149228063997
12.419552689567187
0.4719679965371588
-0.5706512522074103
-0.5193163297952774
0.462756447897124
-0.522553725395666
-0.5687921805205443
-0.08655621868568875
-0.52237532368978
-0.4824426604967521
-0.5553660234815564
-0.535920944114356
2.3592491724548488
12.380463929446442
-0.5304482870348889
-0.48135774026424394
-0.5248050746046392
-0.5351219298693605
0.4404024993242186
-0.5321562181092472
-0.5226915705507136
0.4907842841224015
-0.5168661387955089
2.3314752123099884
0.42109017485664535
12.421644295582713
-0.5344218831481637
2.33199616963028
-0.5286356051222357
-0.535104495368355
-0.5684324915325331
-0.5025775039070203
12.335966048529528
-0.5214840076310999
2.3192840667345602
-0.5695873119078414
-0.5700322708764125
0.4598498449761539
