-0.6944394466045749
0.4404618790358548
-0.5512119314969797
-0.5634290357259181
-0.11496737043675231
-0.5823152221545979
0.19994332103768708
-0.549273302826847
-0.5101796527592026
-0.526924573253044
-0.13153415019696202
-0.4661189606257611
-0.5348902359655743
-0.5663454299463886
-0.5408041688105132
-0.48167793413404303
-0.10516306171801737
-0.09020985027664119
-0.5399435755475757
-0.10869406155718997
-0.5863406356144075
0.28518497664929043
0.44154996301621385
-0.4876528136304993
-0.5167936993434141
-0.5356567093008231
-0.558402747940913
-0.48323863343641815
-0.5552414131850867
-0.0444559411761738
-0.5444050969442582
-0.5422906373553457
-0.5177957128564921
-0.5029818633006748
-0.1291771805150499
0.8277457472959514
-0.09199089579752928
-0.5604821530243739
-0.5344240694282558
-0.5141143884569901
-0.5006395473187452
-0.5472007464258749
-0.5067080408616743
-0.5030135936298321
-0.5498894706359196
-0.5628029975038388
-0.5493301274328986
-0.10227951051698703
-0.5435174027705891
0.12231540400809626
-0.11723623889464041
-0.5501607701968403
-0.5558615477377365
-0.5878740507228233
-0.5590656769251077
-0.549203000831098
-0.5373440479159601
-0.5420381889352662
-0.539419119994286
-0.5373043939590151
-0.5868267319019815
-0.5232721010712917
-0.11412324498550608
0.9063665757714976
-0.5554191267303792
-0.48481152717831166
-0.53604102888511
-0.5083203606629974
0.5003159021450916
-0.5527174198366407
-0.5206892087867502
0.026539056683993145
0.8145463343125406
-0.5536236501278982
-0.5569133988495629
-0.5498856258133706
-0.5465077980471336
-0.03247584278199933
0.5465383117750737
-0.06221886714792668
0.39727128515909405
-0.539751770476455
-0.54722367087998
-0.5435866477851402
-0.49484206997548563
-0.5569054399907823
-0.07185730857833217
-0.533588327535134
-0.12262271653055812
-0.4417521073459073
-0.1405946243604761
-0.5456404866453439
-0.08031022889610462
-0.5498868602977991
0.44821247541657216
-0.5155403315582072
-0.5546342430648789
-0.2794907614161546
0.853543528482853
-0.013209197732127809
-0.5038484961239483
-0.49430186294806333
-0.522955411766926
-0.5604559353763505
-0.5491741967466293
-0.02073859600291661
-0.5165058193266738
0.34133364110852427
0.7657606703071054
-0.5632848848997771
-0.592023016571105
-0.5886177831995056
-0.5425936305953432
-0.5498700884682975
-0.08793995527409315
-0.10221020232823796
-0.5570088196085028
0.810089244545134
-0.04013373672134213
0.7657104974844424
-0.5584949344430147
-0.5411070897231245
-0.5096173544647401
-0.2632062250941476
0.1643179247805573
1.182887214833205
-0.5559777557491974
0.4411107596991788
-0.5695512836816103
-0.5092987257288993
-0.5337364962912077
-0.5884720197542644
-0.5137561192978436
-0.5344371800646326
-0.11821138841378576
-0.5640910853584089
-0.5474822308750547
-0.20588573175879854
0.45084619042205354
-0.09502402043593883
-0.0622639535506303
-0.49492898335832625
0.8230659440031658
0.43201041044908206
-0.5041118214676141
1.3422154658257484
-0.552354026808058
-0.13331642606715244
-0.5352906529718119
-0.5404360436023691
-0.5631006205021489
-0.08356261179307534
-0.04814644749401409
-0.46220192023011275
-0.5296493882655277
-0.15485363656966522
-0.5427689358277764
-0.5567670830812361
-0.5432195061536949
-0.5364728873060445
0.8322023593980882
0.3763232757243573
-0.5374717578414238
-0.5653022023792253
-0.07491748364318118
-0.5417947116398615
0.779362250648649
0.8179543242065515
-0.690308936142076
-0.5330389216069112
-0.5033781317830837
-0.5442912702920414
0.47774817985367085
-0.5450845464888925
-0.10806340777497814
-0.5309161270057376
-0.5071935381845472
-0.5445563399528257
-0.4502382762629842
-0.2626320612180614
-0.5212781737781995
-0.5009751247689732
-0.5472106893752917
-0.5550874809757254
0.8562751074918413
-0.5324056956087948
-0.03914569923350819
0.01707791471566744
-0.040338716123992535
-0.5323326121880125
-0.5412134710431762
-0.2786455808316204
0.8500792277936086
0.05024841798339752
-0.0813406906589006
-0.5067419724099693
-0.025848287747626042
-0.537710101617347
-0.531074357671593
-0.051966039910126716
-0.25097328122336415
-0.5431759912948533
-0.5646805227692089
-0.11798324442302588
-0.25734680961841216
-0.5575946626942169
1.3854128998173099
0.506438624911939
-0.5170474352268281
-0.5236291802699682
-0.5049675866213879
0.4539729620603439
-0.5040510987317068
-0.05029350389226939
-0.5327064876302721
0.4571151452877791
-0.5378968747648998
1.1917288307131821
-0.5188198845685013
-0.07062507113510585
-0.5295785184117368
-0.285261121627017
-0.5859034796229213
-0.05849365397334971
-0.5464241950002191
-0.5636192380204939
-0.5509827052252154
-0.27854343296059847
-0.25287853971265173
-0.33778149384059497
-0.14375148392379267
1.1691841633747473
-0.27842110900843986
-0.5387350820690091
-0.5059738927180748
0.39792994980759544
0.6774061944893128
0.6050081615176163
0.4421732180135094
-0.07431319162557926
-0.27991491933404444
-0.5566584976836304
-0.07853479272600239
1.9860010856679173
-0.5552040939606312
1.3661895351157927
-0.5350638283091942
-0.541956380567553
1.354755100841256
-0.5106125322087608
-0.5316056425943334
0.8863862276885299
2.0286787382763083
-0.540605662126994
-0.534307727259471
-0.5825378062135566
0.7560120609455137
-0.47936917139326185
-0.5496726048714752
-0.5970851817417162
-0.5521512970929656
1.340098172119723
0.9041216923411444
-0.03465657752623397
-0.46701537228930623
-0.5486765349048248
0.015627229363323725
-0.5517178487140931
0.37396596825314177
-0.47199037264227883
-0.5976178541969108
-0.5719338944628675
-0.5407772186314932
0.6523483009084038
-0.6772098579259805
-0.05455260225264047
-0.5669101641558019
-0.4712481185359203
0.6316785547746055
-0.08197371659304364
-0.5425598824019472
0.6467498500658175
1.3849471289800424
0.854421052358422
0.4074102677021334
0.1326294979822558
-0.059193359999787476
1.34052034040718
0.8774415283728303
-0.17355059954492202
-0.5428930480624132
0.42560158032578554
-0.09063223211018945
1.3252551378416653
0.7637345314810988
-0.019038243528371135
-0.5351743925965654
-0.5711080553482742
-0.5543504277210747
-0.14237910522463904
-0.5021658262814924
-0.5324371778730276
0.8700766006902798
1.1217015441207838
0.41750152953836794
-0.11176559737080416
-0.5446532211045918
1.382128462080849
-0.5441595443690751
-0.5394052562466336
1.443033482602993
-0.5895316575731311
0.8639199699321007
-0.1439214853751979
0.6112403033228243
-0.07916081450764534
-0.5352011498557774
-0.08509870922913965
-0.5365109806332959
-0.5444629523132558
-0.48023060534952067
-0.5364950755273217
-0.5242764854597576
-0.28418662247043835
-0.5310431994045846
-0.3910404098826211
-0.07368270373787955
-0.25834142389145387
-0.45415960247051024
0.45592861203844004
-0.5753192474190101
0.8317931644863489
-0.5435980197851571
0.8585595879905348
0.46426933541050164
0.09718449253020656
0.4724553518231107
0.886785467509138
-0.5282121983226358
-0.549408411084374
-0.528072142535329
0.6195151463705235
0.6206456449212825
-0.24741182835108722
-0.5076671447865349
-0.5581716126759361
-0.2022542635140815
0.6331704868381056
-0.45367573149216156
-0.2594005926911874
-0.5389017753363785
0.46657199211970135
1.3690888283045786
0.42868269939288234
-0.5266360235058593
-0.4955808626312104
-0.24256648523825597
0.43149516435176194
-0.10603530375121706
-0.20771268503690288
-0.5384990108493962
0.9259486772933657
-0.10572180591253122
-0.07147435451291928
-0.5365011306797485
-0.2637595521030558
-0.5134464412962505
-0.07988786915194213
0.8317676888774149
-0.5048903189159688
0.48311493479225187
0.4112881042903407
-0.5085514917567335
-0.07947552987709472
0.35360302951441946
0.6532854272924542
-0.0682150054716768
-0.059801753442939476
-0.5604751941625338
0.6332130629151376
-0.5369753733491592
-0.49121221039370677
-0.27514589303428305
-0.2788969545241079
0.9192014382155937
0.4474265779786226
-0.2718173772212521
1.2922507221505384
-0.5331503039913592
-0.5298928348397675
-0.547331348907963
-0.29963362109475167
-0.0753325017369787
0.8596865147022709
-0.27595697780791484
0.6062002431366402
-0.5151635941908546
0.8908471809251705
-0.2738095017830635
0.039433755885100785
-0.597873202315234
1.1215024835655005
-0.5089309347789284
0.3919711933331307
-0.5588179756450877
-0.35204196293003
-0.5432917205983193
0.8483789362539319
0.6232781159913541
-0.5281210166250809
-0.05544593957599919
-0.39434549552215015
-0.08184728034628419
-0.5324398101492446
-0.15210828783797292
0.4465489936807143
0.6172202305563173
0.3688615202278255
-0.10289312721810762
-0.12028761145210143
-0.152079056373976
-0.49357537261111295
0.5118625628405542
-0.04003689905432817
-0.2725058852824789
-0.1275296927570675
-0.08712223481726122
0.4697255350112821
-0.08735895496274193
-0.5527179001085218
0.6005907365287136
0.7625582138680085
-0.5486450795908948
-0.5829412018285033
0.3850089859056893
-0.04849199462511011
1.4378123546682353
-0.5131767422241453
-0.20726230597365103
0.8411721504052754
0.6318304981924763
-0.5749632488427157
0.48761541854731183
0.825124468511196
1.2041322277267588
1.5067538916926404
-0.534060058347969
0.48167601935245075
-0.08189659549033479
-0.5839536074769909
0.9841975227769707
0.6049795270042908
-0.5888995462047841
-0.2108083172390547
-0.26151348817518894
-0.5132924060555495
0.12165145857590254
0.26917921761130414
0.7016455607828715
0.4471983823146004
-0.15194986960844947
-0.6045637333615601
0.611060692451521
0.8224050257992491
2.0633295810320584
0.40531095931083394
-0.5279438615288898
-0.5354966433857087
-0.5501595485660495
0.345526483007516
0.6127694654284236
-0.544138081965099
-0.5105235144171062
-0.5535916978908084
-0.10786289214000278
0.5969610521143623
0.14283663385642198
0.6178524951166459
0.6253270931794532
-0.06943479145893339
-0.5713144830725855
-0.08496491556739616
-0.5618492600015955
-0.0775415602078211
0.8189726460918451
0.826463224209565
-0.47208699272548027
-0.5174701111792444
-0.11065772745149582
0.364793794871034
1.410696766535601
-0.4939215617428667
0.8362104388905633
0.6270964552504714
0.00918970928732965
-0.47173019536369143
0.859126994200479
1.1842602144347587
-0.06795173799067256
0.8652590991777808
0.7070614495341767
2.038814048999665
0.6297797168602792
-0.5507012214030962
0.3912319736002825
0.6028264869160571
0.3140858176422181
-0.06953817359907366
0.8705768303064054
0.6195021472538765
-0.20959657922242203
-0.0727631025453942
0.6108926799287888
0.6570153014641982
-0.06359943555542369
1.6291916417387948
1.798240036257217
-0.2182398516795231
0.6091495476352619
0.19159234383250157
-0.15004944295273115
0.3907837414332884
-0.3337471190306758
0.6076438651981032
-0.011492785796750615
0.7764387281461065
-0.09464761720270409
-0.1522325652954606
0.14280551639272931
-0.4927973885623863
-0.5601044863510836
-0.5615327002614834
-0.18335674982768246
-0.29391456214219436
-0.05814473225655714
-0.10448802396009371
0.5886472773330342
-0.22135507642352836
0.4708543373619205
-0.5370947627842824
-0.5302501513190876
-0.5176236828768468
0.667717144379014
-0.042678618590701434
0.4234385082706962
-0.5007673372075534
-0.20261222850625238
-0.07500675046361527
0.6093336798114217
0.6715423158718326
-0.5106676712040936
0.4260902537997284
-0.5143638712841399
-0.4976461665777244
1.701960382085576
0.6204559114678581
12.429049330819982
0.4602341445193172
-0.2952475075533125
0.7986124889287094
-0.2821636624710758
0.8816679988974776
-0.5320568484884789
-0.049707388049172074
-0.09271933726716897
0.631180161052977
0.395221591769751
2.0163353984599848
0.6301982922261486
-0.08525766912700283
-0.534885146699817
-0.2975816417698336
0.48804333800520316
0.44128871743809994
0.43870605081891334
0.426417001505057
12.445688400636449
1.312815707983178
0.6055820978627773
-0.056354052814126754
-0.5223225259739654
0.6070933168315295
0.4198670864951275
-0.5404070286807072
-0.05704369661502662
-0.13764154481571178
2.2692453698843877
-0.5443124905260917
0.45518498991826073
-0.17455083890717882
0.8500986308125398
0.48062503068743645
0.741894424779044
0.39480960936379694
0.6225019703765006
0.4602952863855305
-0.5121413398512719
0.8382193210303412
1.4220336446046244
0.6420760446248698
1.3600135717504684
0.6499683337528002
-0.09860107053677836
-0.4956195467435983
0.6490462775589786
1.4282030526625147
0.6555690753279104
0.8147154679732892
0.8696718236103732
2.1270678308856112
1.363210628096147
1.4704049048665435
-0.2182995134797071
1.619669001685304
1.312841779359058
0.6432126723421591
-0.03259589425522613
0.5349863520240479
0.5962087845019116
1.420400555523685
-0.5752319880530703
1.363893729774517
-0.1197073897243286
0.4064117690953639
-0.0746444119230143
-0.5699891429988323
0.6413324854939174
-0.569148166637135
-0.2297901138019286
1.6899937339160258
-0.12060020716533337
-0.23121788281387334
-0.5282400138991403
0.4514815021968339
-0.24458661880506194
0.8738351946450855
0.45752969402470933
-0.28418560220950606
0.6389629338452929
0.6461301625940934
0.14206240451160457
-0.5520419822105515
0.7733892649635359
0.8246387627560244
0.6453166816123925
-0.5240784502484239
-0.5522166593938241
2.104558024478514
-0.21942807600105363
-0.54607572864625
-0.5121756752608506
-0.29188278079789565
0.6251017431976547
-0.22147773880563004
-0.09096182551188403
-0.10624143460034474
0.8273227925194708
1.386277404305181
0.6290774256802059
-0.02453867061672954
0.6043495097128863
0.4468181408114609
0.6478685816090465
-0.5954098037086197
-0.5004786369315164
0.4469744749710809
0.6071140584751731
-0.19474973655680727
1.3601467646868846
0.45016668789634506
1.0875123885876046
-0.3156517420448536
0.6257970889018504
0.6469750676636773
0.447535250730007
-0.13318098426693736
0.833151405785615
0.5948723979319329
-0.2629597192969527
0.408968334934823
0.8130694129130843
0.6582597976840461
-0.5427072673045694
0.6325235306638555
0.6408688762339233
-0.07980383010408354
1.663889256719465
1.4012400197823263
0.6227712912180924
0.4999281244959026
-0.4626654292319097
0.6077880544965503
0.8617820268562912
0.8610708881772551
-0.5073047612206214
-0.5272646071292193
-0.22649266932657242
0.8412638904447607
-0.520369337107625
-0.5593297908274195
0.6075325470621808
-0.30012324544090174
0.4303283835329639
-0.13776238733672608
0.4029789360963998
0.23225515694281507
-0.09966649092088842
-0.4581304727553509
0.4493283805723931
0.7433093786304956
-0.22222486154092624
0.6095415833824814
1.322819537019056
-0.5001758427554298
1.3078132067708106
-0.5109175159871722
0.6052270733766194
-0.5606645222072004
-0.5709978939294895
-0.5403485041264627
0.5421592592301288
-0.5616708680302349
-0.5463310105096518
0.6385234038461558
-0.5554029682476692
0.8577110460228307
-0.5663824105870163
0.06967190541922585
-0.06385961160884557
0.0077210611714906285
-0.48531682476722493
0.4709073513459261
12.486990280274183
0.4196801028972592
0.5909328982355885
-0.47539983748227443
0.6321610341488099
0.44381931225678595
-0.3028168700755208
-0.5586161365436357
-0.5610591574619714
0.4449209293095271
-0.561160669319132
-0.19021226365801736
1.693179279803405
0.3826759656933918
1.670103487878376
0.38631474414720657
1.377719438175503
0.6091170112931868
0.4795780119455224
0.6108987860363384
-0.5104378456608647
0.882500223147008
0.6060040866655486
0.6404787032445698
0.8914349863784344
0.42235844639046705
0.5998452896236034
0.38928195877687477
0.4652256910770094
0.4549907845480703
0.8057834998108171
-0.15993576171360102
-0.5333524582753463
0.44077467710779183
12.407714389521542
0.6202288739326776
0.6641443591732538
1.3752650309422227
0.4115500515928312
-0.07323716598952257
1.4313249718743357
0.6191506902495457
0.8321767384468443
0.6515946118796149
-0.5060337126858098
-0.2890556256467577
0.6367040726126239
1.43177271227465
0.6368904347931512
-0.28301367846036407
1.4029634106364106
-0.5257917296290828
1.407734706672399
0.4482172400024691
-0.4705638961152746
0.8030064204847506
0.43199448795636974
0.8473917123193871
-0.2576274279366725
0.9968447290641559
-0.510881984951626
-0.04049272612507204
-0.3139341598579686
0.6469391239751768
1.373102909028697
0.7645839804266932
-0.2785556445815306
0.9280876679346001
0.6173535329933831
0.39200709960055513
0.3279161300480742
0.012632370411343796
-0.007345354375530411
1.4480377299686662
0.937430472898706
1.3252927271528097
-0.021419806220193016
-0.04745105697661878
0.4242952954827317
-0.5372174455559768
0.014630948789752463
-0.5523612253521826
0.6033277141187596
0.4560405867911699
-0.5243485628618829
-0.10141052004057083
0.5945736779405395
0.43095046567965567
0.47110389083323656
0.5972294856454311
0.052295712460489696
-0.043073499398382786
-0.05187211367815825
0.6274567193515598
1.355935419032654
0.8735631621425409
0.6328783031984329
0.4474178146695229
1.9814778864510845
0.6025580421214793
-0.5687328216377208
-0.4964059734191233
-0.5477621657899583
0.6208890900470213
0.6555089265221226
-0.06808635001513341
0.6161140452100747
0.6571528558586476
0.4199571533627593
-0.11224328376176895
0.4313127896819027
0.49267745893018344
-0.09819956389014284
-0.5082555457560434
0.3392810795824097
-0.10301844369399094
-0.10691944315708335
0.6144219787955034
1.388130303642332
2.0615449346978285
0.6061769274930559
-0.5262727768345222
-0.525145714227935
-0.21944308912272736
-0.07868496422518967
0.46684904125597426
-0.5542844562893585
12.44182914067833
-0.5245899458888624
0.6150644181706445
-0.05379801402543394
-0.10801865267509614
0.47082950421136505
-0.23485142056653996
1.3442693217820085
0.8652751326590598
-0.04719393418447615
0.031394088971977485
-0.5394933095002132
0.6153814921663796
0.8553649312991667
1.7423547361722918
-0.042136858467107574
0.6369533753551126
-0.5114065659306107
-0.5366334146149317
0.6154349360585107
-0.13096279532369925
0.7712011077038394
0.4888993985644059
0.459557661844616
0.6376693528658506
0.474611704457625
0.6165003919421849
1.4413669306315289
0.4173463859720641
0.6598896947056376
0.3953557096207523
0.47808435995974796
-0.2994471552594469
1.3581073438133588
0.6114052835330069
0.4623671394242419
1.38555929074846
-0.5294336820582852
1.2015041964537616
-0.25728851236348005
-0.5280603902446871
-0.09873878287631166
1.480520458146085
-0.2379214175861124
1.31083127220672
1.8794946540517692
-0.29897462673135955
1.8877228452945964
1.300495965566803
0.8698704426075208
0.4051038940859093
-0.11573202875621169
-0.30159243998230945
-0.1342986438488435
-0.4994607706250055
-0.12441506172955741
-0.09663527315157838
-0.5773027012946766
-0.5245661095219484
-0.5112648468475958
0.6177623382266749
-0.11839750111093328
-0.12093380206304738
2.1735755629213918
-0.5528169438134409
-0.22945856521556485
-0.5435006502106965
2.118754516900377
0.42388885755042693
1.49366087041494
-0.5204103100421245
-0.25267003900743545
0.6151495821442287
1.4160552520231018
-0.5901296805453018
-0.5170631819857521
-0.033898197088051196
0.4506801459512637
-0.21301731060842322
0.6225140178047366
0.4727345992325207
0.6548223542721822
-0.02845172679664365
0.7767980897707999
-0.5501351278606739
0.6276347274611388
0.4476360238086512
0.7696409488084586
-0.0347927873839976
-0.5510149256035313
1.4871079735879051
-0.5586358729355094
12.421390722822402
0.49566337282767137
-0.08576415233475965
-0.5793067726023696
-0.05394292700046366
1.4670892448162347
-0.07578437839750063
-0.2943796624112356
0.4276123599918018
0.4469837890161492
-0.12079475564223863
0.4520443193626025
-0.29491826637288765
0.39301787020492385
0.619081737842406
-0.024261579771304387
-0.2323480626610881
-0.5363848839769569
-0.3186762907644327
0.8177396705147052
0.44348988216386664
-0.5505278559086157
-0.1267624702464577
0.4348495254672846
-0.542871029131947
0.8880392325031734
1.4968944656093972
1.3493524756273572
0.5909333720905511
1.3282900517886154
0.7479605226517381
0.61746781921326
0.4660126557720088
0.6228607453993689
0.611084563981232
0.4595314708770566
1.3777510559281927
0.6368415065152121
0.4376250489763276
-0.5481186198927418
0.6266258811042275
-0.15343744326695774
0.6265728256011008
0.607401331579758
-0.10113464632433578
-0.5383865701059151
-0.5468468319757783
0.5990957843073549
0.8141468570142396
0.8706895083758492
1.3186172514372652
-0.05918508433627789
-0.06726792768173995
0.6872375184029076
0.6224713886047243
0.9213726972755374
-0.4324840450016796
-0.06505300986134954
0.14918454761023114
-0.16421511508617703
0.7633717925379719
-0.2902000273755806
-0.5630213771538455
0.8872037670316897
12.416752148998597
-0.04728680142125208
0.5908584001745523
0.5973299891520715
0.6748243954815147
0.4502894655266283
-0.5601622259712375
-0.24631411118768365
-0.30148331587071053
0.3952143648183326
-0.5097157434147775
0.3538690884268836
-0.5251807922149041
-0.5443277145290952
0.41682200904001965
1.305445610564248
-0.28081666577426523
-0.3169860813500097
-0.08422497249102079
-0.25712614185263116
0.044603771383364244
1.363349360779979
-0.3138048211311347
-0.5702150622301081
0.6747613007462998
0.1953481216286621
0.39062440524675845
0.13347868364848403
0.4555703961126991
0.38604192478178834
-0.09354235341180639
-0.217693769664976
0.4270485001542468
-0.2896084114944081
-0.26123841472265796
-0.49927253691371587
0.6235479028181503
0.6620426941168495
0.7695192440515071
0.167867450487309
0.5336993035237145
0.8098301458821735
1.3920214389669032
0.4598928895570179
-0.09211291562656765
0.6136553445148673
0.8406100686771758
0.6240871692051259
0.8187167815956206
-0.5380686993757682
-0.13145282901904898
-0.5774414544234687
1.3892616192560199
-1.6885349639021765
0.607112230819426
1.1213240095762804
-0.2497600191296664
0.414328097833935
0.07632192105545377
0.38801900088282504
0.4211657685977772
0.4407008917963353
1.3901448132766185
-0.5388607610444883
0.8319362027406652
1.482385551530685
-0.29999556053173215
0.5895337146864432
-0.46954658199830157
12.338138751431588
0.6010198235556304
-0.5915575525125296
0.49672716202131983
-0.10209952229304786
1.1103727326387771
-0.30830016530570326
-0.08053468923522533
0.6184635596412763
-0.5515989102985216
1.3428226407770403
-0.5169447684145976
0.4682468737313259
0.1762828867395123
-0.5633451944010076
1.7631156958977914
0.4783794020710541
-0.5337560472739608
0.6188455352289227
-0.07323315202545277
-0.5012956842653218
1.1667742439988305
-0.5741637211662421
0.6533549752901482
0.597229267082286
-0.4919655431738027
-0.15328634709168165
-0.5628236174029666
1.7727740222717048
1.9441557851577764
-0.5208823572620511
-0.12935774495890495
1.9266806607882936
1.669771941220853
-0.4278621552432159
0.4667778589825613
0.7123265130609575
-0.5867640837330136
1.3689877712522138
0.012871203872646175
0.6042462654661229
2.279733548262299
1.5076757944025851
-0.276362614978617
-0.3139262035466015
2.0214770795963446
-0.1156525230036759
0.4355164825176633
-0.02850870012895823
1.5491872632183574
-0.0678349571143857
-0.10513967793130674
-0.07655352325985931
-0.5742110894817813
-0.7362680460605382
-0.5635398967041013
0.4118565556085261
0.859688299883373
-0.2681122919742499
0.5517408549848712
1.1163815299105289
0.5874308709540905
-0.5328416977156027
0.2795954473602176
0.45417114708883943
1.3157016055020037
0.33263822389343095
0.4355238563112971
0.41903254077740315
-0.2431782576019308
-0.25830110631118797
0.3935007018348029
-0.07765562749872756
0.06100483681854252
0.6779186002885111
-0.5209097630759051
-0.11649442032803936
0.8129125450859866
-0.541887781147439
-0.07895912757393797
0.07275293485701417
-0.6062977310292326
-0.03971926619393962
-0.13107109284286533
0.7102952555707374
1.332657095923039
-0.5674947932575405
-0.5581887797727548
-0.5651931666863593
0.2655501938200213
-0.2987791745702375
-0.23467973947913912
0.4428686489968796
0.12226553401010065
0.4685693918098688
0.5336643522284881
0.0018163831155089127
-0.8789827659889008
0.41320958165233734
-0.48869044525099614
-0.5661250002069071
0.7570967800371893
-0.26969922602943697
-0.24034626012522997
0.11774940171045821
-0.49039231716712295
0.8358406350390023
0.4218868747809792
0.7061704634681767
1.882025160956393
-0.6012120324450235
0.03490426658125512
-0.06392003127507007
-0.5329465669153773
-0.14884734647578735
1.177346198246576
1.7723014739293375
1.6070984328913938
0.46624277137086034
-0.5113293869703708
1.4860491406349858
-0.5660202960699154
1.366201850770193
1.8872178485131397
1.8743830939006323
-0.22255762213207664
0.6391335603125744
1.7201872874326136
0.3027785801136387
-0.12957595266229416
1.365620915937113
-0.03761458450732491
-0.05894844690150136
-0.022205212031168986
0.4642288604656952
0.40515580226420833
0.4469938114806491
0.8867079319661553
0.5307251979323215
0.11313064949981033
-0.27142333744811087
0.7964963708142851
-0.24352772516654397
-0.04727768693259771
0.4030771118348433
0.29596064333124983
0.751263220143977
0.48008605596987675
1.4248935174966737
1.2905815088795758
-0.2912169856750797
-0.562872692508994
-0.2806762156656595
0.33629142910684706
1.3876081041105197
-0.27196648907273013
-0.1091140539961829
-0.5617511721638273
0.2502546579524718
-0.26916340066099353
-0.24295754674374315
0.18454753261477075
-0.10213176436882554
0.4505313696504931
-0.008918408630210761
0.4724124815932902
0.6077145592043227
0.4093719041874213
-0.5377517506931806
-0.2946253900552962
-0.29708354664697445
-0.10900618156689612
-0.27852722278262765
-0.5899851775988827
0.43510894887222845
0.4837608211469745
1.3794777265357723
-0.5270039084014003
1.4226850463452843
0.3920828850302087
0.524895218962784
1.449572409564195
0.4421660555516169
0.46269187238100074
0.8703044869722235
-0.5795334150183704
-0.523161864632353
1.265825563883256
1.2014638739499808
0.4505395306394395
-0.47806343080794045
0.6403344997279719
-0.6126859633182391
0.618792863517975
0.4899115189601393
0.7798167715318172
2.1599784912765037
12.379825414808046
1.9824544018564707
0.4069368406382501
1.6926181308821322
0.637314772977579
0.21196855289452987
0.20036916362028512
-0.06798180255099673
-0.26031596150545366
0.43136219834081513
-0.027141115684708117
0.6514329221722956
-0.2761282750011067
-0.5611499525608132
0.6314988880668744
0.15516663503342398
0.4517920201718868
-0.5427747645019179
0.12795264604334822
12.340457443663356
-0.028309685398400064
0.4371395268910092
0.7814797526948516
1.380577355598416
0.863982865031774
0.7472808313800026
1.4125922805912148
0.8307763356294872
2.1764268660778394
-0.006179187754654203
-0.09119756477502017
-0.1287543507015506
-0.05954627611477015
-1.325885188620062
-0.5220651907757645
-0.49275768339074955
0.6127335055205637
-0.537618635732337
1.6966784457444315
-0.7294580512537248
1.4334009614560335
1.6332734116363488
-0.11581927989710039
-0.026964072140805317
-0.09080866133238574
0.3815602292585596
-0.10340969994288196
0.8063490704092118
0.37208022121590156
-0.09733614199386109
1.3193418290548198
0.43773103849256256
0.6067576496831351
1.7508840889290807
-0.14768674909944868
0.862285708625353
-0.5630637067546223
0.7925762189422789
2.137916090304599
-0.29163169172576286
-0.5497059073752486
-0.01866384307448621
-0.09727273355140487
0.7849108722096038
0.8371318444772546
2.3487706673875
1.6870099141781827
-0.10902199144046676
1.3120083602295873
-0.5346436433905486
0.8130738414826284
2.0861656983625947
12.385612374305502
0.6532906633694106
0.4648919081729328
0.4300220445765621
-0.06984914596482938
-0.2953843819731574
-0.5262784391334123
-0.13432447601408037
1.9599723754382152
-0.2282919499188626
0.4410902717891121
0.6104423103973787
-0.283518972898967
0.7241289251025753
0.6105936640386289
0.8100788869315729
-0.1279112802789254
-0.12281769066988257
-0.23994086293116001
0.4376633376595056
1.9383236533413237
1.3663511686132586
0.6734577665304982
-0.45817902516910547
0.8359676125274489
0.6328277632459043
0.8013721041858959
-0.16498429141938487
1.44176486579134
1.4293481912974086
0.5107244369486754
0.5365646606905314
-0.5161634970228011
-0.07614753229659343
-0.19158049945379785
0.44947940228311256
-0.08138161798499555
-0.5687092679246313
1.2098184147237936
-0.09724215748613307
2.115592282479668
-0.09452955906746963
-0.5015500746730044
0.6137249730822063
0.08467711405928902
1.6510696727453413
0.7925321060216075
1.3534191015205783
0.6140703062804338
-0.53255039310156
1.324311316152791
0.4323178617226755
-0.2761550326693687
-0.06412753650955794
1.350190807476656
1.738634287378681
-0.5428850692924803
1.4313133300025518
0.4777202577030031
-0.575460248112298
0.8465418794820774
-0.11401579024313413
-0.5511482410962809
-0.12041118749679414
-0.14280712087588288
1.5133939497748414
1.8738308467999338
-0.5607925098391964
2.0184181275581095
-0.08904898060862587
0.474984321802681
-0.471808227122518
12.351214978676733
1.441807319953915
-0.12745648152441136
0.47350127246136964
-0.06450151595265341
0.45692429861137995
0.6157320826440313
0.46341380747790906
1.1822485193420924
-0.5260515078874847
0.4940873837205355
-0.044555861122855034
-0.13045045139873757
-0.18228931914719315
1.910649813064384
1.9461877759610955
0.41278362110434896
-0.5351941015307673
-1.4902554369233134
1.8677247997654733
-0.1406276045236774
-0.5778905315267433
0.4277351531977178
-0.0626016941945059
-0.5263607221871589
-0.5384414268672051
0.692213749955173
-0.5621174561767603
0.4221774426433389
-0.5236070118836591
-0.5213413202647093
0.45571497555412543
-0.1572177586652469
1.2817036799226715
-0.09584558793742592
0.4875071369419752
12.389673251084567
0.49829745692601257
0.2451609965133612
1.3947811282475524
1.3823685368253722
-0.011312551388141912
1.325487379776644
1.5097184980091165
0.7580854330959714
1.9965366562254125
0.6188416607629242
-0.5538203336913398
-0.08148264495635382
-0.5127343488050764
0.4225488481054284
1.3627758720738885
0.653495958399006
0.5037713123000931
0.3617182703752264
0.6621694123169444
0.4506508476386206
0.4305936699669306
-0.06294900005961879
-0.5632757209149911
12.409573470820664
0.43923477375895215
-0.5169987817252367
-0.05727559641766089
0.007569974135305468
0.3694034906481787
-0.2646779774174385
-0.524853549664563
1.2211172868723634
-0.5771511852842846
-0.5521229060463231
1.353545838967243
2.2247778605926603
0.0018379873766847243
1.3442239683227897
1.7693080315683547
-0.26848021023296087
-0.5469075387034479
-0.48754860746222906
-0.5201033042280511
0.8016638154523117
1.430401635485909
0.010287396749081523
-0.48127519312485223
-0.5176165119114582
1.2315928613903058
-0.5278470392128574
-0.2507205342251033
-0.2192990207522696
-0.13653148503845547
0.49014120652532656
-0.5567850720235555
1.435251067299299
0.6095781126654017
12.360061185608918
0.4282335262326056
-0.10427427203232331
-0.5683549679585063
-0.3050078144370516
-0.5571086699620804
-0.04969505929403195
1.385650907097885
-0.0838144859498352
0.6165331199157151
0.4875531896139813
1.4509643730350683
0.7911982451445174
-0.21273287625235804
0.7733115367474854
-0.26072795297174256
-0.2135968042058214
-0.25498031855368086
0.7238824837062076
-0.1354480402214726
-0.25511997535865816
0.4728963550021237
-0.08570112233183302
-0.27704495186464406
-0.28555231363758515
0.4524946284362772
0.42861093354688484
1.3849473940673045
0.5329633794121333
0.45633958373049754
12.378665501026658
0.4535726618867755
-0.26939667469974005
1.4395084246131367
0.771747688756776
-0.09286559903670877
-0.08174381010504916
-0.2632796202729206
-0.10778089365001331
0.7124813473029223
-0.5054359009423316
1.3655832212789354
1.915414748646759
0.8379094658198485
0.14435327689495847
-0.2554278552671674
0.38025579187304037
-0.5234553844508139
-0.2699321605577506
-0.2388913249027914
12.353387892514007
1.3547088956489226
-0.45660447520749503
-0.0725187578094536
-0.28356568084403255
0.842205370566033
1.8209410933948238
0.43162234568373714
1.8632351351158714
1.5224333160481016
0.11222535135147571
0.6045943846757241
0.4523587870624226
-0.1070167806881589
-0.4837730701702808
0.4243756870777269
0.6794452806350431
0.621862359295471
-0.5368579916733438
0.4497742764231485
-0.12378698751567652
-0.542088847928612
-0.544332933539545
0.40514443468738826
-1.3474557086139545
0.6055883624437083
-0.5360644458548928
0.8680765455885074
0.5167400151933925
-0.537896438404508
-0.562914544474149
1.3631346934611797
-0.4519318097456081
-0.5488307626420448
-0.04302329610701616
-0.09348323045456364
-0.5765503738508588
0.4990404270256972
0.771910357400071
-0.5611561019115077
-0.25131431005794813
-0.10366361653359646
-0.5053566272483613
0.39647779322078724
0.4681470625414974
-0.2973475020527089
-0.08201693837049762
0.3668638445124073
1.459526649529678
-0.47676579846754874
0.5083432258459955
0.3051907232051574
0.5356811569139568
-0.48558744669143805
1.3592245930661822
0.4532048189030531
-0.5008832567715749
1.1342600921296038
-0.06883144037382805
0.5584632409065462
-0.5065071290211315
-0.5315780742884575
-0.5493888333732677
-0.7428349594583257
-0.43406160252556947
0.43334160043525904
-0.06265266684316506
-0.6253523942942953
-0.625885754025512
-0.06449283790174998
-0.595359631937658
-0.5182539906277039
-0.5660324586529332
-0.550141170925426
1.2851037646946397
0.36215933521473354
12.377100552322625
-0.5011889479700368
0.46031984644414453
-0.510743004160223
1.1673789136365404
0.0017342430449092117
0.3790253254866262
-0.6097747100488655
-1.7803631259625141
-0.46615770915870747
-0.5164304629662264
0.3468724693803114
-0.5555524950946329
-0.46280589241906145
0.2790959789964802
1.2056742379657663
-0.0666012302993151
-0.5892069614549513
-0.450494049722296
0.6499873791296588
0.8073035157519792
-0.16881672822397187
-0.013359735350856154
-0.5746172900902364
0.3604970197978852
-0.4965583962802519
-0.5363141063828741
0.213731132542715
-0.3037133011269264
0.3513478191834809
-0.43834870354512145
0.07288736892779563
1.0291595126018145
-0.6189732801536105
-0.5621488719744732
-0.07452932032692583
-0.16952413072518463
-1.7301866840751754
-0.570046197999447
0.05011074100064894
0.1501214630362783
-0.3714882412872127
0.4543841275779978
0.6835237826537063
-0.5868398063690965
0.5417211402742038
0.19591075687217988
-0.06592732941959167
-0.6015048975377832
-0.45732687464658306
-0.2128367165566314
-0.5546041983727976
0.4471120906706394
0.8297667352329016
-0.4845240090567875
-0.515676568719292
0.9064729060523637
-0.5059596268067934
-0.5199997264846518
-0.5831735241334179
0.2549678826442636
-0.546884648453166
0.4914365684270814
0.4219270835003529
1.3134785271366973
0.3849836710748451
-0.41895413608071286
-0.48358973872702293
-0.46918576022407843
0.39082847629469075
-0.14142470021020226
-0.5973274821855985
0.133135640240904
1.138793781792986
0.0209462390711197
0.3698056866240125
0.06409869070183907
0.24781457764901488
-0.6346104686073502
-0.19411358460135664
0.35738958528004816
-0.5343319368369867
-1.767468518077255
-0.503760977865939
0.4703495331512756
0.397660799251126
0.7698777528207992
0.7744654661144132
-0.5606081605938051
-0.5955206386018961
-0.1995237539831807
0.19640149854268873
0.1334532140629864
2.019773685448771
1.463871660963134
-0.5155422627930681
-0.5937629414535486
-0.5387493270029273
-0.5296733671341673
-0.5385422875222476
1.3314270877709893
-0.5278829186955878
-0.24317655734106924
0.0181757159471961
1.3028686024722662
0.039244812264230565
-0.4733092293871979
0.31861111978920115
0.32404098660972824
-0.5303000111461882
-0.4702188239961548
-0.5604414041811367
-0.457827944839432
0.3815838898435641
-0.4654620477951471
1.2084787293040233
0.4516261106742902
1.099594791302537
-0.5958619418048565
0.473103445714967
-0.09231441699801513
-0.4973197211873195
-0.5257093138048854
-0.5210065820509714
0.38648220833366387
-0.5797732006206062
-0.577044547095878
-0.48889730010022747
-0.13525156425688412
0.5541359955751636
-0.39593871179508455
0.7482295280314898
1.149754411358154
0.4261277122431288
-0.5438374726236704
-0.4721773842844076
-0.13230317451566953
1.2567254330522188
-0.639969212756483
1.0839815798227004
1.3919795202908023
0.4960296875375996
0.42317870857750967
0.39035764105502246
0.29787367124605924
-0.5170839004469759
-0.7713394528055504
-0.6252866839095663
0.8280600342793302
-0.44960898584163445
-0.3234722798052171
1.3891476970411252
0.3441179439774115
1.485368676998872
-0.49728356630856574
1.2690391717105807
1.1787080819815972
1.1490651324537569
0.36171724463014043
-0.6914220253021586
-0.11125161674156125
-0.27559606532451497
0.27561172675528556
-0.33732982029589775
0.6872281471517252
0.3388533945431836
-0.5106972786171118
-0.34790749536990273
0.9982234470423907
-0.1336108069358608
-0.13961337593212853
-0.4528786631235239
0.925720408765167
-0.574233811600742
0.7677458924145674
1.0782958034839831
0.49284027088944904
-0.48269350151135726
0.9642223858412915
-0.10735108798180448
-0.554881271406041
-0.3023561719608172
-0.10071065577115612
0.5602971098892701
1.5063353791844882
-0.5366967535056442
1.2822583790774522
0.4781800068912571
-0.8272830032290974
0.04297283040744482
-0.8225039429748924
1.2492442516247704
-0.534781314336852
-0.7114240647103481
-0.43955642293743546
1.0996387522964834
-0.07310719998383697
-0.40121397903872524
0.7322658782326836
-0.5746952562204901
-0.5319710156338361
0.8039698851323579
-0.5711965898582311
0.0007745902161666596
0.7051516848367633
-0.008954691183063246
0.5272793137021037
-0.773746721081813
-0.9898088232220341
-0.002835370263429726
-0.6303850469806719
0.7905492134249246
-0.481049385004801
1.017535627293651
-0.32127987688000686
0.9570770561258987
-0.09528079224074582
-0.12757188988934604
0.4898552451017245
0.11208247118550463
-0.5218075705111768
-0.2912515520116633
-0.6200295669633609
0.5084236671747344
1.4013273752043933
1.094617670149688
0.8157029645618634
0.41275773956653994
-0.5125019824522951
1.334569367205817
-0.36173195054479795
-0.7334342714370153
0.27940013345668696
1.1428013007361602
-0.5250601532831841
0.17666185277372196
-1.7346252532820836
1.0953202722166022
0.8061647073601165
-1.8446728641811276
-0.5492509640621923
0.5302868066566645
-0.6630542536630105
-0.18572285239122463
0.26904027960415267
-0.10269465582985549
0.6986000149310635
0.11313093971783508
0.39042382579515067
-0.10780250526652069
-1.8337975509023852
-0.49163812213946545
-0.5810529776387141
0.3647609901291937
-0.5111286822620265
-0.5620291385554539
-0.6342086728487565
-0.5094961221100807
-0.38606840969189427
-0.569800794709754
1.139696537386317
0.33184725956667577
0.6202788232128861
0.6671375626591679
0.6854907415935336
0.42302269845238544
0.42408434976203296
0.18028764448329454
-0.48855451033860764
-0.6239603889912751
0.6947900160602383
-0.5307961865365571
0.2974066871700416
-0.5654421800286216
-0.22664417767684597
0.37003763743112505
0.36358572174467946
0.35580098605569466
-1.3291127938992633
1.2229388062662612
-0.5364205941179171
-0.1473783456527954
0.3616333320236012
-0.48011850463603345
0.5574937530514666
-0.6017698989658608
0.021819242333292778
1.4175802346182989
-0.5900593598178105
0.4510393570366611
0.3567806867648295
-0.5813388823565391
1.2668384221267597
-0.615680167721628
0.38706777886008104
0.334659237538318
-0.5077564379300794
-0.6290496840502202
-0.2546420051457235
0.6958879701715767
-0.6517919958046978
-0.16048006957227828
-0.48450145397814737
0.6447650031247055
0.7822402113424364
-0.5869553165298078
0.14146133414190254
0.9748079202508481
-0.5864992565759137
-0.48784092101816
-0.6183514342482377
0.5702228575289187
-0.6837857402309812
-0.5720462779186226
-0.3488700905678436
0.36676391458575586
-0.557392745511902
0.37465984350520265
0.38619283115830755
-0.5623865695008761
0.9314358842971296
0.3455013086197112
1.3295730505619587
-0.16338614808223317
-0.0678406643236511
0.7659414679918347
0.44350149009056833
0.9192993479337002
-0.5540788061674902
-0.1864782014833885
0.5510063798173758
-0.49227707959360223
-0.5652348025809182
-0.6783212395453967
-0.5777525963836516
-0.5515474061324743
-0.14231250584236876
-0.20867897765251064
0.41321611009153286
-0.6054435350161588
-0.6024472297211212
-0.5816569650766145
-0.5576926119416561
-0.49058139867515493
-0.2877996584336213
0.646655723981925
0.3323530362895978
1.0670745010455311
-0.11101767288696929
0.3058434966957675
-0.5294379171037061
-0.07297783498977783
-0.5670874316449811
0.08016388041375233
-0.5474415762786881
-0.570491171987983
0.3531372917411659
0.49355818983549693
-0.5698199910467057
-0.08184706926535967
-0.12644798856912554
-0.5758870923925375
-0.23009139062168593
0.39586503564569125
-0.2585902823360201
-0.5224248838534991
0.8283240894792963
0.5610971469037461
-0.5097431675732484
-0.10971466388824891
-0.46033310482428547
0.9395321751454098
-0.5226680400787033
0.3249553210322089
0.9109939845811789
0.6717532970442995
0.4350248673657255
0.8576314062466375
0.1720790504622498
0.08381001360056871
0.3568207695396994
0.45594321555406603
-0.3811320696903906
-0.5997616606520735
-0.49034580777595793
0.4143668712381552
0.6041266089683744
-0.6032445135388645
0.43020910260233236
0.6321869325127198
-0.5469969710224404
1.0573830542881346
-0.5655596267192009
1.081495192934977
0.412379767924135
-0.548408398887573
-0.6054125580097511
0.6230812913446533
-0.6351922665546124
0.3830706768381594
0.4092596497835581
-0.5110231801318983
-0.5351126112869686
1.1492781011377688
-0.6507168178406119
-0.41829015519793106
0.493849746888935
-0.6779915228127957
1.2474349642136435
1.3229731931871278
-0.4382713881733099
0.34931296780994003
-0.5838614005020846
0.16337824222147398
-0.06578370084582019
0.7334932615475681
0.842022529765339
1.057506798143119
0.7550955853111894
-0.538202271465714
-0.6229736189310324
-0.6557174860804551
-0.5970811346194677
0.47204729957260955
-0.08171894163621041
-0.6650417435754539
1.3326195416569442
0.7574880160776378
-0.6349108211937742
-0.1206657160873994
0.9593095949134351
1.0109941947698298
-0.1287383586607233
-0.5879911051238182
0.9591821957962737
0.04838699185270189
-0.5099668943731488
-0.5133213791456883
-0.5483431965951798
0.46623617084047253
0.5292636500556706
0.4272384024784427
-0.4992468918440409
-0.5821646123386659
0.37341581640806426
-0.5647419987582961
-0.3069478789516227
0.7809098826817631
0.44534465370189324
0.32304747351911495
0.21887350071978506
-0.07248286000061854
0.3907271047198923
-0.17123381688428985
0.06422410367295162
1.0146850068033368
0.30113927497805276
0.507262892586858
-0.5276041517243673
1.1665289365281744
-0.5299247969932857
-0.6430480899852865
-0.6032174837844799
0.2505737532203489
1.320884710024544
-0.486293907100238
-0.5641391928697593
-0.5301325562138761
-0.5898052508612505
0.8238708592783934
-0.11001536640615994
-0.4680744820007622
0.7255545388169621
0.12989008884470787
-0.13176404791082041
0.5746505921460965
1.3048796683429047
-0.5773153197022615
0.908558571237933
-0.518219840057492
1.387235982525203
-0.6086873649435484
1.4681787913410793
-0.5562296849937339
0.9486962021291582
-0.6623378108303384
0.011522229095549452
-0.6297723696119163
-0.5827241643378331
-0.0837369322103424
-0.5711129775005928
0.18563322847462627
-0.16960336886448713
-0.5335603532542492
0.15879979328729088
-0.4805127796635963
-0.5581821862920919
-0.5531012456753042
0.8662244866670701
0.8011933992450221
-0.6193940248426265
-0.5300908454905714
-0.08767365693816354
0.20296991965305322
-0.5798974357320601
0.663278327976788
-0.5809899773269819
-0.00309553235588389
0.3559097331505139
-0.5158007357228218
0.4290502262461069
1.1612293712975936
-0.14179143368213387
1.9694289287795714
-0.5997000126445214
-0.49321570752425303
-0.5590793018967104
1.3819066712430386
-0.10073378131680599
-0.49551127658767924
2.221516095072426
0.0032725606115586725
-0.5146345777556938
0.3538005674335586
-0.2119711018325846
-0.5182514744116311
0.3819369848969372
-0.6774216730216418
-0.28395086906817024
-0.15109654223640578
0.41030523199293384
1.0464524328317164
0.3759900375578742
-0.2503221183989994
-0.5431055327438103
0.33243200733862965
-0.4170103953414259
0.658902415741853
-0.5363680528272852
-0.14462111337323946
-0.4809508642506183
0.8031702454080305
-0.2850545180860098
1.4686450312487713
-0.5684499935642933
-0.6698235131747154
-0.4690676540589387
0.13250167303011762
-0.5807695216465611
0.6468229821120586
-0.4984951821453012
0.6968315901953943
-0.4361910205993964
-0.16562539540684773
-0.08549045662705823
0.4203442085915141
-0.22497455101871822
0.4982253424897001
1.1393339860117284
1.2460799161906237
-0.5124760799892155
-0.5257029723783363
1.332554374306297
-0.5024993166993609
-1.7780971869706486
1.3852881957965244
-0.4840103322197704
0.005952372829101993
-0.5887525398562176
-1.6208177301504256
-1.803873043699213
-1.8098331072971847
-0.06154877721245844
-0.7559031067025557
1.1813832844827572
0.3916944827019717
-0.24623461737777685
-1.719687048541121
-0.2870890357129452
-0.510970833408877
1.3825856688347784
0.6936092034232303
1.2460803058362002
-0.8567963318474037
-0.48080742983625024
0.019325578283284628
-1.4952020558254648
0.45171318797789595
-1.7043571050352377
-0.6250732717886068
1.1625816390249475
-0.25642981882573224
1.1638018739530342
-0.4704509111791294
-0.18862981936976642
-1.4353806712360488
-0.5474166183366207
1.619842507153169
0.4217490756432667
-0.6089623998303122
1.3589100432495806
-0.4380309466867658
-0.07460226914505153
-0.7258571290991279
-0.4407268111897452
-0.5783639929930453
-0.06578547831920822
0.47654715001336334
1.2783841735739834
0.5053788508043987
-0.4749568145949421
-0.4706505453378763
0.33082321442503254
1.2635082810931357
-0.5300591284430188
-0.24637701387421196
-0.5643674193823044
0.03133259446288972
0.15247025299376715
-1.7440010422123147
-0.3090978676274091
0.4219443182022087
-0.47951067786222645
-0.6344392379781765
-0.5310409583927826
0.3513222585922361
-0.7269877100398989
0.550240752179756
0.7042199637653789
1.401476573215629
-0.5324680594028048
-0.1628578304686915
-0.5808182786526526
-0.22757831172335863
-0.4632429058202798
-0.2613533074691564
-0.12135518406302848
-0.538992913342577
-0.40973272765358415
0.11764773837716191
-0.5421505910179174
0.6488245310113977
-0.0023781290721459625
-0.5386757397255979
-0.6261918923971423
-0.28805681359886115
1.3120209875510946
0.38094914984561856
-1.6283938584783857
-0.27428311561755003
-0.07713273273325183
0.374890313640981
-0.24828829377931405
-0.08371856755074214
-1.834882495683438
-0.5819554912526155
0.3721333805783964
-0.6277022460695829
0.38776695106113424
-0.4797573088591216
-0.5034697448020776
-0.7523760491418019
-0.6254635492999948
0.3741563124458674
-0.6089999885272595
-0.5628696783570959
-0.48684605676845116
-1.855719194928598
0.8689841553821753
0.402025247384334
0.4638851723842543
0.3943775023632219
-0.5586199643608614
0.8744250350102675
0.4308862158267095
-0.130366213702106
1.0255630039348056
-0.6032360317322008
1.3225500765832323
-0.48581401864566043
-0.25788551778334823
-0.5606157688008468
0.574388959306348
-0.3013152527700579
-0.563833519212156
-0.10710019950716199
-0.6646221136495368
-1.7710101137292256
0.8136709073853616
-0.116968007374054
-0.2247382504682639
-0.11308531367148789
-0.4998639841364255
-0.6088122244997518
0.15394507179752326
-0.2703338542993162
-0.571689003237235
-0.552155369211639
-0.5583550433371756
-0.5579010936518176
-0.1720984722926544
-0.5048166881764791
-1.8667116120043352
-0.5373087012860488
0.09696904640400117
-0.3542963673884285
-0.5392164510290655
0.2523001124564461
-0.6385812118938519
0.8239259390682889
-0.6179204076639169
0.38043191749984795
-0.5549428146672495
-0.01527129485676737
-0.07273087953126278
0.21256266345758568
-1.7376944156472462
-0.26335766870723254
-0.5770064948263591
-0.562277570662042
1.1823911348112421
-0.2595563914214636
0.7028734433008421
-0.5520363694575591
-0.5251154123464781
-0.07920102268123808
-0.6211578983484864
-0.5059361741290882
-0.5433091415907906
-0.23024494937721074
-0.5196811988238006
-0.5758327395588666
-0.10406316513304681
-0.33252060473180867
-0.10173770090293799
-0.5840994165233551
-0.2387994496631547
-0.0748433557254502
0.8077464634739996
-0.567132144162891
-0.4956722846680178
1.4067876219851168
-0.4807929148318687
0.447135068835546
-0.5366829424647355
-0.4983816863186765
-0.5912814179129229
0.15264823166374186
0.21878906172584411
-0.5558821867015187
-0.14148887082906736
-0.07041707619112214
-0.5523588104858759
-0.5301588447534812
-0.5903639170302402
-0.5096697000123522
-0.5353576869138301
-0.7038096322789971
-0.5830640648916987
2.290773825435955
0.5299969130614925
0.827742051448332
-0.5187533631099723
-0.6108472698783758
-0.5452346850095662
-0.5657601362501286
-0.07777589976234611
1.7259970405692824
-0.017199227910965176
-0.5323199173230524
-0.14338769454863753
-0.5846575148485874
-0.47359373941028293
0.2285409801163858
-0.5526634475646222
-0.11330045538563438
-0.14883302437626256
0.030822376620693426
-0.5528355386426886
0.36492511129657323
-0.07287324515048332
1.4002609613523511
0.4744383204997724
-0.1165238711038904
1.1207708314555918
-0.5736684075723824
-0.6220961097656774
-0.0504934402452506
-0.019640690227062163
0.8172599202688771
-0.502399494464684
-0.5623746545434232
0.4073608175246377
-0.44399426772201045
-0.10772238518653832
0.431782649368728
-0.14358126598458287
0.2677769358494777
-0.37537949795496484
0.43863429753610106
0.8716840550759393
0.05098851714169128
-0.6101088179296434
-0.12399183087053023
-0.10368114523406413
-0.4719233970233323
1.3889289401987033
-0.6167229330649943
-0.6049215249560306
-0.2664633014302067
-0.2859719730853132
-0.5559107175564861
-0.6600152817038711
-0.5196471979866186
-0.5217339791560264
-0.0538357921089353
-0.542755027881125
-0.12238576770653486
0.36047606616073835
-0.5567517083321021
-0.4646415022423044
-0.4627999593255139
-0.08325977954989372
-0.5005960997155214
0.8014027555728059
-0.7161639376077571
-0.601736444656594
0.8277315762397418
1.6555363169171047
-0.06466789593099909
-0.5641069207743552
-0.18186073953261328
-0.4892222826938444
-0.2335558894944545
-0.10849156236871715
0.15987452624818066
-0.4182448062811095
-0.5743896820743548
0.17559254623120069
-0.2532729572367046
1.2634833740238054
-0.5446607978706635
0.021520380502707104
-0.13537212401725118
0.5778049081396675
-0.5398805465851949
-0.17199822951927857
-0.12597111553820295
1.392546557813561
0.04295341925724805
0.31022932454152974
-0.6617957936997305
-0.5502846266369049
-0.5333331982541041
-0.05607957641180372
-0.5232904505940955
0.2824062860585501
-0.5594567915433677
-0.5523989105597404
-0.5715759496038862
-0.5178903132795343
0.08609529233220092
0.7544920320267859
-0.09702510525817087
0.3632071468637488
-0.5472979107246287
0.37420773553352216
-0.8184413209068853
-0.5535030092748079
-0.09511921078890662
-0.5923709101849355
-0.5316333788216092
-0.4836674088942282
-0.5500274661351872
-0.5557414267778815
-0.10859331844826858
-0.6097945033994888
-0.6312339396339252
0.3934764187711876
0.47828063276004706
-0.43464334814812267
-0.5372317749053672
-0.494117559313784
0.12678702080477766
-0.6631782662156864
0.4555376547540093
-0.5393670643723628
-0.5114070741725778
-0.5240407428059388
-0.5520844277613762
-0.5931083586466523
-0.5581069205348513
-0.18274797491150674
0.08202443308419793
-0.5532500924774635
-0.5443695012326448
-0.6066842067782837
0.6503265242102023
0.29037105356875736
0.45804411802206624
0.46346753657703643
0.8178172664427816
0.38458685111963176
1.3153761841742062
1.5906414300227385
0.38290477370723686
0.16346356235615733
0.7230310419924033
-0.010084550292985495
-0.11544751278507359
-0.09900939302957434
0.7155497218987319
0.37788235610173704
-0.10635467129831211
-0.41101042661771214
-0.5339391616210825
-0.46415504736712787
0.610249365137983
-0.49633125590376004
-0.03384096755343391
-0.4995006611313909
-0.2553909978092379
-0.4908055454513056
0.1834757178697095
0.10551406346844194
0.10899843754180427
1.3606891717594676
-0.549908760141631
-0.5376380202955668
-0.557030296328856
-0.1671104254929613
0.31798186359117453
0.445206171173012
-0.5186526961761291
-0.4760528877246677
-0.5001589566809487
1.415542735575553
-0.5890428261473151
0.4451072010771475
-1.8896287004195313
0.8238387543056813
0.145575345460067
-0.31569424054050477
-0.1367434440968256
-0.573093350745246
-0.5274762056203813
0.8243106318759817
0.3340214253369451
1.3595978940833764
0.3100035081153758
0.4660015108953897
-0.11828506792579219
0.417747610601618
0.8193879993498921
-0.32000739029717995
-0.014975017362831133
-0.5880543580300696
-0.551631723780257
0.43704751990190516
-0.6131391392055021
0.22083589870237866
-0.5092701040318759
-0.2803871326886045
0.3904856153554633
-0.5721698657325449
-0.2503353785571734
-0.6203838216709522
0.34220406490419575
-0.07949761413292833
-0.4530091594844202
0.34647144884468933
0.38757765004948963
0.37822232592403615
-0.4789446449009328
-0.1429606094535515
0.08129808626065227
-0.32683035723853454
-0.6229496894447439
1.215418283405032
-1.8036852637286844
-0.6421925747240758
-0.11673657746750321
0.44682496971298535
0.00468974009245815
-0.5358329199112926
-0.6136144004942703
0.43176928307078555
-0.4608555510506285
1.1039357246861605
-0.06645664845460453
1.6037055159100946
-0.5455127361468164
-0.532038895773465
0.3075190693591382
-0.5955258299616925
-0.15343707966917186
-0.13409554879071361
-0.08410173712234276
-0.10296141832152961
1.4314851146100573
0.07369630365733663
-0.10365228249212177
-0.5573491274039013
-0.5674773560277244
-0.5617923192026564
0.11778279530589778
-0.5045854303536083
1.2157709357169395
0.3255040645315554
-0.14069692758542507
-0.0009108331946463544
-0.5177795170075128
-0.286080390763643
0.3878698442489691
-0.5691265198157074
-0.5226162239298128
-0.1446707041561287
0.6700464000045518
-0.5700285627525348
-0.7254430716450414
0.24684167155243905
-0.4594370836079841
0.44135642206573267
-0.5312213463307353
0.8298107518304065
0.7252694859353186
-0.5352576931542516
0.9975894355031373
-0.24843426530110968
-0.588579710518405
-0.5756335832665831
0.4420687375944201
0.3521460194461588
-0.32045460175618834
-0.2551646385935621
-0.5369065949763144
0.6457108240178239
0.3693402410627535
0.49338654234941876
-0.5593099730365074
0.40866163293104985
1.1172797194738744
-0.12701042471154667
0.03846482451758426
0.31020732666385703
0.8122767616546125
0.2525198257454633
0.049409324693421075
-0.564391953336769
0.4349767778225466
-0.5402542052557681
-0.21003714655340489
0.6221462271314634
1.1543789571956942
1.5124166460478392
-0.15935629468545887
0.24919794985373045
-0.25995373954719814
-0.560649212518663
1.4681131679647108
-0.08386070551885638
-0.4788840170030916
-0.07527335435102167
-0.552689562114564
0.4208676767718742
1.7385595971183385
-0.6203955178190439
0.63137583671645
-0.5100107669901297
-0.10929350474940525
-0.18082715323121534
0.4237949394315501
-0.6375813269037356
-0.5697520233314255
-0.17943708445193818
-0.15900688065701607
-0.578696578606889
-0.41605903761471386
-0.6014901293130479
-0.5332681438040725
-0.06969901757181896
-0.11494026705470672
-0.5456364644497255
1.188512127372363
0.30892173932195915
-0.23190167484230817
0.337472200723605
0.3288863216526428
-0.06284766797006469
-0.552049907552008
0.34640845400015086
0.41671686689874887
-0.5845037041907905
-0.5906246736288333
-0.1181601356751748
0.012660381318583047
0.2771317226758295
-0.5507010187196382
0.03736362928799797
1.6713902919745225
-0.08486249234277332
-0.4997882123942654
-0.27550922374956033
-0.13580471429948193
0.0276347539334272
-0.6269950218604714
-0.513736019953989
0.05491689126772825
1.7787686625840882
0.6288272829689637
-0.4991241826093795
0.22944628450139515
0.5689690755538641
-0.11788901992215228
-0.6539338498212908
-0.5339736133538804
-0.029731132973090713
0.4202876203684205
-0.5986442324807651
1.1334534611366227
0.6337820862443867
-0.5718221356392549
0.0006179969152240172
-0.5207892237316643
0.40675387284670905
-0.5450115574475938
0.4060780654087051
1.3487104107215515
-0.13142065081018928
-0.5516065843483282
0.3736588474969797
-0.3893412957175624
-0.4925391644758961
0.31138719187769653
-0.07251780281469311
0.364935558304995
0.41915764462440386
-1.3680297950419358
0.41715667473054086
-0.531460193036582
1.277346650882248
0.32591339830045324
0.4236464576014296
-0.5425430015755349
-0.5147888440015422
-0.5178427010032134
-0.0713497243799025
-0.11330051289684306
-0.5726970966115041
-0.6075566147938332
-0.13754976730304502
-0.5425561283080378
-0.6832735384411082
-0.2808376866691199
-0.6625884772300487
0.12397080489074949
-0.0157769873922442
0.7476570898819506
-0.4907469111678192
0.07322239193522995
-0.095555509765329
0.428473070585852
-0.6451346643845202
0.2762437113022702
-0.36871521661580975
0.4251171702085186
0.3835608209319733
0.3366332887608138
0.15879039863061983
0.1300173788752248
-0.5679601410314223
-0.097952120187215
1.3776982465264669
-0.4174912647396509
0.4366208020189159
-0.0842416300485721
0.37645883406244884
1.097577023036721
-0.033476491097104266
0.07762715659300823
1.8331478681171738
-0.10030323155569898
-0.5067913504416779
0.7675721455188429
-0.6151703331140307
0.020146917138618825
-0.5276219586181186
0.17590307642677883
0.42963231185733575
0.039920706402787554
0.7680974126890878
-0.5346078786530117
-0.5187302029261374
2.0191851525248783
-0.6239566785831561
-0.1382554870193714
-0.038427987587130556
0.3608372908536733
-0.17749913276873863
0.9502998498713531
-0.2663733678526641
-0.5308112531163652
0.3822733151070067
-0.48489090212373576
-0.13823179312169698
1.5832183275996548
0.435009108933945
-0.5751902902819395
-0.6468099010037553
0.2694841534759707
0.05593057672672197
1.6171913041564152
-0.5566678983405254
-0.5148874913846013
-0.018299018721553338
-0.4923436520207146
-0.5922306482723723
0.46306436109487303
0.20742313836287848
-0.508192907315439
0.529605773081984
0.6883759059522915
-0.42984131174495965
-0.674485958124885
-0.6458395486884267
-0.027244950434055684
-0.6144735482024744
0.11746782304168454
0.8752403760984686
-0.613715081637041
-0.49175462584190544
-1.7630878236985295
-0.5991491568626501
0.19055002774789304
0.2630029154926152
-0.5446736773813692
-0.6662837124995431
0.47328392840789985
-0.4813085391160825
0.41081887555095986
0.6707014752274862
-0.6157825365598093
0.345629466861767
0.4177322953370359
-0.6685691662269144
1.1778595794368947
-0.5879202788250665
0.07522835767280367
-0.7914826118677007
0.5046685272281634
-0.67501245087153
-0.03686128403417166
0.3438730095884176
-0.5964663893382675
0.7210306786135859
1.12066979844418
0.5969616180992091
-0.5973496517858543
-0.5961589805799861
0.9865837905987165
0.4508304325189928
0.22651433425064388
-0.5646334100427427
-0.6360032086592032
-0.5955954189773046
-0.570740616827689
-0.48240132519145995
0.22822378034928642
-0.5286689470712436
0.11769642075440821
0.32023170988293803
-0.03447289208862225
-0.5177447312867701
0.2641816019604404
-0.6038275667357256
0.1091098385358793
-0.6003038352898735
-0.3892298108133093
0.4834182043672588
0.8636419986537545
0.44755879947621147
-0.5137981364136703
0.3576619645890819
0.5263061545110521
1.32627742141892
-0.4748064928618364
-0.5013510263960544
-0.5629759426308869
0.7123532893672958
0.5918469266356875
-0.5820685911368562
-0.4508072501041991
0.4536162372985524
0.41898014641743136
-0.550202354886375
-0.3447992479696994
-0.5605914742246552
0.3489383980468103
-0.6126784372731198
-0.6224473218122251
-0.6149678323899797
0.881030845105832
0.3618689963140836
0.42950923958570886
-0.6121302962510149
0.4137328857835269
-0.5971786287992135
-0.6359830060230723
-0.38464872285223206
-0.6132172754025813
0.4158917393426268
-0.32324560110141587
0.42076657306191184
-0.4268950477147029
0.46986284831924213
1.194181816081776
-0.45953557406348833
-0.5654649844823652
1.1723579070962353
-0.5104087957051375
-0.38093499920362295
0.3045829097043969
-0.20638185430959433
-0.592715795065442
-0.5263481040001702
0.3624126110039111
-0.5914584583241185
0.2648535866753087
1.3869220737212578
-0.5413388526399694
-0.5776792343079933
0.6279022611875746
0.8847105497378314
-0.5926279324213612
-0.5935258136151059
-0.19126773671618047
0.5721788666000507
-0.641052210414744
1.0234581217167649
-0.5392392707581688
0.23642784790778024
0.2843640129938139
0.7679386770561144
1.798113479356197
0.3123749272519252
-0.6005186061286174
-0.4780616193428072
0.08953318115091947
-0.6126464888429978
-0.09335431464847477
-0.46946429797820055
0.1464602436998815
-0.632046265370195
0.3419986889635135
-0.5750185742503479
0.380807249800651
0.16982420165829423
0.3481341746077399
0.2227081862891076
-0.2429640943116206
0.14514752153027372
-1.7397863448138469
-0.07506034283118007
-0.5253609503580078
0.16950854154475412
0.2520924633432163
0.31358146550715993
0.13907225508937993
0.04432666721068301
-0.5312671974313894
-0.13085394744598614
-0.5968451532569299
-1.7877685465377264
0.34105052540377706
0.18286793241759491
0.04322610012978186
0.2745894040918542
-0.11809548049610609
-0.2836218663195428
0.010747801398013667
-1.735216332328012
-1.8311225802371143
-0.04905464518471795
0.04623458413180495
-0.09547198036062331
-1.819995063254194
-1.7654896608063306
0.04105527002923258
-1.8692961497015532
-0.640878140035796
0.21497744955921594
-1.7174842888207316
-0.27980090710328015
-1.7120428281313582
0.16952105082221627
-0.11574972500784142
-0.4516306226773432
-0.4235380513888466
-0.1652978935704048
0.26927092536805064
-1.719187051811748
-1.754634454086947
0.17391716075561658
-0.29578807913340954
-0.26129717720438084
-1.755796950887782
0.15177234285238478
0.2975416774591947
-1.7371560563386632
0.23639117190684844
0.36169325190253687
0.33879097924344964
0.2065695174324032
0.23737918637957844
-0.09071864343052011
-1.7641341535971402
-0.1281604889003401
-0.5126948163880614
-0.05219297836354733
0.09429674118628623
-0.6231000818853722
0.0941035284600699
0.22610690714183093
0.36040872578756966
0.060423066895750235
0.24456721812120966
-1.8196232729098023
0.31903626411359576
0.26037606477428493
0.3314426787179817
0.24014844740216762
-0.5764232566095309
0.3090121779504185
0.23040723464777507
-0.6370232451327743
-0.8092179792611234
-0.8854287112583569
-0.6768594326038174
-1.9615785533173522
-1.763694885798563
0.24237420678753926
-0.18277870192122989
-0.5994936649194668
0.31197607448164316
-0.1579548693277509
-1.7623851788984353
0.19632138806329863
-1.836410475083485
0.03278014262605245
0.09021336249354217
0.20166200003517903
-1.7538180921355155
0.16187917635078045
0.0751282901666818
0.21103979911856832
-0.4929182446884022
-0.17933843424823054
-0.448433243368401
0.13941717392534164
-0.2672791211159154
-1.7108861837256009
0.158117924874425
-0.04173492028869415
-1.8511657172001539
-1.7896242451406388
-0.6040703739664719
-0.06862311884314479
0.018205952231989776
-1.8277193160641283
-0.6761192489872933
0.03068958642904101
-0.36627984589174656
0.15816336617991564
-0.1252300822570948
-0.25350786049058655
-1.8389508863075203
-1.772703442349477
-1.781726190577673
-0.8814908839813944
-0.12792160055077728
4.135595171185849e-05
-0.23627010990204964
-0.41253134827413623
-0.4866537726738223
-0.5587823266112114
-1.6688818006137995
-1.7536639767507247
-0.7713113652229606
-1.8274318681012707
-1.7810833282663454
-0.10179174490160145
0.14389888660069375
-0.2691105844501044
0.36387871536525124
-1.710649122641239
0.08672038467382667
0.16395917880340266
-0.04233639684920353
-1.7449639958937593
0.24294090461567897
-0.7172317478868754
-0.7869462706393658
-0.015201677185127506
0.22470941550173948
0.026593269260916326
-0.2385164747668223
0.08775028864506465
0.018939506985143094
0.15831605919678968
0.15563361671581477
-0.3053422679937888
0.19602153082398052
-0.5737206768498828
-0.7367181096392607
-0.13423907763262066
0.06901774265247419
-0.15695095942149476
0.0047779322518864895
0.08144052682672984
0.3211231592988184
-0.5168191284913901
-0.1316641164126951
-0.5131463120388482
-0.40997543744012505
0.3827519621394477
0.4000282742987585
-0.3403699910983502
-1.7332155862081335
0.3530430616320519
0.042991437277108344
0.021918611577258246
-0.6783111678213792
-0.21482444333225462
-0.6537066436960205
-0.28738924700647
0.12230807015138448
0.355450858481875
-0.5297262511361777
-0.6139753677898231
-0.2782812178302475
0.32299700787668933
-0.6610904374512422
-0.6546334459573893
-0.6244430691754469
-0.18617636285635586
0.29232414561526554
0.04785462883613204
0.39732816278309285
-0.3944849622972296
0.08022785323671192
0.2690438471055079
-0.1699054904357189
-0.21865684054390772
-0.3516813441715413
0.08463615527625283
0.026371827098887954
-1.7546051802114322
0.04231663726833197
-0.6899233354309444
0.13598251774796968
-0.4230159194026943
-0.7691273635914572
-0.6212920616686733
-0.2921470565329922
-0.3842083123880262
0.36282534518148774
-0.60024074456884
-0.5315982732130742
0.23546769965234315
-0.6285660556236172
-0.5751805712692679
0.30382687092327104
-1.781513081683541
-0.5665047655995867
0.34646275325783454
-1.8669792481890388
-0.3556740435263689
-1.7795835585388624
-1.8243933922237818
0.35229844492475704
0.2552467021650156
-0.4821230286752556
0.1563518740773341
0.3968656834702488
-0.25676848014018566
-0.6558890357006243
-0.5386241452313693
-0.5877106907252005
-0.10128172501818355
-0.5142737479242395
-0.2291410591681986
-1.8845156440500768
-0.5131510764230662
0.23842713144431515
0.13797330968798574
-0.31071313287075353
-0.31866350441255137
-0.4473460883813231
-0.11503717742874664
-1.8355041397422562
-0.4066086901509957
0.3243340996900996
-1.7349755464245937
-0.1621626567635562
-0.2270274819421515
-0.11101904662019774
-0.14258675132991958
-0.6046691695342796
-0.5208359351706496
-1.5778815713577332
-0.17917346015055127
0.15730314350506053
-0.6080736500069011
0.38581214959968263
-0.5907007413587363
0.13368024796725075
-0.27974752761610655
0.5121039386750762
-0.5348883659772116
-1.8000875228297968
-0.4298637678302484
-0.2305906124132498
-0.5807198815631981
0.26281502421375663
-0.35614726681273107
0.1870996812643346
-0.5053252241026853
-0.5896232283346377
-0.6097527985974063
-0.6293061309325518
-0.10418460715917224
0.07334089904788534
-0.5250631441736541
-0.7019005166987129
0.10813770016491348
-0.614629619198596
0.3095963735864935
-0.2159967012297802
-0.5953161434775409
-0.5499094190368213
-0.46540792783741025
-0.21334027636673367
-0.5777003471356031
-0.09081002483177936
-0.20905922931063492
0.3525317779324685
0.3625094781448312
-0.30415175589134724
0.00043380990067439645
-0.5883023423008465
0.06667884701801448
-0.7848502249706898
-0.36010825289022985
-0.23539660212145186
-0.022129797256805934
-0.5983339831057031
-1.787245968869776
-1.756587947507332
-0.09423316914974579
0.3473563340696651
0.12899951510297303
0.210970302716082
-0.03173513493899535
-0.32802450344352563
-0.21972987925484316
0.11091426338967506
0.29137836705831976
0.29600079089790815
-1.8594277983761354
-1.7929226096242006
-0.46476682538104686
-0.2610785197401434
-0.7302991233341325
-0.0646377869876871
-1.819086068732925
-0.28191514004317547
-1.7151972791819823
-0.5808955074890544
-0.6514350219130056
0.30059803889277714
0.008578231154546263
-1.8331633618032304
-0.5386123442816096
0.42814309257821764
-0.1480158346059885
-1.8128836029681559
0.48241558089546926
-1.7667668442285738
-0.20510443308608822
-0.4889016090382611
-1.746356633415647
-0.1295015239445083
-0.6004611761414982
-0.5654066331524873
-0.6075491236640298
-0.6199900811327653
-0.35934627733577573
-0.6599652403531082
0.28574855192830967
-0.5732841077468664
0.16121854962608542
-0.3834387696579722
-0.5770035249657982
0.1417029149616587
-0.5761638308037388
0.5236192661389976
0.238203794776484
-1.8314239849528882
-0.4382660904521035
0.24004722459931813
-0.28454758714135975
0.14642989484294427
-0.15748094935751417
-0.5685998158066987
0.3305471469464832
-0.5785498327477949
-0.571618721818557
-0.5282345698849484
-1.845884400166995
-0.4173174955637553
-0.5733085799392315
0.4501292270177098
0.35551367889371455
0.2965180644131974
-0.6607305597721363
-0.40190328573490336
0.1865499135384151
-0.6090448173406051
0.43009172289084846
-0.6161278174752627
0.2770664759082355
-1.746244662160421
-0.33656051838589857
0.0197564905537485
-0.5288943886509625
-0.5071193393338237
0.04197088303074112
-0.3866561892065681
0.5671417955851183
-0.7431331618176102
-0.6726384785101063
0.14381288795174285
-0.5793930158809144
-1.7274191964363137
0.30856242406650614
0.374052043095294
0.43755943207667697
-0.6589910046666081
-0.588593822593926
-0.569275349559617
0.4455838733409739
0.43233787865101364
-0.19716820843593286
0.4212919883051902
0.4787125271851651
-0.46297176596991574
0.34979232035248525
0.11001082571568735
-0.5860381862901869
1.1771704802357428
0.3320622614919064
-0.31634872285543814
-0.20959619888930658
-0.08497418158986234
-0.5258813485970095
0.38866962742057093
0.4733187806462036
-0.06060490580363701
-1.7443815418296649
-0.5529723465884132
-1.780068653850984
0.24491801326517584
-0.466106743630036
0.04973414408040786
0.13833287782801554
0.4042192609307499
0.29089542783174804
-0.4610761482701715
0.29940046187713254
-0.6922546275406084
-0.6844258250440451
0.13032379324892787
0.13987589350385346
-0.5669441536591717
-0.5282626437785982
0.34258481443288574
-0.5800012336647999
-0.0444134814040682
0.25281055682182413
-0.182084671634394
0.5547591454541767
-0.5483614621192844
0.4716476126349385
-0.49666778211688956
0.6936962651854831
0.22042040935706375
-0.5451334100956934
0.2708138884607172
-0.6617651307188144
-0.48816838083085645
-0.34272794727816003
-0.5509977728291403
-0.4857222228636643
-0.5112696089854689
0.9731229331324106
-0.2894095787082631
-0.5373798833633688
-0.39177410210036673
1.1920545168326862
-0.529556860019935
-0.29330079193165615
-0.38743783757094485
0.3898792373359644
-0.1307523731579775
0.9205373924038068
-0.6935785566811572
0.5069140055375521
0.23657378883590938
1.0788965097625542
-0.503654172262147
-0.23991718618254265
-0.5567892977395948
-0.348799740373378
-0.621777207417598
-0.05607874108845672
-0.44386018592442195
0.23922013196043224
-0.5553246046744875
-0.007690017640210628
0.598188825060578
-0.590541971693017
-0.426694198491104
1.2441180307154156
-0.03604325257171631
0.624828529092947
-0.5926405209407095
0.3777767653548128
0.48619775155554523
-0.4608214366283848
-0.5809688485952711
-0.08909712607437562
-0.49053003920159166
-0.46670866122000876
-0.6016621386512331
-0.5195289837353159
-0.2736349114607619
0.5509104467177465
-0.09929856758196909
-0.5866582843848208
-0.5538078510149238
-0.4733042681640667
0.33890385867628026
-0.06140908498464721
-0.6493028778606791
-0.44382023731776044
-0.4208560894136216
0.654622261109488
-0.19240004420388102
-0.5887889683578564
-0.5931980506450567
-0.4352067675344903
0.20221747122339603
0.8230879614084202
0.44420018588491555
0.044919110266088004
-0.4470570874403873
-0.4564693245101441
-0.10718711306337407
1.3566198605661948
-0.5616291510866652
-0.4564566962952642
-0.48941570438541915
0.6234414882233796
-0.0906159099718643
-0.5425474914750685
-0.547313707459228
-0.1507048678417522
-0.7317956440087293
0.8073583000173699
-0.5256923670717829
0.8659375648941869
-0.558910988186048
-0.5040925256733453
-0.5803131521809515
0.05567619412606827
-0.5292883251971047
-0.4896959043144581
-0.35051114181317833
-0.6202468308053914
0.9840129921440472
-0.5152352292599084
-0.4309052950556548
-0.5007305498558899
-0.4554481176410067
0.4360774196686272
-0.5090562424485973
-0.5649798524605565
0.03371825205623891
-0.6832994531956293
-0.5534336188446078
-0.2803198873792395
-0.5426520374993891
0.5379776160855458
0.49404174410331697
1.3140253850812447
0.7085075523385074
1.2557505235453703
-0.5487981574430132
-0.4976986420684484
-0.5977353112700621
1.248573855444515
-0.5009163380416127
-0.5031612381040905
-0.4727976359519229
0.32270380284179334
1.3062880558594108
-0.06272643185866678
-0.5484879866337793
0.13396661864206538
-0.6235905242906572
-0.5138091965834842
-0.5126277008399023
1.639097036120387
-0.6112058825101083
-0.6829440180278792
-0.5392969421099132
0.15043840135809305
0.14731018307279875
-0.14757226085686614
-0.5780663131099262
-0.4497158401824718
-0.5289307950632192
-0.4905073410335631
0.6731324135986243
-0.14269140878385234
-0.5881769741901864
-0.5483173534231254
1.5190202682233294
0.9577290600410575
-0.5748346314695347
-0.5599012366959066
0.27400504182069113
-0.5225949372065677
-0.5081684327314999
1.015940052861295
-0.4682999369952323
-0.1592104973510744
-0.51294142172179
-0.5709761474172695
-0.5824007347311955
0.8291869475178835
-0.12521820392026328
-0.5541672901320547
-0.14644473200552155
-0.4961140891181788
-0.5793860689147419
0.3380474827975377
-0.6885938434757917
-0.6705995685232893
-0.5664620774154394
-0.5433709590061724
-0.5989205430444747
-0.18030606769540514
-0.625026432350692
-0.5985489548658629
-0.5003662490874258
-0.4752739219802019
-0.5425536310302226
-0.5286913588250655
-0.5263392603406544
-0.4649695541697433
0.7590743847883304
-0.5371030576685345
0.4185398725772511
-0.5544185010315272
-0.5502988117470136
-0.47176087242632914
-0.12208599558462818
-0.6030720184102263
0.4998084072421723
0.9240934999790246
-0.48378690023546733
-0.5003597821927447
-0.4881392849863626
-0.6227699390273342
-0.46840438056115763
0.418858440855393
-0.6045337824128043
-0.6580325111357839
0.396106625770919
-0.6163782738751972
-0.6100987787040162
-0.18882569299793983
-0.6186648399887198
-0.5170238904237006
-0.6132074468307765
1.3225129122440356
-0.46186363933120733
0.8138708255464554
-0.6535782630955995
-0.08138913635096112
-0.6075396929836419
-0.6397930690282835
1.1361711679210167
-0.607172082153743
-0.6655840382823355
-0.618658575964556
-0.5041044828003045
-0.6571981498578547
-0.5808616369532523
-0.6127157159509916
-0.4359468547274351
-0.674703104433958
-0.5371287606723749
-0.5501890219307015
0.44225076563091903
-0.6623108400823832
-0.5876924852836725
-0.6081116289197647
0.18382385870680085
-0.4882360512545244
-0.6786121359524291
-0.6061643788608995
-0.5576389587581758
-0.6028161437699955
-0.10873384108865058
-0.11077498531394525
0.7274606229138759
0.780535622722774
0.03215497422821412
-0.5359900305452034
-0.1893850774252397
0.667975288062249
0.8263457199093838
-0.5378472710985078
-0.6592127497381662
-0.4325878599640999
-0.5834507542218422
-0.5555477647964875
-0.5492203458899035
0.44858850597920985
-0.6195147966509711
-0.33453815779912766
-0.5114624875125945
-0.6117369448949612
0.7854118631157663
0.6561826758107173
-0.5332947168050035
-0.6655284263039732
-0.560209211416367
-0.6317584637830456
-0.6121651708757878
-0.6238723112349568
-0.60753131522219
0.18036861380140873
0.7055915937367562
-0.5065691327531094
-0.670498530699507
-0.686854857685489
0.15156356412548466
0.7268060900957264
0.932545832604195
-0.14020635625219102
-0.5462540136326085
-0.5991719337486294
-0.6215881581074637
0.4001164260020535
-0.6433144294266893
-0.1094350622787339
0.9082486226693525
-0.5082634619232117
0.9592683507430741
-0.696164403933593
1.8087049912809285
0.7343487824467194
-0.5384561275640415
-0.5670122379944427
-0.15877776035459035
0.0575268669189013
1.5046296094826184
0.14647874977738118
-0.5433170689430078
0.18527222791760933
-0.14293892528138985
-0.13319165134911104
-0.5495179451122572
1.8227860602664647
-0.512767222823876
-0.6162975887857292
0.007863826912914984
-0.5353510561886485
-0.6079526227187866
-0.7217224950090237
-0.6572017736077727
-0.043128572399397935
-0.31354330694045973
-0.31645863271262653
-0.5946004184094923
-0.33287086782272834
-0.651706057389464
0.23974341096165808
0.7857720350651971
0.4007918685572516
-0.6001609437831347
-0.2854089192977496
0.10727737104503965
-0.5647798502934057
0.20834712912239306
0.19093078601525537
-0.5342455666763195
0.3313013188430549
0.39081222032980745
-0.6432485361783724
-0.6840285740980458
-0.5280192709118379
-0.6446302593849831
0.10913692172740075
-0.005916665786669384
1.410205036279854
-0.12848446498346366
-0.5431580393885055
-0.5372548870963514
-0.6090463213217749
1.4758918709987436
-0.5709450605553736
-0.5741688816563617
-0.5092775951651307
1.147564971797364
-0.08693801315745764
-0.04371581999849816
-0.2534944821929823
-0.31005531920199436
0.7130611163061273
0.6062419501392662
-0.5701388186653995
-0.24345989218407027
-0.09028246208470736
-0.12098503516279036
0.7944704572774438
-0.5553194637550751
-0.10548947286878174
0.36269595270468713
-0.5113943744247149
0.16073706439057256
0.15683608041191088
0.23675020926567703
-0.5583919224747231
0.47775399379664374
12.416910521533266
-0.6353794826886772
0.997568394487865
0.6160497659821349
0.1531351874270539
1.09787577752908
0.6055729415461262
-0.10719224870644295
-0.6217312885765292
-0.13696365631158602
-0.11026718404662994
0.5051279264638702
-0.007105552836117024
0.5400477031311213
0.3807777686135274
0.38697775966027315
-0.19689389371425492
-0.10861447221048526
-0.49434871661429947
0.14374286822198679
0.02564024918642871
0.20136964545406055
-0.26541433228366995
-0.5475506041009415
-0.5448158867407251
0.168929743333037
-0.6386386302222273
0.7208730956941636
-0.5095282922199411
-0.2527891076304649
-0.5446007259629042
-0.001860238636540723
-0.5550350860438693
0.163682262497852
-0.2949428931499375
-0.10876501920720782
0.3622885787943858
0.8059040544367585
0.8143954047206906
0.8531243537232166
0.06768748651698386
-0.5224276209484944
-0.5070507052601112
0.13943123852806805
-0.5517442108040191
-0.536401708969643
-0.2633318584911092
-0.5419710270060915
-0.5468719379224022
-0.1370642454372879
0.5709453263837387
0.27511592405995167
-0.5391730328440274
-0.1927528480125148
-0.09956063889373146
1.450078993295528
0.4793622684453285
-0.5619105527484809
1.3176903262602109
-0.08502669113778638
0.630789357046986
1.8816942149293314
-0.5909637708534653
0.46528872694479784
0.18964762455917583
-0.14957854590769237
1.3283318933745047
0.4553837774895628
0.17219039580418238
-0.031396653435285304
-0.6669592249104239
0.3966660552042254
-0.07345774389854764
-0.5633372080614104
-0.5379669914361099
-0.580494309905405
0.8134335146101125
-0.5523274141657601
-0.48005395414773677
0.7476793103181378
0.11814601909013445
-0.6259494574842773
-0.47673326542269745
-0.563165589511488
0.5117264773870844
0.2289828434833261
-0.01858277441826861
1.0193651939928894
-0.06438166577445104
-0.4517593716233238
-0.5906367659121837
-0.513867452973694
-0.5264130896170301
-0.5492979850757116
1.3930559869788532
-0.42828500359401533
-0.5346992201119884
-0.13512161210608886
-0.5132583218436876
-0.14178888735559858
-0.24932934480649493
2.1804460942118076
0.6352913469133469
0.19655395114664964
-0.5620177601249167
-0.3075996014175808
0.5252713248717431
-0.6918802462273101
-0.568797039030163
-0.5363625421653422
-0.489179767484358
-0.5326902850035683
-0.1317039742266517
-0.49916684857035964
0.4137962998483387
0.13451973765473735
-0.5353344858526139
-0.5970741475687262
-0.5530958057752461
0.3903857689435628
-0.08112273263298575
0.40980543570217465
1.0224458380100663
-0.5105967819743691
-0.503379945769325
-0.3127350510546474
-0.5295119571922313
0.477995268185303
-0.48699148449228424
-0.6078550248801035
-0.5186513591155839
-0.5033854549246112
-0.5235070989958178
-0.5886564752928949
-0.02323652937302889
-0.552782159411328
-0.61601377481671
0.28222656889469233
0.3684375044846404
-0.5979662443207281
0.40938816816107954
0.6353752705010925
1.2037320988734395
0.09539122111659104
1.044964391747903
-0.08047301705356535
0.6950904778988142
0.15508852072422252
0.3951200327930592
-0.13016660969726757
0.13405475363917496
-0.5003469987121498
0.7275586612659934
0.14438135794074913
0.37776116265258086
0.14466211231921577
0.7917435499252476
-0.574095964930101
0.23264689861913146
-0.1531311511799911
-0.5609852805671572
-0.10034086565936606
-0.5543206258038432
0.7673287783942859
-0.5116608166887415
1.4659363349944625
-0.5455505720239416
0.40897355159672466
-0.33346737762825573
0.6324741551995512
-0.12182114433776603
-0.5064425843440858
-0.6241850508421465
0.06979170756193409
-0.5653170138207245
-0.11589692502995208
0.4222926689291296
0.11461310010387837
-0.5174025593827414
-0.03348461094965949
-0.5084517810981931
-0.5510876785101038
-0.561131547994228
-0.5631677110090154
-0.5239552169007375
1.4638700113381813
0.1321646722080001
0.3241619029103735
0.13411969776400778
0.6218412954701193
-0.10169243046413012
0.7516738983971483
0.70331790552456
0.23947495657218743
1.6979659865336618
-0.5132175351798574
-0.5664127863496718
-0.5702295990005329
-0.14056521952353507
0.4316725809888675
0.6432436481707905
-0.07714032502367463
0.13779194640611037
-0.12478766923550266
0.7744742524440269
-0.5546796157059873
0.7780201375634459
0.377259562182454
-0.5611269571658091
-0.6077823626509362
1.464901533532832
0.7854152778838266
-0.09073216914283067
-0.5026908420217244
-0.2342064011873921
-0.14804998027514593
-0.15079191034393402
-0.2732605276713256
0.12300799116452565
-0.12980874573347612
0.5775965916646866
-0.6294284170038673
1.4548283949109972
0.4359591897692108
0.12573071034367445
0.5204368656452161
-0.5259987397311282
-0.5815741819231983
0.8101558718853095
0.238336952304943
-0.4966696631029708
-0.5404810029498506
-0.5862030364880182
-0.08345988065393484
-0.07630567847910796
0.7474522579259255
0.1163772267909613
-0.5314826843927866
-0.5333670166593276
1.3868736152607601
0.3875885008542592
0.6822946993997374
0.22576012209242458
1.4366342183484182
0.6031473443117347
0.3778530311470174
0.3386679510527755
-0.2524876153400498
-0.2601691041577987
-0.56074841505888
-0.10906042675599026
0.7066635409750053
0.5901994975018318
-0.5308887972699969
-0.5655531334535326
-0.6042239080881822
-0.10887608957275818
-0.539818661073526
2.178809035922445
-0.2837294204804337
-0.47421235423744845
0.3916992081264645
0.7185567142722087
-0.5308044225511006
-0.5401916964043368
12.388367104926665
0.05905136624344132
0.8064281830202157
0.16470705310979095
-0.4933502182583469
-0.5496224297963036
-0.4932587979674078
0.03765523929952819
-0.5492282851973671
0.17834595235004014
0.11644284919618197
-0.10500353445523636
-0.538245121372233
0.7796994971760562
-0.5118901652313367
0.394720525357507
0.10807991968646924
0.6833410746902149
0.37105195194153884
-0.5676016303677094
-0.606929259419792
-0.5461631998986235
-0.08923875808407089
-0.5024806893598838
-0.07963601788000796
-0.5692507296326227
1.4122004690331542
-0.5469376648594757
0.1730950067933883
-0.5521937349445125
-0.5112376363140634
-0.11062018444756416
0.7793260492351681
-0.7043317136322069
0.5281274283345714
1.7259018071168994
-0.4784695040613689
-0.5244344202029869
-0.12277131502896543
0.48566822446908464
0.5218847621594214
0.4277891067975228
1.7079403866717038
0.9725700120474231
0.1702439213775988
-0.08496587444321957
-0.5859421635521957
0.7351892378316289
0.3449569228427243
0.6736829226464112
0.4743840871425482
0.24418208474974534
0.4691354650081294
-0.5035321216904255
-0.13907586231738844
-0.09988671002641913
-0.5306741679789707
-0.1573418039859933
-0.0815740196502196
-0.07116915958460379
0.3546299779053925
-0.1217218967271051
-0.09029067599374996
0.45967462772872647
-0.49053307907408317
-0.5260615802715678
-0.08431577893623488
-0.5008139244878205
-0.12197540167507204
-0.0801165957792348
-0.5010928284005955
-0.5628018760061237
-0.5421189157096066
-0.5233021497411922
1.355830973843094
0.8184520930496304
0.36769231588956636
0.38601295527394885
-0.15363764187637197
-0.13234966981316043
1.6811735785796085
-0.075249306940817
-0.5257206856197513
-0.6349999333576398
0.48468650724337947
-0.2379765766180847
-0.5454716683671605
0.8007177299303234
0.2468737006221009
-0.1110500674139514
0.7213047378949888
0.7140748221576825
-0.10643460171573238
0.7703881539054285
-0.13131059264575207
-0.17138979623448858
0.47720919312950816
-0.0477094094284467
-0.4932878656591927
-0.1253659212802256
-0.5018358080167848
-0.11614991245228601
0.8380873723528043
-0.09566081600489174
-0.5564405008175628
-0.5556354258780356
0.12432060165709902
0.3536587258772254
0.7916158415524834
-0.4842741686499268
0.17746696354198255
0.6253151796709335
-0.6281647775523573
-0.6067581647682883
1.5178548173881679
-0.30590432351042907
-0.527772689990113
-0.16572938505068313
0.7865014920648764
-0.07882174284789933
-0.4763800594476225
0.3736369498371039
-0.547158360991833
0.82041496254256
-0.5605948380690069
0.5061365683156076
0.140468045637119
-0.5899945071613951
-0.5572166069044396
0.8225190511033917
-0.12474467302980918
0.7832082730144754
-0.5255192215141733
-0.5504198876089064
-0.12258435298145931
-0.541136716670419
0.10142157507329727
-0.05388349274473425
-0.16676016097479707
0.28307705068365907
-0.14007490158380265
-0.640811778689302
-0.5692474143672335
-0.08279376603444377
0.8997622118331711
-0.14471549436450803
-0.5742430180027303
0.7909621991979208
-0.10019265462923166
0.8140132032003342
-0.13642639099645615
1.4470587113658486
-0.11068483244621674
0.7918737708605093
1.4846479150991778
0.8263220285007712
0.30932496555317046
-0.5066152210824002
0.3369957143342738
0.41261209347109173
0.7373319970762504
-0.05619470402254956
-0.5618434825441672
0.12698045982383466
0.8037748821371338
0.23747737231992128
-0.17097401049395278
-0.12513105886730524
-0.6182355332479579
-0.5302680100801904
0.7286948802747089
-0.1413408331095719
0.845761950333161
-0.11454866058250912
-0.5222615528103589
0.7152986844368765
-0.5831285297461994
-0.5387002345269736
-0.17299034301960292
0.11152797662385328
-0.640376413301549
0.17877039905902525
0.464372433292789
0.10396748197670491
0.6942185886440033
1.713537252173372
-0.06747605053281125
-0.5124755230191449
1.542586684783729
0.3938992031056425
-0.15551518125164498
-0.08987191005602624
-0.055454235163897914
0.8254002128553098
0.7741020127230703
-0.5374976714767684
-0.04091853591933947
0.8268272967327848
0.7430314209455366
-0.574575956859092
-0.5253481315140207
-0.571594275144139
0.8058912204762975
0.2488163795979239
0.35454626389381927
-0.13662142345424166
-0.5686855400248124
-0.506560174284115
-0.46728612730909236
-0.2985896404750987
-0.5357092621129657
-0.05084090376977113
0.8001574466508721
-0.13961736190552754
-0.10793814506280708
-0.5204676098673466
-0.5025172643546736
0.4604626633230866
0.432966239243858
-0.13481393521916685
0.22212594824808218
0.002612681956640772
-0.04154959615329312
1.3755013392007767
-0.5517284757649326
0.17038705842467183
0.8255808294055305
-0.12249037927227169
0.8678833397272643
0.14354040392528966
0.7985500430611147
-0.5083469160602176
0.3475639090235945
-0.1056040157432715
1.3935192680429986
-0.5692610691746318
-0.0960910794749027
0.8288762662878953
-0.5616982973676348
-0.11774869361584939
0.7262220352320767
-0.49137095851301227
0.20334172656730387
0.7194221831656096
0.9100801436562986
-0.11143194713246463
0.46960218381752084
0.7838584839785669
-0.1170170841523861
0.39859811680021784
0.16260417044008557
0.7159363408267776
-0.5863976881961233
0.3015516838098844
0.4030993811917689
-0.07499901480601945
1.7421557842907025
0.8006765454854828
0.8705825571515208
-0.5331135465380361
-0.28716032146688897
0.8295436974239297
0.7870628384739892
0.17617550947015648
-0.5274204960236262
0.7767253543630801
0.82950582038339
0.41826603500229154
-0.06782406681880981
-0.5412290279177505
0.754151815795282
-0.1025835861479294
-0.4812945908687676
0.794578902016087
0.12416261856469712
0.5416216965351766
-0.10207152822755006
0.4208655303581592
-0.5924609641434001
-0.5394420175243164
-0.5323347727848576
0.20467736406759274
-0.10503634377973237
0.3467744658312343
0.20546736671322385
-0.5200765447471489
0.32440631203179937
12.416428359741145
-0.5259312018969822
-0.5021022340397875
-0.1019619872197971
0.19574056851053268
0.4981390213384411
0.3730553794386536
0.5628244742424495
1.169699449593891
0.3428917919321195
0.8808923194691797
0.12281481219283918
0.4582027255281371
-0.5254142174322518
-0.5760319703773277
-0.17484225821541854
0.4412910326318713
12.35867435402843
0.7965482295896464
-0.5184282878561735
0.8234811608262446
0.15130736947096501
0.3316797312044032
0.14936625360702038
-0.5079319045044484
0.3779229388336124
1.4370196310567358
-0.5784254805233928
0.16747580908797843
0.15043878379013376
-0.14887060414524456
-0.025051680216576333
-0.1228610090655099
-0.4825479497342988
0.8223157751876781
-0.5136424527849057
0.14026173247199902
-0.13626048930663648
-0.11448696035955719
-0.5266702606635842
0.1862793458784635
12.41453723110814
-0.08795938118608759
0.3763934448128876
0.1844713897821928
-0.5420557288568073
-0.10509505226621962
-0.5243422930349155
0.738773136703744
0.11375184756178314
-0.10383554367678705
0.24238261915449
0.7947610289147964
-0.4572837599155757
0.25114251448683356
-0.6410486884632614
0.4205779290443159
0.07688526118314121
0.8688234789452277
0.1809583299602171
-0.11931586755537993
1.5231834866506795
-0.5660229829223173
1.4179277224759086
0.7975755076026209
0.23518606083447757
1.474304680012591
0.45288923366684286
0.8287732066217128
0.4874839415579366
0.4059337634094409
-0.5169459475161706
0.897229690826803
-0.11415150774933214
-0.6096316018928225
-0.5079593505232236
0.270136135771742
0.7077988709669711
0.8258762666512603
1.2922497507767532
1.3221826722960184
0.8167496597425262
0.7582979989103757
-0.08509636932956843
0.320143885835155
1.3330160012761687
-0.26345698828425024
0.16338616428040487
-0.10080584718636676
-0.0848026270890424
0.23317208431140202
0.6359608848483347
0.8891176779347683
-0.5622493997658197
-0.5030026491773751
0.3967806501285722
1.865905366175534
-0.011522219482055451
-0.1278218677686207
0.516879454090801
-0.5367751665368485
0.8645488327142163
0.7461587547962032
-0.11912997286541915
0.5116721644496394
1.5937262436267834
-0.5347475536406892
-0.5171031293728081
0.7211334500264108
0.4548052377775462
-0.4883501673137405
-0.1618034505054854
-0.05208386934430953
0.8890905792819963
-0.12734952660887744
0.4722696580232122
-0.25886532181286814
0.45553732495126575
-0.5282723430210073
-0.5003706279309954
0.4809999681630217
-0.13522149306762
0.3343589644464676
0.3426816742225027
1.4809465107428716
-0.14381863910032533
1.5576990059225737
0.4280591778589835
-0.5051051467946196
-0.17630551601795652
0.39017979500698385
0.8266158656346548
-0.07020229356396446
0.22629274101111996
0.15288129726501087
0.823495208138736
0.4328565099478854
0.8447666685877888
2.225370737680327
0.7826392913127342
-0.17220397370270313
0.8513730839046298
0.7204178014902014
-0.044783014394739196
-0.5098137912067362
0.7167926832134344
-0.08813790825540935
-0.042827486326331154
-0.11158634916039756
-0.07712939986992928
-0.11599544760056224
0.11458212742069263
-0.6508124671509032
1.3587234901530993
0.5283233247628478
0.5480803920903825
0.7744163586105817
-0.13614070478663776
0.395652613265437
1.3316176953612888
0.39477764843663143
-0.10086231138157453
-0.504385070056655
0.2962510718794731
0.7843045363417527
-0.10780423024203611
0.536766485934917
0.6711875313375453
1.8116345606887236
-0.08390470827252527
2.3237570071733553
-0.14625283081516016
2.221714851039928
0.45734515518592245
-0.11529710549851535
0.5540239105591158
-0.04333139027271127
0.8225744312348383
-0.07971746821279257
0.4087064835630825
0.8269385537992733
-0.5308886618499482
-0.07172684724743805
0.6595930204317766
-0.06930572431151083
1.358218386801586
-0.14768052786815966
-0.06155745224794429
-0.0823374863453662
0.5908950900273213
0.7695793378545329
-0.19203957209294942
0.47977773285125047
0.771842082818602
0.819571153344856
0.4920825409313787
-0.14894906936473606
-0.038085283333027076
0.1913147963515478
-0.13463183119085342
-0.2359275475236391
0.4843709041836226
-0.14628183432341268
-0.5531014298663641
0.49608985599176947
-0.05892161317387523
-0.019914726612124012
1.4811251929129576
0.4993625588924484
-0.48810271339645994
0.7717015961177283
0.8107674596368428
0.8139431561575687
-0.5226608188759337
12.320087670182069
1.4403073404865046
1.428042300785087
-0.08715542415060029
-0.09490380303381052
-0.15202305874294975
-0.523523161432944
1.6914205312637312
-0.5563009292987264
-0.061712465985428455
0.7450868193536957
0.5164811528605902
1.4852755461477847
1.9786497420059144
-0.019359469344501945
0.4797314051199306
-0.06439176923158796
0.8473911339050622
-0.5100288713182928
-0.10143261375248958
1.525577623530813
1.4778614202481926
-0.10228588529559568
-0.5114406389006458
-0.13557965989380072
-0.12535079604896926
-0.09307641445287829
0.48732572693812015
0.4925547003902482
-0.29705226104959404
-0.10900899228432959
1.7218422639512132
0.7504747285675157
0.7253397617741449
-0.14500479119599785
-0.539618004830223
-0.4340323154471707
-0.0661857511378785
1.3164429584367787
-0.13539494884903447
-0.49636528475367414
0.13674858756404373
0.47171194952010675
-0.11933617798201301
-0.13057147360392685
-0.5324697337945538
0.1573093496684017
0.7300145538898457
-0.5338506142926658
0.3832833557361741
1.6417044461098185
0.8478351302216525
0.5017482928648029
0.597335033190868
1.4714747176706071
-0.5713155888326105
0.04307121928934521
-0.047325893259153595
-0.10274681189854362
0.8209420751277128
0.00017928563429636668
-0.052288510512853215
0.5746134358255184
0.7861238660567726
1.6878800254012218
0.3898067290149432
0.16457929166964136
0.7713040048595072
1.483417554790409
-0.09843781896268033
1.3804060955707793
-0.1109350566974655
0.7503072403601985
-0.08811453832585214
0.36545124398142853
-0.42655125834112884
0.460660654120125
0.7500314391808742
-0.12334403328658883
-0.13437732188802554
-0.5357350555614607
0.5156433064578991
0.5374780182530146
-0.0925335445676646
-0.5672079032665118
-0.1530339740398553
-0.3070334292027177
-0.5385107518037024
1.5940353819823405
0.2107103773695025
-0.06726548133673071
1.883394364526661
-0.08337484788188254
-0.07201732611315081
-0.052075652823944774
-0.029468404693034134
-0.1545441595584961
-0.11014755809567378
1.4490728876999772
0.40609719726037685
-0.571336881277151
-0.038498379015530215
1.3942185101081115
-0.09989151028946208
-0.5345807343614155
1.9400956805185325
0.6242218504787815
1.88262398493498
-0.07985888433781785
-0.04426767896396255
0.31270916142134775
0.5484933413738295
-0.06883915967634457
0.17591749490680852
1.6049540056976235
-0.26387535278102037
1.689226652170202
0.3940614984796511
-0.0699398059327031
-0.5074173868866496
-0.6433812563733563
-0.1587716664549953
-0.11239510936537223
0.7959633985776537
-0.11024824647448572
12.360418606200755
0.7465356471205071
-0.5460709113280778
-0.05019749710059507
-0.06551380155232323
0.17580438855294855
2.238596057996325
1.4715309818891582
1.3183837367034241
-0.5342345814658278
-0.5155989766544978
-0.5332603119153061
0.19742408544520096
0.2810000538989728
1.1312886502981214
-0.37606339395377864
-0.5495557972153848
0.5292506344964583
-0.515889530986517
1.4348671419370416
0.6301095922248163
-0.27383400258178736
-0.5614709227237182
-0.5215476599074891
-0.5112892928751577
0.8892870167550369
-0.5093050534257466
1.4349022933712157
-0.14103144808313517
-0.5120080762395007
1.4066368460075007
0.8064395300119906
-0.06483391614221368
1.453607375953784
-0.24324645701974068
-0.5270176951295942
0.49429828425739264
-0.497620771216016
-0.5312634781543019
1.3418357109494272
1.418101400782956
1.4084921109105106
0.4482060325166699
-0.15184175060721883
-0.5231906498833372
0.4568304048698735
0.4649498411514805
0.17603414012929108
1.3908051250405242
-0.5541144485909868
-0.5091015809690578
-0.4811468613111147
-0.08388697013852286
0.4328822452713106
-0.5359699596276009
-0.49493628709907667
-0.18122040374086534
2.2708655356311023
0.7945450230318056
1.4838400143593713
-0.12196292441367362
1.4365855963128715
-0.5216779188236402
-0.08555812228764281
1.9350739552860032
-0.5233000699310486
-0.11956288864837361
1.8871095662960684
1.3957266830014379
-0.5585086577233604
1.4521698973382866
-0.5107293870629914
0.7921616084017894
-0.08236659650194833
-0.07346457132148776
0.5285954507312232
0.7408019914417368
-0.08484903947296574
-0.10031975405653215
0.10828569812916067
1.4117060422088927
0.7729280598047805
-0.12151217687288862
-0.46787530101982766
1.4390336004411475
-0.0902633561766264
-0.052105605103639596
0.18195244175454217
-0.5435066007707647
1.4287717514548326
-0.5713726985921703
0.22791820411768726
1.7588406765283606
-0.13526796153686294
1.8533066681112205
-0.6897827588609768
-0.1250030487137228
0.17422392648789398
-0.11738498312461676
0.3739451173288504
12.360383215112492
0.16183137406032944
0.7936731455136115
-0.6011534980239919
-0.19810190052626275
-0.03423119241688888
0.17872236680237608
-0.5157672564074844
1.7860609313728537
-0.5563776935601967
-0.15239507197366053
-0.10043775083656759
-0.1146252942562872
-0.11296873266851604
-0.10597962342875489
1.4347742708400217
0.36447078120461196
0.38246339445008437
-0.12671472651996707
-0.0658441004431446
-0.20808084666608506
-0.01823414708962212
1.3742036401985862
1.6014655083315301
1.562757476911114
-0.5442477719964125
-0.5676284247420944
-0.09695617061991646
0.3437195722801683
2.261693713841859
-0.03698561966681291
-0.08040097682753955
-0.5110032169046042
12.39048083004783
-0.0567629065511146
0.7801348841848339
1.6621280583518256
-0.5676277383743416
-0.0852433509862962
0.7865052835947652
12.35750312606396
-0.41093093446501705
-0.0698007822602349
-0.523219497119884
0.8190286837666325
0.42695353395785696
-0.5691130875209314
0.6029133075158806
-0.53064044149648
0.5010085424154969
-0.0989027597025457
-0.03904196712361019
0.7560599344961461
-0.10827478937773527
-0.5581896685804306
-0.5059703928731518
-0.10197459559734556
0.364879970343543
2.1198459588599716
-0.1395005865076473
1.3873666871521184
1.4262434096900625
-0.264290919376456
-0.07142572561688387
0.4846011394431821
-0.14801697923144097
1.3802952721269832
-0.07586294517932546
0.46789811141215676
0.11570257561443253
-0.5400102589407183
-0.5543368807008027
1.392924548332754
0.513974530854389
-0.14358387908223114
-0.5150197510240493
-0.12133537169215647
0.11130632608171798
2.2144967678234107
0.23454378753687832
0.3238905315835938
12.396898177999638
12.353040238526614
-0.08265205404245057
-0.07900109313577763
0.17022680288939407
-0.13279676204169455
-0.5126212552720155
-0.4726286223886571
-0.5339283923246122
-0.4901444801621535
-0.08578479198850031
-0.09564467682089572
-0.2749219402299482
1.481574624508762
0.10242423464379358
1.5855571202831764
1.7340719090729797
0.613856994879841
-0.09489683606061683
1.8986140733237893
1.5453715126596737
-0.5671934163989335
0.7006407253420268
0.5543467438451761
0.7563974324945877
-0.4986408570302492
2.159878100204862
-0.6842494738764067
0.7597213998147824
0.5172935385188397
-0.378207357057048
-0.5419810356337301
1.4279056360608553
-0.532659713793564
-0.06179061580252654
-0.11919762872029471
-0.5312183123411851
0.11652993421981561
-0.10850919387938995
0.03997489428619483
0.860229081939854
-0.07530921840858773
1.9915233645495314
0.4999962981823265
-0.5232323730525821
0.713047299356379
-0.09704645161204828
-0.06144754862010737
-0.5361200296788518
-0.11864529707951843
0.1506532097950819
-0.45593832290223035
0.6187256969565638
-0.07206885424566145
0.56625120924147
-0.13840201817487285
2.197316674748267
0.43182575535442447
-0.1688646914969869
0.6536679707467101
-0.09029561842901335
0.6977194820579535
0.8327056769342475
0.47287851401421893
1.8797230049743212
-0.06032292749651047
-0.5393320758543056
-0.5672589821908549
-0.0885348795240013
2.1984397619147704
12.437620247300384
1.433476789946271
-0.17629725213765235
1.460961210747539
12.357536970773987
0.4081013628584278
-0.09958721085534983
-0.0856952978715142
1.842007751130659
-0.4524357318986113
-0.3209316378100665
1.9218982285651594
0.26332232060489913
-0.11984957833154186
1.4872206700636672
1.7928245493548434
-0.5624838661112517
-0.03818106114264097
-0.40903983110770736
-0.07753933226772158
0.7572654098037531
0.45776486894272717
-0.13096546182094293
-0.11016344057921168
0.4158017767386426
1.3819200551636137
-0.12693732439377603
0.4052907567256137
-0.0823601910806594
12.393769976839073
-0.5778490524615176
2.086968759455101
1.4354897147047079
0.5147378009954804
12.33670011348806
-0.08004182467843801
1.9090155225025447
1.7452016420171383
0.13830372154182813
0.6983264461404559
12.363137334717152
1.3836319217856408
0.7262243976764129
-0.4949705008977586
-0.5652664836367202
-0.12469387234988105
-0.2744591449682301
-0.14118784994131917
0.14024321757417038
0.46408193317854685
-0.47651015355932247
-0.5082500129073125
0.25341808794730847
0.4596229925741473
0.47736656933379673
-0.4483626999286665
-0.537062848095686
1.489298489863342
1.7739372446966841
-0.09949300071197498
-0.15671747826929894
0.009923690442364741
1.7670610617252436
0.5287680735175515
1.092371112031759
0.811403862439938
-0.11007912544799381
0.6736080570536243
0.20627570687891206
-0.568164409526829
1.34986537863524
-0.2744593084033009
-0.12338411541133043
-0.05969128824091985
-0.5260795105037608
-0.1287320069403216
1.3797332266118219
-0.5534045500674332
1.5577657861183543
2.31588453274791
1.683355558124754
1.1649888531189256
-0.033850710240523996
-0.0376880573163888
0.24512698459984006
0.48756933307408845
1.7934110030812698
0.44982209005421336
-0.5588931294309533
0.5001224062839005
1.701582792955979
0.05598875631463973
-0.4860505686278861
1.8109013199120567
12.394889950122678
1.3052041718877654
0.6726873868795866
0.6874492362102707
1.4874190998722319
0.45364600513640085
12.396473161330764
-0.5441507612880778
0.013662902771357954
-0.5024488720011986
0.5058698307411369
0.43580309398004524
-0.48942875351662307
-0.45500737564397187
0.5361179215136007
-0.12177056009171638
-0.19083133330211488
0.6819573377659043
-0.12153230747101806
1.4697106437909209
-0.07514999631008312
2.0016224645349405
-0.004232870375188831
1.3461187578928535
12.385980193073562
-0.5259832287777705
-0.5287240676008442
0.4393024660077165
-0.03326583619946333
2.0054319589051204
-0.5454114855237491
0.6840736213109864
-0.065211986100984
-0.49525176569604135
-0.546494890498165
1.818363598792101
-0.45701281320835563
-0.5288358029834495
0.6447526463058595
1.5785518786553003
-0.15837831268393499
-0.5315828941172509
1.1713959854749383
0.6683424370746633
12.390662422817114
1.9212315936340036
-0.13377595877003579
-0.2966566112087837
0.4869994306188261
1.8840345617956546
-0.5521254872644715
-0.5366473461757053
0.8219663068953056
-0.07850397371883722
0.15559372862552645
-0.43754971803286036
1.3682782820074817
-0.24991215629551788
0.6017177783929213
-0.06209239397993305
2.017054011593955
1.7470496476004005
0.5090766608819923
-0.0886099787926623
0.1104804659479397
1.5084033717583651
1.8283407953384967
0.42339359060611503
1.6883842498347146
1.4059830880704287
-0.48410693160489326
0.798311777019314
-0.09651787009019053
1.3826020471386857
2.1248895964718555
-0.09344495834823285
0.48760354153836727
-0.5342782992781852
0.31836320520483974
0.4253700181039628
-0.13909238610723884
-0.6304215794308814
-0.546945149409227
1.4398957638697298
-0.532389158360974
1.6624362615194186
-0.09508198340197027
-0.5392904373823388
0.7543223178579295
-0.029580504306185973
0.447463678358051
-0.0729021048853864
0.17337117255499224
0.768213273361943
0.3776866352919743
0.007177720290042933
0.4579808012949802
-0.07243012895939704
-0.12165567642935704
-0.03132189621017867
-0.5234678741161343
0.061437326321211794
0.17721533052416016
-0.11832479663143669
-0.7820709216966006
0.8369411651676244
-0.5639605765783131
-0.060087301992369335
0.423440327208394
0.5987801712861474
12.393028601228043
0.800768415910825
0.6604901912220347
-0.059098359403860434
-0.5623151008316332
-0.11414752301693987
-0.5736116092602849
-0.11144032300972428
-0.4994388030291077
-0.022891589071139085
1.3975707574508625
1.3603081304232532
-0.06438528670235977
-0.11990319160709673
0.8945611275245205
0.19572339080477308
0.49232460957329627
-0.28193977992952635
-0.5241175248630943
0.60483962974206
-0.29154150608983176
0.6809440646530314
-0.1413660876387477
0.879885515470322
-0.10007284449925036
1.4504277590576664
-0.46549549225686115
0.6111482821160711
0.42662759643157155
1.3884822575756566
0.6321144726776793
-0.537813743927033
-0.06275256178780608
12.3803117768503
1.1440245836334233
-0.10927370737084252
1.8510949961618792
1.408522405726769
-0.5339073726697103
0.39003319622880483
1.1778470511240233
-0.4871759634395244
-0.5052360437572974
1.3997136052077115
0.5271545094309702
1.4326872966880961
-0.5123993627624709
-0.5674571079257273
0.8161531840622054
0.49205641305565484
0.42712096625668705
-0.5168814788501025
-0.5408349622503302
0.6223521661839508
1.8445237220312927
0.4835968570713973
-0.5712349859202114
-0.09844567556956585
-0.47003997503679906
1.8264145421471492
-0.15281209973998933
-0.5861396054050975
-0.003364295798011452
1.6818030529453278
-0.14995569561218813
-0.14996659070057583
-0.5369488529781791
-0.5228308778601747
1.67522642052491
-0.506735981062519
1.927599217995065
-0.5465714324698439
0.46177638085991535
-0.5453350387002542
-0.5663839799628285
-0.27069946836974235
0.7815092754214183
-0.4426594417874167
-0.09473896058119324
-0.6919700385694508
0.48165051795880154
0.8277268030818384
1.508674151431922
0.002587696526542782
1.7870118092555214
1.0230824154327847
0.384378477347656
-0.06191615342729506
12.405604488227794
0.5696156610324683
1.3056228853279135
-0.12414123667414922
-0.5675893064635859
-0.07679527499051442
1.890561485747626
2.058313537747993
1.885268132573185
-0.1389207544626867
0.4567288354417318
-0.5609530559957823
-0.03644537148608873
-0.09658813619705153
2.2946180525212414
-0.5783115938490931
-0.22944295815800564
-0.11580449219834021
0.751803162750129
0.7565911660086135
2.0242015584987643
0.8281247728464168
0.506943315916893
0.41805896808476484
-0.5042238197423567
0.3772079228824161
-0.48860442165029894
0.5456484635556211
0.8157684264557661
-0.2812671734781228
0.858278793534741
0.4594795269179326
0.0022671759129349045
-0.12193472907432412
-0.09510111376604224
0.18953937430579093
0.6304196464686148
-0.5664750261285044
1.3556042434767144
1.314824097366468
-0.08641885818766537
-0.2570463770692366
0.8648441985644637
-0.5708664221838848
1.4939894860489364
-0.479263761283527
-0.556727735818678
-0.5173757263146755
-0.3193524986982389
0.8178100421371426
1.357980885464528
-0.14593820400178015
-0.5229297239166052
-0.5005008691775606
0.8049463012536173
-0.5303998445706899
0.6726442914498102
0.6291131068810386
0.6471813838008986
0.35796219543211705
0.6807364786922749
1.3264877038054967
0.6187956737749651
1.136767076171658
-0.4465033487195088
-0.8223718155045141
-0.5281077153491673
-0.11221904110807324
-0.037953668006713404
1.0429468755489246
1.7545098415928149
0.8757513059184705
-0.5416137466666712
1.872247977044947
-0.10948753203529704
-0.26546600719333857
-0.5199274060646035
0.6394845353683891
-0.022325746712382633
0.48541749746718765
0.41333145957157225
-0.5024084863502336
-0.2644228463865308
1.310873454901475
0.9544514362170119
-0.15209852191554096
1.3355998684595054
0.5925291741324537
1.9600635286582768
2.1296171973874256
-0.4631828638011203
-0.5508767894914851
0.5929415512440696
-0.528765242132946
-0.0065436898442303715
2.042553550792308
-0.056882782552567845
-0.0827230325743108
2.190879756188166
-0.1179768793656476
1.0669423262994824
-0.5468345346477744
-0.5434240816569329
1.6321148188722743
1.3508780207836522
-0.5378388552362103
0.6318350032731366
-0.573141501275164
0.38132636189940516
-0.4901638590881301
-0.5357276957703697
-0.021791470255295153
-0.5643788167932225
0.42593351470733776
-0.5468275375424433
-0.5714747447850765
-0.301059370095793
0.7066832453275838
-0.5505308849995838
2.0481337982752974
0.2711735033489868
1.7716818702042072
0.39904275175264825
0.3923149366449479
0.8191183064423898
0.00092075018048976
-0.5458931183575313
1.6288063676724889
1.350647243790921
-0.53728534442326
0.7136474223779783
-0.5565600124837936
-0.555833180949372
-0.28782544689175216
1.908965161408764
-0.5063017999626067
-0.5122442417777338
-0.521853450648214
1.3715483270057016
-0.5573452341994418
2.2263678742062076
1.358684206802788
-0.1339091384977813
0.19820477941864012
0.43344696846158304
-0.07189681964349626
2.1211477873801234
0.1637695318336505
-0.06390670423252465
-0.10797679820462769
1.4388415189742176
1.8055993249980098
-0.5588166938637176
0.81796430738644
0.6867608757037635
-0.14158387909736625
0.8169243452972457
-0.2979868303108347
0.845038976384916
0.7842841796005107
-0.07423325120967228
-0.5265643758717058
-0.1610767747919435
-0.5113893146614065
2.15569794513073
-0.38514633760360484
-0.05599047173959926
-0.5098818893393151
-0.25986665684319266
0.4866645691919149
0.37269625080756086
-0.14442834628758205
1.4408304563071788
0.35897188498603994
0.8725595069437556
0.46565242719432187
1.3578642439242148
-0.1219269779431581
-0.5713275023120131
-0.5602619381704674
0.766043648997011
-0.5250225070272315
-0.12017414638894008
-0.5028733104737519
-0.5064065395973961
0.1461603079580025
-0.27201607645656356
1.4695942718567365
-0.4486766770589997
-0.15683139664784151
0.24615572324732082
1.7784148686965324
0.7847401523153559
-0.5047814840270493
2.104913908699049
-0.039827544635430034
0.6231189250214696
-0.1186062618513738
0.8212162321760025
-0.5223978927066233
0.6688480024709651
-0.08365395477429827
-0.5235888771314579
0.5945897076294954
1.3679691528599995
0.7897928380850737
-0.1442836013337544
0.44889745832714456
1.4452904231858397
-0.1380448885675477
1.4120233887131632
-0.11321638741460482
0.6872165671129455
-0.11021388935530563
0.1616503997998029
-0.08762844438851014
0.5888079186222754
-0.13004790064302552
-0.2915900566883408
0.6039354675813073
-0.5732412815969288
0.6462612373620231
0.1804598691320718
-0.11169542412556888
-0.5634936333893876
-0.5220986191131518
0.6281800593663411
-0.558796422989801
-0.5904354631435818
0.5257730003317744
-0.5588355057835792
-0.5399776768215901
-0.5596088244505499
0.6173716519184396
0.8275851781557924
-0.19968255510865174
0.1728745010187509
1.7099291424100223
-0.5308305001638673
-0.5281832317784828
0.21631551470891663
-0.23579687348337752
-0.4909182336529755
0.7892696718795412
0.7521276312369654
-0.07911080728527542
0.6182632716387708
-0.5898373667370416
-0.5607723616292801
1.6556931329670421
-0.5550867328138285
0.17879253152094177
-0.03986776264985781
0.45395767691735267
1.3596331851692474
-0.5529467566740869
-0.5212915488152114
-0.13829332849344078
-0.2840723915464951
0.1894551212862703
12.399371335722744
-0.5409135149330572
-0.5582043291116174
0.43629703940171494
0.22944544703778713
2.3520615846901554
-0.5753929394140436
-0.039591921225247684
-0.5438912240443444
-0.27286263820673784
-0.05640390567192177
-0.5367980367155754
-0.5300354542258504
-0.4640895353666731
1.853880482918648
0.37857381766855436
-0.5598667095683356
-0.5620881824670529
0.25764964235547305
0.8445811268260585
0.6426938669474159
0.6128843540530142
0.621301602709
-0.5334338911658133
-0.17093831707447216
0.5982493300032269
0.7052386724897298
0.9624882075738042
-0.08339225094316316
-0.2714104563750608
-0.5779901654832326
-0.09329876970289386
0.8191282789050327
0.8323057293547541
1.5585641981966623
0.42812244627846363
-0.05626516105141122
0.4143843284438855
0.6253113418132333
-0.5298806342221067
-0.515959263487205
-0.5246389855190394
-0.07135422007969527
0.45390757010294625
0.0922566055840639
1.320408452881469
-0.2402659033520188
-0.08729476094961974
0.1878523088630426
1.389032591192027
0.4732248982266822
-0.49386359497794174
-0.06977548220452978
-0.5799775335456833
-0.015824913169546373
-0.5441286479286351
0.847161349218898
-0.5255943608401179
-0.1101505911567977
1.9044712004342101
-0.5145793907991291
0.8260615580083762
0.37531496752297805
0.8142813869348282
0.6105993520775531
-0.5197592570698618
-0.4472354209676199
0.6402909478928995
-0.5300504377979012
1.3093207221641017
0.8918778947256796
-0.5717006171834074
-0.089411590709213
0.6130566426503109
0.3609162758612899
-0.13305956917728679
-0.5205286899971576
-0.0672212828600608
-0.6291601322672611
1.3497293952750433
-0.3161522195771709
0.7672813014774742
-0.5637927090959227
-0.5196788404237154
-0.16567960744065646
1.443816213949673
2.061820887717243
-0.5015929407968442
1.3731170623374933
-0.09393128044426957
0.8638346559926372
-0.5498856221376283
0.38912510331012923
0.7836428818519475
0.8023010301447013
-0.5678168036743994
1.892601731146693
0.6345060505681769
1.4865707940096218
0.39714630438014464
-0.5455961269696116
-0.514269636093412
0.16886885552321163
-0.10069445845975922
-0.09837122508516327
-0.5319561841903735
-0.5519413243833249
1.448699446540338
0.6309286343290639
0.6962057647947677
0.44117494139068725
0.4375981818239776
0.60548933187492
-0.5496835960393338
0.828819496885021
0.8622566837962478
-0.5084569689802693
0.15577220018431004
-0.522592055486998
1.4889283383817078
-0.5164388842768135
-0.1194454494122249
0.19618363878689382
-0.0868701044508261
0.4367721726123639
-0.09949517795054896
-0.4713340019380885
1.4459870073417742
-0.5715916834049025
0.24435059022094263
0.8099482490360739
-0.5649700734264113
-0.5036031598510533
-0.4826777083722311
-0.4828853661703526
-0.06884723985774521
0.4583474187069765
-0.54633223334864
0.8202084140194145
0.3994831624431327
-0.5688966980819558
-0.2596476471067285
-0.5494309831736348
-0.2068240915594134
-0.28242633914911686
0.8636044563883999
-0.540183011084849
-0.5783858165257304
-0.5343853363863353
0.84052463403394
-0.11423350863468118
1.79360714926892
-0.06602352670047873
-0.14758168350144696
-0.048165221801318436
1.491979695287636
1.4309027296419554
-0.0015509320825446427
0.37246575117654185
0.7715721561786388
-0.5259613833643674
0.8446448150093498
-0.5035307985981946
-0.5217681754714971
-0.05627641527252558
0.607965468826606
-0.0686566815343288
-0.09427594085872215
-0.563826118196441
-0.550999796024081
0.7728111685077116
-0.5656444011268082
-0.13598601910652075
0.4812858329700265
-0.05097472641573875
0.8299125626995892
-0.5353407581494374
-0.5542204664502137
0.609979851050036
0.7796764878612519
-0.5781341126003459
-0.5723409070675054
0.3742619256934425
-0.49566901089659987
1.463141196202504
0.4444200772163944
-0.5616510800212403
-0.523257818258289
0.9098236033550422
-0.43687846301753075
-0.07614811708248936
0.8101676803343854
-0.04158147157391445
-0.4630307094591546
0.6785587352410327
-0.2353518817255129
-0.07379470568251845
0.1767286657822551
0.5956654587153395
-0.557568493307941
0.4109803247543875
-0.48345578222412555
-0.09958863608077961
-0.515809143214077
-0.4235023061223163
0.4237186468878946
1.7363418670769102
-0.5483775468926788
-0.166718614567134
-0.4939403923470055
0.5122468770755955
0.7632492927955166
0.7974453233295005
0.4848283285930155
-0.5441216227492905
-0.28017749654830126
0.40522144919072267
0.409989163036661
1.3942351916943865
0.7312540337922608
-0.514773081774057
0.25701888192330524
-0.5637991273737748
-0.0678302334082882
-0.5412122959412469
2.222615234083388
0.4792998855970265
0.6142220664589387
-0.10222660354853208
-0.5466331631056826
-0.2538692472120163
0.4488422677938968
-0.1635673948563925
-0.5273687617389169
-0.5347677765376495
-0.11097135423604243
-0.4849795288797121
-0.12901305785182615
-0.15438706336832553
-0.08420257320457802
-0.27196928302643575
0.7246942200080781
-0.49773015940814513
0.27469314507967013
-0.5351484153301627
-0.27865375013666904
0.8626264766689977
-0.5570172126938143
0.7170226665931526
0.6518055990060404
-0.5566702583529374
-0.0917341528833242
-0.07546149230607313
0.38316815574628027
-0.06079598082835791
0.8238420803844013
-0.022921327749117038
-0.08288944379395113
-0.5384015157724225
0.6019579189045263
1.3896724145421833
-0.5286701126195855
-0.0895780566571085
-0.25734428559096634
0.8124546679161608
0.6355412296664714
-0.12864292745646044
1.8874483832863724
-0.0698377367131704
-0.47346455697960976
0.5384482955802732
-0.5147627199482079
0.7599460388102229
-0.5775341856550252
-0.4607776195886074
0.11784869641513529
0.17869585276085775
-0.07440073716937456
-0.5349676673895388
-0.10186553151654942
-0.5544585827688266
1.8059392915458463
0.6284742445710243
0.78254786232517
-0.122419653434783
0.38049146208982854
-0.09049598078036081
-0.11691593279596213
-0.5121936801570783
-0.11177997956018049
0.10315512594782872
-0.5703975010474159
-0.5359726088556469
0.8178783865842222
0.7924255117326666
0.382277243444971
-0.1262800451913777
0.6869817435572749
1.3323555201321071
-0.1296885044672592
-0.12819066514791966
0.8912950761665371
-0.5346709654090578
-0.04208009622590969
-0.44208653309426527
-0.5795797078212
-0.0927008233399238
-0.5060497735256768
2.0138433830986133
1.4230643616556973
0.7629860264195756
-0.5414171301179149
0.8928843643466742
-0.5192491634809442
-0.5363760408355384
0.4982904767194253
0.45778329138543694
-0.14767878308580262
-0.5289371752958147
-0.10072607373508846
-0.5396722042397315
2.151690337536769
-0.05715088080654196
-0.07332147077639972
-0.5191588258431634
2.034120532978372
0.6998579982143476
-0.07221447176976159
1.3272486088425344
0.47755199650105795
0.6321392151095708
-0.0866730977152903
-0.5760440865275089
-0.545278455999236
-0.5581030333402139
-0.5168606091389591
0.44896026584056137
1.9687609334311855
0.4427501484389389
-0.5416763587429434
0.7971317992156564
-0.5279212441443957
0.3526219963904087
0.41487472229458877
-0.10652853822258379
0.6065888737092314
-0.5647049148599319
-0.0860238338206668
0.764850109190049
-0.5238531803855773
0.4398020002528267
1.5933216846545553
0.6275696476539996
-0.10856514796455685
-0.5748919180653178
0.3973813229937948
-0.07741093367097474
-0.5435215534353451
-0.10368665214313333
-0.15741091551723907
-0.12435353463300325
-0.08172643900427523
1.3964012756400446
0.4763441951593028
1.3786493985685313
-0.09374706945862088
0.47077639256784254
0.6402303467878556
0.8219903092029508
0.7988048867282578
1.3068859675451838
-0.0936474063495043
-0.11418321991912928
0.8505205475726361
-0.5055649388073831
0.46494489660444804
0.41295040312397635
1.4432013320151564
0.43404447069136487
0.4054164586608213
-0.5082591873891904
-0.5443298652286849
-0.5292339820163225
1.3749012015072757
-0.46811520813214236
-0.11605087032215833
-0.5209614499745236
1.3714580071054212
0.620298072494182
0.8864933627666728
-0.08236098540056791
-0.5436582995774101
-0.07668178955066673
-0.14586773862746694
-0.07623525495439987
-0.529659104732594
-0.5263576960719065
0.49656930261228394
12.440089767243741
-0.07539857652839044
12.423273721293782
0.38861921242346464
-0.14593045768119906
-0.4978244806481049
-0.1600508837079535
-0.13137526753221795
0.40942172764196116
-0.5208384727911044
-0.5360481027177281
-0.11489931210345494
-0.5681003032725702
-0.05894303136731749
-0.2864109721264263
12.440777465581247
-0.15727174098324226
12.368796417286479
0.5073956562069937
1.3187306360091242
-0.20293295621591523
-0.5620462596218027
0.8008253902920415
1.483727228529357
12.45423598776949
-0.09595430590305731
-0.10801972281039252
-0.570504005782335
0.41176162191136667
1.882490226932235
12.447842729211036
-0.07405325319439138
0.5729793459365657
1.3683570871305006
1.9968950418673974
1.4623064178759677
-0.1433424106804062
-0.5532604328980237
0.42104713431903185
0.28324583348508203
-0.5414473095653765
0.42752325601390595
-0.5177050279234294
-0.5089920601164651
12.395730826690043
1.3261452796723134
-0.542677986230697
-0.4821626262002279
0.17376650906641888
-0.09097228866172524
-0.10977860308249054
0.6666178133648706
-0.5595544899898449
-0.5433378261242794
0.7007611523290835
1.3247420311038458
0.6120913381212939
2.163783057732273
-0.49757388348409204
0.10189645010681492
1.3923316247635336
0.7828836761819443
0.7245523690971352
0.009772230650297198
12.39406691243721
-0.5747960681091844
-0.11350367527443228
-0.06705672360108506
-0.140184703907554
0.40668937509687497
2.013941128161185
0.5945810624622829
-0.0753287757280745
-0.018616817727970636
12.41883314337086
-0.5624276435937479
0.7806361493045498
0.5891624656873891
1.5168836500928697
0.36906175881103653
1.7619872213321277
0.8602614677695374
0.6104863618568656
2.3556867160982855
-0.6310978675004175
0.40407668582857065
2.180630563192653
-0.28554680436293667
-0.11978962062099607
2.0482727836998493
0.6166822779043866
2.1634292100986787
-0.16846909684595224
-0.5121026194687099
0.2167561922989325
1.0547599696925198
-0.1008188721111416
1.116942374222435
-0.12154554714742949
-0.240164838946344
-0.5209981578859922
0.2209215356219003
-0.5131366215269468
1.376919737358278
-0.45835764220878894
1.5483182508691917
12.428801356673546
0.6205000040618996
2.0128381973662974
1.7666762269608585
-0.3990228235219838
-0.5419053725656892
0.44278132890249733
-0.13987022259298076
-0.45795111872753747
-0.568589121347825
-0.136745939457239
1.441095275432088
0.6195925180752216
1.72053157758212
0.8128643824337881
0.39547358942699495
-0.09767055018563997
-0.4613865029883597
-0.6012353294432197
12.433032106915968
-0.4571499243115362
-0.5344249580298706
-0.15890575151809094
12.404741658466296
-0.5471854658847729
0.4469927190740599
-0.5422602019805972
-0.540519744913279
0.7400532881953665
-0.5208947188495245
-0.5529710338806709
2.4323040434342182
-0.1272716418549309
0.79014209598855
1.9244551886656325
12.431265947338684
-0.5271977416736413
-0.5190947528874859
1.2999266147259045
12.419513974950087
1.3306535614273662
-0.03848196764887346
0.698170485049487
0.20291745326957278
0.43521144444437065
12.480306571611564
0.6890579506686447
-0.11386109402103717
-0.44366986823630716
0.40059445327143983
-0.01899020235083193
-0.129419885593979
-0.25477884893176317
0.7885547893586503
-0.5345358589008662
0.3033155169104442
-0.2313813605258933
-0.19815667022320704
-0.5692474789002742
-0.4951473515795688
0.3579161299870146
-0.5230745308476057
12.355013964176214
-0.5369913520111826
0.7059707285374444
0.47692152434779667
-0.524505641163043
2.143001299987488
1.4250165592953214
0.5207114190230093
-0.5431476284720518
-0.08836525196291645
-0.27399300924190473
-0.5250203363449985
0.5024013737524993
0.7144262764666494
1.915861641778867
-0.02528269372353864
1.5887716393821116
2.210033180274911
0.1202094639737119
0.44072187573673954
0.7960277645376651
-0.28280388397761513
-0.2495779920249881
-0.10550249018108582
-0.11632772621380394
1.4360221615244768
-0.12103457338319412
2.049565683767265
0.6579051322011367
0.6068869603794774
-0.14347980172837893
0.4606396983287151
12.442331688139737
0.8539425703564554
-0.13485933255636073
-0.47407072881199563
-0.09705892058137833
2.0981736732724214
-0.5068269550030571
0.44175397752153056
0.46562137363074
-0.519390350260577
12.414713321583566
0.35441027413264314
-0.20069134451461734
-0.06602239964886436
0.3639905441631468
-0.6042521539993073
0.12673919108779086
2.0017287379008946
1.5334783790518045
-0.45177564685400473
-0.5540597736071401
-0.5282722612673678
0.16594076965709625
-0.551050773089138
0.8690346761243551
12.397750067032757
-0.566766638897376
0.11671504002831301
-0.5500946304562423
2.07416565709529
12.441749260526237
1.3578066334558716
-0.5304980679801063
-0.4670959830225767
-0.09208206610776537
-0.09644266203992846
0.4957692204723119
-0.18891386966151247
1.4815043645050046
12.431242476602069
-0.4911482527977836
-0.5615662147519909
-0.5258285912253748
-0.06919403434524929
-0.26238287310680475
-0.6421493627821389
-0.08630460732019685
-0.08200831775088824
1.3645280683940255
-0.5302376127985793
0.3576449740854106
0.3834143659382703
2.0575113465772614
-0.1511889088686168
-0.4147614314417437
0.4160825978304339
-0.1298671028333238
-0.5333799732603037
1.3434026328751127
0.3852804693975356
-0.5311382370406333
-0.5350519164589065
1.7843578552042525
-0.4930853748571655
1.1108661150070787
0.5119405173676317
0.29069433893298124
0.7868567430337327
-0.5222046794487463
-0.5592674042808963
-0.5421297519907394
0.6211769202417677
0.4630520063969845
-0.45995305897740046
-0.09245063419895916
-0.12363053716449446
12.432524071751853
12.449464796844723
-0.3224918522731658
-0.10484162122067964
1.9067171864780348
-0.5577914832169725
-0.5351457418954693
1.2450451637140152
0.3846333446684749
-0.4624971444500152
-0.5349142990488069
1.9305348554885047
-0.5602876590003909
0.43877301662797263
-0.565102698659804
1.912053160982981
0.37270006496891217
1.474456795722971
-0.5649175097730168
-0.13906494755201804
-0.5611647952906587
-0.5677297173831203
-0.16264419647555417
-0.14563857620679777
-0.13571477091398687
0.45609970333947225
-0.41351069627213943
1.477691844644634
-0.4461555284439419
-0.05234778867467915
1.2913012043930523
-0.3003247270435643
-0.08110397785855017
-0.04907796998502523
-0.4733074094157502
-0.09021794333972599
0.5286123486159882
-0.45665469688294114
-0.5179890972154191
-0.09184126254607827
0.30772976173616406
-0.5292412232516159
-0.026069707735052017
-0.6532161288406781
1.6760337105142096
2.0883264013895873
1.806489319939576
1.6395188491802823
1.9785561083843206
0.38087633463608
0.6647018213972096
-0.11312520066676435
0.7823390063928889
-0.5527080867674248
-0.5059318184850882
-0.10314082740671748
0.17349945009456436
2.0512575956743975
-0.11466734646671906
-0.10778893467385253
-0.5480238944199898
0.45797677921057733
0.6083555760442294
-0.5190271082505375
-0.46277210402908353
2.379101433501644
12.421575574142432
-0.14272488464583555
-0.1299638372481262
0.15021363119242626
-0.3222111561867651
0.371136198094766
2.015889981422321
1.711181094368888
-0.09714097239600505
0.1932868825036531
1.9771527603622492
0.37857314156557687
0.16082155967993694
1.4753472939851775
-0.2804156711126825
2.3790895897830415
1.4603480298376643
1.299557845451307
-0.5474120013218104
-0.4536112627484863
0.1319991322017171
-0.12005808129908024
-0.06561083933177758
-0.509102298297168
0.0255241521487668
1.5058099941213943
0.554777812416426
-0.5645507521067646
-0.09568691667201568
1.4101610154455912
-0.054467404974658296
2.0432524647950645
-0.5492304827681007
1.6665625996103923
0.8828361987135971
0.8542094223451497
1.3833967328976748
-0.11101912983490081
1.4043714923079147
-0.13468886946079672
1.4703320798479658
-0.23119779855819478
-0.11956174319969781
0.29096334898653736
-0.005399208534727751
0.770532086166979
-0.04886389086638954
0.516176900038726
-0.5203991957435228
0.48069738576963683
0.05803717937368469
-0.4793880612634571
-0.1025783962286575
0.7504350891368763
0.43776215182449585
-0.5479660423148622
-0.5849487965017341
-0.2898883137155248
0.14355494586421402
1.9289676094639432
1.4206369930867515
0.6409386315707849
0.6334850233327249
1.1491420718851166
1.4606824809938173
-0.09601736017513784
1.8776803641186484
-0.07243948751820128
-0.5515840527364293
-0.11567595777293693
-0.18215225509976174
-0.45288213475723804
0.024354426872090773
-0.1701898463751299
-0.531636477796432
-0.5167856281352027
0.5044124669634951
0.1491726637152211
-0.5764827510346685
-0.04558581751764368
-0.14644873884931275
0.5852240249813037
0.6215180983267767
0.6081798833969935
-0.27626934311767093
-0.08750060578074581
-0.0897406666773618
-0.10123324671596001
12.474701129723453
0.27955986112194964
0.6267595846135259
-0.10168753225777016
-0.09014546351938735
1.378039064643822
-0.25544845355253076
0.5865068922099402
12.353752320767914
-0.5635719621514386
0.36361297153342437
-0.5075296456333982
-0.5641170478197925
0.14899824917058746
0.6561257940890072
2.2248138565063003
-0.5035837119127191
-0.5526123002189851
-0.06317785069900783
-0.5203425448666226
-0.15670914094049626
-0.08175201251221442
-0.5237181841517295
0.4353489474947736
-0.10111385184854227
-0.036588953310712435
1.398743878462114
0.14636560301399104
0.40427967094389694
2.054918247439977
12.462583428567722
-0.2773632964281074
0.46979852246642584
12.435509294081788
-0.5369603608555629
-0.1391116274017724
-0.5823692586403972
-0.05594013756668059
-0.14705394281258488
0.8363435523116227
-0.12464807242241671
2.048496848632575
-0.10555561939089286
0.5985012878682667
-0.549815749961637
12.379667174786928
2.0935969057357044
-0.5762438923744322
-0.13366033482447537
-0.019658353299646603
-0.11637994251503114
-0.5634475572635526
-0.12550610556169262
0.1896591742896867
12.434032527392855
0.4757983497881739
1.5947819602709687
-0.13278519980921655
-0.5670532528049993
-0.0676359805534501
-0.09822921435504617
1.8027889992582564
-0.5294749702358548
0.3956768293125262
-0.11462845666698318
0.7494771203915205
1.4191572695863723
-0.09899425640768633
0.5146573303388942
-0.08109768391270666
-0.5465110620955842
-0.17946436826130985
-0.5208750922926184
0.6223721236488415
-0.08241792510819879
-0.30320587360479856
-0.14864729749855665
-0.5190486028041241
0.5976420731870667
12.364114547043174
-0.13882356267582208
-0.10792697516189231
0.5109265011975117
0.654424583887204
-0.08171303224653015
-0.06930888767606813
-0.09726271482856796
-0.14291163324719902
-0.5210347694914697
-0.4955485081969221
-0.11727375857856503
-0.2652196860530931
0.22419903202114733
-0.11355750107392448
-0.13693707719438863
0.8051103037001749
2.0408119267410036
2.18257865208019
1.0872180843247305
0.8140021890167211
0.06474376169625762
-0.5558499766180625
1.7420765407290573
0.5035927199046681
2.335759568026039
1.0680537966158634
-0.4710319236859982
-0.09250707757755827
-0.06330247228152863
0.8277045361313234
-0.4774759518565632
0.6112680374957776
1.986320411891684
-0.5671137481100321
-0.5146355330254129
-0.5165454663770419
-0.5189176588274083
2.025795533211822
0.5026441291753707
-0.4510002908728583
-0.09091802411903449
12.419882368124787
0.49201518631946173
-0.5371549363574645
-0.10748495211273901
0.5414815502572645
-0.10121067671982997
-0.10224549911169456
0.1440702700218328
2.0320683309675376
0.09985528082206674
-0.1039359352241449
-0.12397788578399593
-0.14147849567556203
1.0753212283811817
1.5678768425502627
0.5809627298364046
1.4416504625974862
0.83681459331159
-0.11824232287411696
0.5494472514709732
0.5950692442450154
-0.09404620074030645
-0.21053700473469006
0.46746106461019155
0.7911386563425455
0.7676795203380172
-0.5630636954488206
-0.08907021982770824
0.4311081044890863
-0.525895031498576
-0.5228829759787278
1.3125570600889762
-0.17702918829706138
0.6831877046533712
-0.05690020728818268
-0.442875755075111
-0.1372332471414779
0.62791935077614
-0.19506390297294252
2.0514542434905394
0.47280188371197873
0.6151660291670026
-0.46427282172791373
-0.12507135738578612
-0.12461684011914598
-0.49001643390198635
-0.1469043814906439
2.086067187600699
2.2602234821134553
-0.13438120084411387
-0.08495526317654678
0.8065654690305546
1.7027746870266596
1.6276793477032832
-0.07613359949166454
0.5993710679460468
1.923290979038898
1.9184459186108032
-0.572947867086886
-0.5406291648823858
0.7278011859771409
-0.48815892629532287
12.460352103066679
0.5527883791636146
-0.12932805494663324
1.927371024930385
-0.11823393206762611
1.8911336429221712
1.4016281118772065
0.8106413001734742
0.6040973937433471
0.46080564896106724
1.4464699950432742
0.024770785936170325
-0.5231777436017699
0.18047380001604174
-0.002571052718370437
1.8730106285497816
1.6931536328664694
12.414952576363463
-0.10281023999924932
0.5061645734070457
12.360765710126172
0.09029049153501689
-0.11438276132204062
-0.07106809133429148
2.191286270587776
-0.5457237316064476
-0.13612675528053342
-0.5538969622072887
-0.5143589702371849
-0.12084729665392613
1.4274630681697469
0.7999014366963986
-0.12293055748996295
1.361917545923028
-0.05779468531770959
0.20704544464696917
1.1300168157400758
0.6523692210295011
1.9749824118558832
-0.5296062593638536
-0.5000499138618868
1.4237148793480745
-0.5665091956589621
2.252604177885646
-0.5495454049567308
-0.06796825012429142
-0.43470260580665243
-0.14370173582104928
0.4744967277892666
0.5409186801622625
-0.14077381602191497
-0.5626357681187908
2.292618777319496
-0.11941019294810595
0.7465043404510907
-0.5390989813945347
0.4762036393668363
-0.11968244292626107
-0.5566138924071122
1.7612347029799043
-0.47368457362540706
-0.14279583489749537
-0.519219874449002
0.18606285400873013
-0.5030440923044797
0.7819575240775609
1.9006917428943402
-0.5407122359329194
12.37670544005583
-0.2901431391696442
2.061967414298348
0.634007324762198
-0.23878384362245353
-0.5404996581204046
-0.07159752241066009
0.19693648807803799
0.8074711879760202
2.0113633720791
-0.1260969340356909
12.42798804631341
1.989613582278776
-0.14168383957817576
-0.15527724073400473
0.1773618715474896
-0.13802054506467865
12.448261905286083
0.8075376201790416
2.0431253588596965
0.45053625180508616
-0.09999531555951024
-0.3657759356635094
2.013600205093687
0.6419387683097619
-0.5571297094065428
2.219209732634402
2.246800862256335
-0.4485554188153573
-0.03756212739085096
0.4633470455110458
-0.16113301640310684
1.2894827380564606
0.5895974582319432
-0.09089778921973124
-0.14270533737592106
-0.49132434017202453
-0.12133795761352995
0.7975089413320048
2.146171613876358
2.1911189469876753
-0.5732969241445691
-0.531728548955881
-0.5363205223319502
0.869319049954249
2.1301978666715415
1.3744837517281052
-0.12356374699250006
0.19470904511932985
1.9002020905522188
0.9415818031076684
0.40623279427975356
-0.15844022561400695
-0.12064674232358219
-0.5363526714126291
-0.12832916971269948
0.5960143933811046
-0.1784441398203065
0.3890303445472789
1.91483912136281
2.1049558127387438
12.368357320024241
0.7896446804984559
2.144026432857781
0.3779553979089887
1.8371561289337917
-0.5265279308147683
0.4181623291548986
-0.5518995410806408
-0.1355267447299957
0.4231313095873033
12.406138059471234
1.65556906892446
-0.526278658335461
-0.1471688634558148
-0.07305829888421078
-0.19032471671015738
0.36547002191599814
1.8834247711351324
2.1839842837944543
0.8261883513650534
0.47952133022512555
12.465186244521512
-0.5213606067102519
1.3722291690793817
0.7187753052077148
-0.5479606616842554
-0.10341766765562665
-0.11789227126933788
-0.576120609498636
-0.009280438051262552
-0.28208350387325676
1.3733067539528427
2.2414058764786122
0.2452207262799022
-0.08022483580673001
-0.08226754461812846
0.7501847405240194
0.4339777640162714
0.45635891785112426
0.4443180157117841
-0.04334625074350218
-0.5351229728153187
-0.11253940128064888
0.6787915662843085
0.8507247926136827
-0.17222601867363574
-0.4717495008323983
-0.12241328591447642
-0.07545895290256421
-0.24051915579909378
0.6884229138544573
1.7898674629523212
-0.1263751214459935
-0.4266084023995854
0.7766521650645011
-0.09574962382696928
1.9511030361285124
2.190350350108865
1.39542993934793
-0.059624285058318294
-0.12774011765965565
0.4075293707105301
1.4249189275899024
-0.5383376200743464
2.1622350611957604
-0.11473070842432531
0.39384898992736356
0.4778054229658719
-0.5655192968596727
1.324182939132016
0.3881767629751277
-0.15352846224862549
0.38218888361602904
2.1931571229978335
0.6048730281715813
0.7656159275791969
0.632845690852789
2.3470512614284273
0.6292709681580152
2.0344479920757066
0.6908423845823035
1.9153429679297225
0.6254441475473
-0.08659101549590742
-0.5459851371498144
0.45409918350332457
12.452900362919028
-0.003073257339132218
0.5059882471301658
0.5402264181047238
0.21999107044086275
2.163751111118465
1.954677771514097
-0.479118133928347
-0.06994166814160363
0.4509051723863775
-0.5605873028459541
12.381980623324626
12.445085319438904
-0.5481911243336446
1.7781956907975163
12.37198993417283
-0.5233106350841679
1.1465747699632594
1.415236353884796
-0.12630340542275553
-0.5225114158457044
0.9414907952756943
-0.11792996059446026
-0.553927295535678
1.7555747943921873
-0.07834858447127402
1.7592814413490796
-0.052619619146368146
-0.5658309873995616
-0.1794693274886774
-0.2848818733258657
1.8155888585181525
0.7597148122122472
1.3682611727730682
-0.14862488149045183
-0.5262833770869477
-0.16410903011948275
-0.16514920763871144
0.3198126027384165
1.8030809281872096
-0.09666438469833571
-0.5267332725781235
-0.5412928948432607
0.6111190309285861
2.223318191529003
-0.5106459935746629
-0.11047297203974749
-0.5133334214975807
12.355066235695082
-0.09700332691144886
0.7728092140959495
0.6508172236397243
-0.24924301152443307
-0.5414276197051472
12.412257783522753
1.9805521707408626
0.614037029920667
2.254062044589392
0.7821400335065389
-0.0010306278476561737
2.074956097058254
0.5562357207309816
0.13179045239429832
1.7260037173830711
-0.5466286567257232
-0.11447714814836285
-0.5473154817840666
-0.5032974997371229
-0.15757884891509533
0.3980130009337584
-0.19058305673080012
0.6799850748481311
-0.08931468676879073
-0.1519238006936584
0.48037128333590284
-0.054086698297381997
0.10725710431906599
-0.08607415102312987
0.46466109631214914
-0.046566958358083776
-0.5505170515109015
0.7947449056764664
1.4712281915722074
0.6781270580930374
0.4286802363369835
-0.06449689244229395
0.005088708820722099
0.043727616703503
-0.07934513544329203
-0.52555069243815
-0.09488983746112556
2.1036566985690746
-0.19896300146008183
1.8268690964931518
2.308125094049701
-0.11534528552784684
-0.14807166047556353
1.801444079630084
2.0577084490240316
-0.11734925135313523
12.400610814035225
0.6144238816114648
1.4204041271328023
-0.5533738615172403
-0.13516872412120384
0.38764104972357666
-0.17139202008368748
-0.28799288964494985
-0.5108099926034919
1.7611054741118428
1.3831060991017068
0.6253803522572373
1.8935976398969596
2.1975052422234977
-0.09453646431116403
0.6207962261449772
12.368781753919889
-0.5307604492579352
-0.07772649552371225
0.8210621291760026
1.8490986759022034
1.1578518191939464
0.6393392167745472
12.400857032103518
-0.4970618532270905
1.4417580410532143
0.7709619681064948
-0.568109741189971
2.3003749532978484
-0.5612944178620303
1.6915403074893913
-0.0870361837470709
1.425259092420502
-0.2894015609624525
-0.08419090382974026
-0.6665814339250424
2.3284848069596067
12.343394418609748
1.3496682595837661
-0.21452177470399791
-0.12684208635705685
-0.1435429064974455
-0.5433453183011345
-0.2467835859278421
-0.5449963025675849
-0.4896901115142098
1.7708233090501249
-0.48937601019150223
0.8416902620783928
-0.4393900797893958
0.4835441824199862
-0.05058649473228072
1.902296578657282
1.3232955491216207
-0.46174376671173933
-0.526159218590893
-0.17865082417428302
-0.1457587780762699
0.40410036315103876
-0.48504717953276666
12.419994834875096
-0.49467577219468584
0.5977230555000854
-0.21091730569242317
-0.4842639964295946
-0.10895801797618632
0.5653753834243365
-0.15059008992466139
0.4292939812193133
0.15644374796383786
-0.5046704607123368
-0.30058959566480525
-0.5003319617505158
0.0728608950388081
-0.5279117119832728
1.870595287557277
-0.4904763552514224
0.2244405842466839
-0.18294322087565296
0.150985861566032
-0.5470753221554454
-0.10822646015488413
0.43427861238864396
-0.15926325680720066
-0.2215449402976728
0.6080271380016727
-0.5136027305321859
-0.4952894867654931
-0.07208654373540113
1.8481000130957275
-0.31466932839924233
0.6180758994501548
-0.1005246216303004
1.72379653940281
-0.5693316927278268
1.6571312073973468
-0.061565565647361487
-0.5401653064682461
-0.45870631775661497
-0.26906921122371463
-0.21752242987183457
-0.5415044422053059
0.6052020423400253
-0.5405017536048767
-0.26299940559978985
12.400766259959177
0.45654935314146017
-0.5510454909657927
1.6013847573080344
-0.4916514667960771
-0.11871675971276763
-0.5648925084963811
0.1292189250538358
1.8643369221920676
1.9938582294802702
1.8648611429211552
-0.18925223457851148
0.11473093881047736
-0.5775587944402393
1.4360507006067662
0.6792974553926037
-0.2586673659329797
1.3874229346834301
-0.1640989995607387
1.9384808811984398
-0.5966100744314887
1.662603128649174
-0.5581270343840949
-0.5002522252417942
1.5988155336336758
-0.09845033294905314
-0.5684162262781534
0.2138555892128602
1.95371212378245
1.832133081817893
0.44139936441464234
-0.11491177914395156
0.5665560445104061
-0.29923581932099297
0.43949871827347087
0.6809573280839704
-0.5361204128394264
0.442804070964143
0.018624451626555905
-0.2207687536576146
0.14734254830551352
-0.5397571864800929
0.11138050359662777
-0.04533906448259972
1.5290059890802563
-0.5325590520968284
-0.250751383128632
-0.5398054816782452
0.4731873848277848
1.7177772405098735
-0.08927227095122836
-0.5431175495362417
1.6997058344105698
-0.15534256024070858
-0.28998436718950005
-0.12225367339200088
1.6718727909957372
0.6416293243695166
-0.5650406942787192
-0.2109250885071089
-0.10462325044413068
0.814371310273448
2.1044756508828204
-0.5355470808750287
0.3774522769701611
0.19863565882925127
-0.5302350340393838
12.402117667722173
1.7680900607988148
12.424001707070346
-0.45601327958830173
2.3842542097821977
0.4455860685703037
1.337020046683289
-0.11571009311470559
-0.05129236161550654
-0.5259280493593412
0.1571679105073127
-0.15805726821896326
12.451423224432096
0.41744404588655915
0.8515077284227177
-0.10868914152024256
-0.4871647081721553
1.748702636911405
-0.5256374145020872
-0.1224184871387729
-0.5254460102464613
-0.5674505124037856
0.19636833372157092
-0.525378443733036
2.203986678367228
-0.04853741860899574
-0.106654175118855
-0.23222461510190373
0.6098930998235508
0.47712047132135105
-0.10985634847823877
0.4850769053248667
-0.08154990501037274
-0.5972064581338923
0.7274280399280566
-0.5228964846348079
-0.5236708043019246
0.4754017145231766
-0.14022778632105715
-0.04916057769412607
-0.5370928974029572
-0.5473059603018874
1.6447865775314598
-0.5565874928971137
-0.5139445235200313
-0.11015228687875822
-0.5526196532412545
0.6203525855013805
12.430217421791488
0.7363517431535902
0.15892767113686834
-0.5406282035727163
-0.4559538491884445
-0.10211387870162447
1.6730368047118782
1.3839831997434102
1.5195873621306901
-0.4761567421004238
-0.15541355729694295
-0.48709744155528567
0.47647761742265504
-0.5768812711577394
-0.5623677361353576
-0.24168010335004309
-0.48747850608899435
0.6336594339107056
1.379173872511046
0.014279954506746684
-0.1018389384769528
-0.39034887320576994
0.4460463728134647
-0.2960956241264827
-0.5357169851256027
0.39116314579691314
-0.5286624045300652
0.8203403621832327
1.9497525855928615
-0.5188296115507531
-0.48783677395364744
0.7305334113689779
-0.5457246021521022
0.12224415093653684
0.05925561995347772
0.030163521757990308
2.02124513340007
0.4137244960074153
-0.08906888860700501
0.4536228702185787
-0.5418767966814478
-0.5413180157844931
-0.009791123485250464
-0.07005096354878038
0.4840172686268458
-0.12311300894582355
0.608608001137528
0.831336525027307
0.47876189223248167
-0.4891701639466659
-0.5375499663785935
-0.27342491757872067
0.9418142452564103
0.42645383216669086
1.6545225601640854
-0.1683623237494588
-0.018135556597785207
1.4613057297998888
1.1493073888315974
0.7124431565488558
-0.5217669912452878
-0.56165605776379
0.7877282149050739
-0.27202249166224834
0.13853975873437507
-0.5627758160746447
1.1121096603159757
-0.5683443188063227
12.401501079156425
-0.11499199426546125
0.1684839560045872
-0.5323304158158539
-0.2419251846053253
0.33336198409523776
0.8425630193950037
0.6187277209100674
0.38394322741529185
0.41433250172550873
-0.2060564724192503
-0.5498968210925477
1.8770094061722375
0.3719647238852015
0.7829936502369823
1.8525530759210356
-0.2806002129115768
0.8088952779904345
1.9590669954941728
-0.5230735234968308
-0.5708752118476881
-0.532878949406367
-0.11811128170398022
-0.47422246251596634
0.41580940437200975
-0.5215535719280866
-0.0065900588594253184
-0.1087024468097163
0.15590075393290292
-0.533476856174065
-0.29613027830079264
-0.5134576852840533
0.7172028522154108
12.426078191858611
-0.0775310037365794
1.143541996646565
-0.5259556194094206
12.41992332405082
0.7288986765119227
1.4247916859199639
1.7257560886877097
-0.4765199665314692
-0.24911448301249928
0.931798242207488
0.0506351258908746
0.17212358852949472
0.4417718171481204
0.485505175640111
2.0959019348978787
1.7014002632781942
0.10632306206274666
1.8851398749723596
-0.49538058936651996
0.4293002470475474
-0.5956518960815541
-0.11452931151267742
0.6077071366416655
1.3961478555578692
-0.24953162915813454
0.7705582157222436
0.6255735356624792
0.588025667832744
-0.31631962613407794
1.3626497514545173
-0.5409768937247479
0.7372773495614025
-0.49636298202075346
0.8000967724155706
-0.517627272423681
-0.5312654054196951
1.8934660665783734
-0.27210982806909845
-0.10123106216527311
1.1811896355967766
-0.501197298495784
0.17218079452768498
0.20538903004923248
0.4675469586197776
0.8377960550229937
-0.11029589452588218
-0.5513184403590817
2.066878596630697
-0.5431090831543206
-0.04695415438986028
0.5971287873353489
-0.004380173907375218
0.7800453834341221
0.7325947911914232
0.6778112687368831
0.4685164913975177
-0.3096060714861525
1.993583646512991
-0.10797724753877125
-0.20344917185732625
-0.27840801260935943
-0.13366444540146072
-0.5231755277606486
-0.11887472282770195
-0.5458466850571405
0.5352927361333717
-0.5603283344127711
-0.5202963143060132
2.170515544979421
-0.5698960656223332
12.362106208185697
0.046954181489558655
-0.14185071158501938
0.41109637545993927
-0.5547387812390654
0.7946705248856141
-0.5160727853114204
-0.5491791471280731
-0.5222130357035462
-0.13082994138699866
-0.508405017368648
2.1828936316144536
-0.12519838640289627
-0.54895557948449
-0.4594525336640042
0.6669384894073868
-0.13008141461388012
-0.2821701378107456
1.441748454027315
-0.18007097110580095
-0.5797537769195735
-0.565667030057622
1.393569926170107
-0.12426654031928097
-0.11099942643917593
1.737964343118026
0.18423601519672794
-0.07909832004994921
-0.20345153613388345
-0.1390370839581453
0.45138675939745077
-0.5459176713140025
2.0528396064900925
-0.6041187168841375
1.6885444926218434
0.7394600679093002
-0.150411763256578
-0.580579433156149
2.0228266568998565
0.8011368224139905
1.3767035960714535
0.833371732808629
1.4259762778439242
-0.5438093502790203
0.3473598143936856
-0.532034907565426
-0.5568543955733777
-0.10860312046461063
-0.11084287973085183
1.9651353452603801
0.43542337438412493
-0.2825785140630557
1.480449033964181
2.1975545572381545
-0.04389629688586272
1.111454264271996
1.4676100472691525
1.7769432736578366
1.8830953210790145
0.8546345399270494
-0.54824983704202
-0.48050297640157524
-0.4761965621690889
-0.5132473482826289
0.11118423849125403
-0.4060447093151275
0.4601949889950714
-0.10533469603056822
-0.11920634500128413
1.961192324955666
-0.4936116733655417
-0.48948266714589683
-0.5590912644273593
-0.522470702797718
-0.2676031002560194
-0.571218092038102
2.386826127721943
-0.13017557664365187
-0.5414054158591555
-0.5418759896900696
0.2292546309776229
2.2137189437143445
-0.10965700485152519
-0.2629765474307094
0.8144537644887057
0.26376452010021967
-0.5070269924812301
-0.21098073660613725
-0.26206288264823385
-0.06620131052416012
1.9430525839243429
0.3514392035009598
0.4882755819484041
-0.09067201522769075
2.150836955318158
-0.5241789313988873
-0.4971378583411139
-0.11143742519119226
-0.5457467613336597
-0.41443422130765595
0.7981727569095427
1.3249114283200036
-0.5698584238113348
-0.1442161115571552
2.404157000178106
0.6208014615154493
1.429210566668764
-0.5230541632585642
-0.5100133043434014
0.8529343071672293
-0.5128759444872497
-0.14669404894048133
1.9385066050245547
-0.5362892521921632
-0.5431958356143334
0.3619604764761567
0.8221875630442517
0.42719066431536
-0.21577488877144324
12.443498672419047
0.1668586613450389
-0.11235205194008435
0.21887841081516712
0.45767924133744065
-0.6037683324751422
0.1621936560784707
-0.5377819337353908
-0.5526571692974465
0.4733101939506916
-0.49832229321001853
0.7953322658857022
-0.17610191091889538
-0.20439217758848938
-0.1243938241819933
-0.5525706687431271
-0.5782086274790199
0.09723013645966772
0.40243410956884684
-0.558840174081809
2.029353366218335
1.763577797493889
-0.4902131217519662
1.653332511477118
1.4305438791086922
-0.2653732184846098
0.2030346888915302
1.777366064148338
-0.5527498935984827
-0.057111174369233964
-0.5668159950114259
-0.3547753421660247
0.7745998116177044
-0.537507997301725
-0.4637358217250521
-0.5652920034079347
0.3923226610160382
-0.5411393746615532
-0.5324649125899851
-0.5711992426398518
0.7848522568826269
-0.4531030753778764
0.5816343471494643
1.9009718559948927
-0.06548879570722299
2.1273587379488372
0.4434812429814774
0.39940772121520585
1.9919247988653226
-0.5453201556405693
0.16129572568751294
-0.5334874586117234
-0.5649684375933661
-0.15286862490916286
0.46435711514799016
-0.5351500873746379
-0.5686124188389238
-0.5629415852904425
1.1414848501560035
0.504962393411197
2.123905182588947
-0.5494329607443458
-0.09604217052127961
0.7612443390994699
-0.5722089801768746
0.37660463491430984
1.687104320274966
0.34088479072817107
-0.3581403051650558
0.16073404782638878
12.37786313994916
0.16202112070928432
0.09559489395739296
-0.5283414395179643
-0.578317061423131
1.7674867721496297
0.21324773571025712
0.8268646171482292
-0.5389801960436891
-0.512847504211681
-0.563724749030907
-0.49860239471142287
0.655478263890532
12.474751210951375
0.12916312453038037
0.4155020347882241
-0.5664440105827911
-0.047246062942402633
-0.5725692335594084
0.40238623440529
-0.5384282061014929
-0.08385644239931234
1.6942840305715494
-0.2274755724322436
0.17105168835445173
-0.12642908897222616
-0.5513312139959645
0.2105331544661282
0.43053647409855333
-0.5382755769677179
0.6831928276967745
0.8099583186477759
-0.5932429888488542
0.4264870399894023
0.1173309516651897
0.4333934967189721
-0.007615573037943246
-0.1249711404935353
0.21055674219417275
-0.5321920075865082
-0.16827376258567361
-0.5575059599439431
2.166759107422341
-0.5571694844230901
-0.5062647615931334
-0.506471446326015
-0.573656123852949
-0.22290695932996252
-0.18304773188781087
-0.43428390098564407
-0.04729422850016052
-0.08678899072406687
-0.5827532267801772
-0.09102472493778335
-0.564606631942892
0.5180948427568626
-0.519543882263026
0.4354840046456223
1.938550343236018
-0.5382298360588437
0.6952652278772793
-0.1134537990550415
0.5060912220248655
-0.5532920190076716
-0.281939310354975
1.7482606732700063
-0.5157820239099536
-0.5904373866649858
-0.5169400655592946
0.8201170102984909
12.423129782722247
-0.1554950896481213
0.6124107112731232
0.8857568966946173
-0.5694450761754293
12.4415262171703
-0.5794989877815467
0.5202505712450467
1.4321784270230093
-0.1016165710169995
-0.6348674329692598
0.7622440506512267
-0.5324261401210029
-0.507155384053461
-0.4706781330319031
-0.49279711367322343
-0.03607812638831831
-0.6570908514401781
0.6386009552435802
-0.5661282933348343
0.41355686667625746
-0.5284894974192245
-0.15097997319090894
-0.045086551669501373
2.003691057534631
-0.17320766650993713
-0.08972064708808081
-0.5013264748936467
-0.5627862631471043
0.06409850143474571
0.4186158589303095
-0.4409988611832737
-0.5421844491687378
-0.09961473778037722
0.8248247473089122
-0.47937558017931836
-0.2551516205986154
0.19515352691929388
0.17139700477857978
-0.5154652253695866
-0.5073352708651104
-0.029104866251436268
0.9822643076952078
-0.5300095641436819
-0.4381484366394919
1.8888348601989646
-0.5571533957214996
-0.5221967662835776
0.8148219623809712
1.4519252316553315
0.4416352039284974
-0.5489071349247525
0.5361368365042118
0.7322977410417169
-0.2464475568541623
0.38563431338702814
-0.5250823738371292
0.8077198226284652
0.18340878366280844
1.866716115314059
0.5044238721489085
-0.5780747088326426
-0.0731375114331646
0.2668469233426552
0.3790506035537182
-0.5219406888581709
-0.22941901292516564
-0.456528456571767
-0.5373252185834463
-0.13255107246731368
-0.5028476060053808
0.7278863844137304
1.9812248653156346
0.6524104879039326
0.6732347909575316
-0.04770184803048527
-0.5318230444937165
1.7569543055514296
-0.5339084259935369
0.6228627595938749
2.048444862927819
1.9769324869052598
0.76072218867563
-0.5776767827670509
-0.5987193510990643
-0.5174721664857902
0.29391476178602516
-0.5459874962411395
0.15193383415482398
2.2866132238388372
12.4881380066819
0.806710662049164
-0.5930574738185692
-0.5196028914906304
-0.5579935150061354
12.393547441312558
-0.147879757658396
-0.5449740140710355
-0.07638897344436368
-0.5877865381333556
0.4275323723198677
-0.5314137411933086
0.04789004883721648
-0.5627151259022295
-0.5214183929268312
0.23032635568739868
2.077817813221994
0.6221042069132534
0.6039181938158388
-0.5781446866765616
0.47920100541725685
-0.11669980302644656
-0.07457835261625045
0.6056693062858156
-0.24872644428568202
-0.08412818066513261
0.5999268061576164
1.5902152871983153
-0.1310948392936896
-0.1583433278189128
-0.44464521992355777
0.38400619669735764
-0.5369416352243133
-0.11634053115569287
-0.11501447248661711
0.33921696614747165
-0.11190349530096566
2.155484644987383
-0.5551830836957219
-0.059456793667242436
0.45412117538813424
-0.5614074876438027
-0.5261934213218421
0.7484149466493282
-0.15741328673177635
-0.5607896962411804
1.4763482504865255
-0.44545056294479923
-0.12974071786571117
-0.11598556742703947
2.1160101682352206
-0.5415474209606517
-0.44205006337894936
1.2295074867754503
-0.46969273509006115
-0.04268089451609269
-0.5709403456423504
0.6060361777404157
1.048792724795035
12.352159384799442
0.6970934374896438
-0.5633933468464807
1.8899723499327499
0.4014775111661231
-0.5023677430704578
-0.12914247769542708
0.32604355338661534
0.8700572289471765
-0.51661346753449
-0.5250415093406144
-0.014043239036008681
0.14344644063260592
-0.5025375399826852
2.0346320787860757
0.3315508081998537
0.29060768313123897
0.819764826570661
-0.6001418064206169
-0.05877800467976757
-0.08660155763959343
-0.13334637865759313
0.01058030110709729
0.04013976552111287
-0.09933332052711596
1.9576849522261803
-0.21408701940516695
-0.6371389047401946
-0.6501420370731292
-0.5220674184520318
-0.5558675300514289
-0.4909821875482928
-0.39878220920396656
12.460622539892475
-0.5177871144946637
-0.06826349830418765
-0.5644584048789594
2.320697396960828
-0.5769761898991597
-0.5363902646484104
-0.0043146676719433286
-0.07663827537333934
-0.03612808063612527
0.427202556668947
1.0397952774609682
0.1567586227679958
-0.6075375729562996
-0.07996861988788173
-0.2882801916327058
2.1202595107793116
1.7774312952063265
0.7458555086483736
12.435252585536558
0.8845602338521396
-0.10360773255977374
-0.5642055971987254
-0.5593699780373693
-0.09465068517060116
1.6879518353915919
-0.0465103361041207
-0.5630900770921955
0.309408678187191
2.0011177024453035
-0.4856999023812665
0.10707396318229101
0.8267409877973972
0.1692877471364811
-0.5396850268610859
1.7470414512237895
1.9493682889581363
-0.04998696061556651
-0.5282031962376877
0.16045573031063376
-0.11059693147660765
0.41858301874353954
-0.1032666145070007
0.7002370275730792
0.7690444815060787
0.47576365847731983
1.9157722750291888
-0.5527113956690286
1.4340537209301194
1.9925142669843627
-0.1735578761100358
0.27627284336577507
-0.30837881029149616
-0.07044474541288281
-0.5355668229959009
-0.27874209831185726
-0.45038431067310136
-0.2059417640108534
0.9395640747724817
1.414589197359379
0.4625385036735015
-0.5075494462437445
-0.6055417062982873
-0.10881311114445735
1.9345217860063249
-0.5185078146925226
-0.5243151331792113
-0.5572221403217883
12.379775749418503
-0.06553106755486382
-0.4509306234877878
-0.09500162271121282
1.1660368996049548
-0.5393442758281646
-0.5222468952521655
-0.039709140235929974
1.4606704951663667
-0.11273425429797801
-0.5331720513948406
0.8236053278567356
0.0545112038596689
-0.5132679792496854
-0.10862598068218499
2.113378704969591
0.6639319167750044
-0.548667782086228
-0.5518397340184256
1.4104870630217865
0.9601588442892632
-0.5184950333317628
-0.08084783145847307
0.17190544114523032
0.14945612944595998
1.12027635286246
1.9426691805835012
-0.4813675678342425
-0.04769567453138157
0.6111212285841223
-0.11994960778072672
0.647444532290578
-0.12913941296924536
1.670709243941275
1.4368343670043107
-0.11016251474147176
-0.41440087501605516
-0.5402122316173945
-0.11768837906910457
0.3811386743859857
0.4358411903391699
-0.4674034135597568
-0.5601849137858306
0.9931423203145653
-0.04114479651967751
-0.15819368137694345
1.5834551856232941
2.083274196207457
2.0491209254006533
12.40430940804
0.38572324900949373
-0.06974311716272141
0.1821314659005011
-0.5305371372565646
2.1509567306481845
1.9381265937643586
-0.5428946753804592
12.34659943171611
-0.5619482978863496
2.1332890695125557
0.16594981734641
-0.5523862034916232
-0.1208264580816818
1.456588354170431
0.9506384171157267
-0.47039228807471156
0.4846536560476542
-0.676274067546355
2.052965725649477
1.471346782215389
1.8877843321144332
-0.14996741103851674
-0.5375310419343198
0.3906336038516984
2.158579007907978
-0.6551326830307268
-0.13044934414967357
-0.5775477788889756
-0.6165943999768928
1.8594113304905178
2.1431890882695495
-0.5461155711612407
0.6954109895068818
-0.09418720063812824
-0.5117706197824985
2.0940040783324783
0.1533935444657275
-0.527318267014427
0.1514965914540416
2.0019583082496575
2.0590521174678544
2.105378158517415
-0.546824975621679
-0.5887027327153413
-0.2530233264852061
-0.5237391721380384
-0.5315959491825819
1.738561348472061
0.9345933177373306
-0.5149878764139815
0.405009484873885
-0.5660511502642542
-0.16208721209097743
-0.5414726470715503
0.8207635534172336
-0.5309377935325561
1.7810625026621816
1.500362055487198
-0.08853325969716497
-0.06500979786919514
-0.2611894266982787
-0.5884650967031488
1.7047099546212692
0.6208512099582885
0.6469688878087252
2.176619780442562
12.416719036253827
2.2900218472920932
-0.5336483634148848
-0.2957881641573148
-0.07905795438192187
-0.3230758695329462
1.3759847500379558
0.5307743651651433
-0.5285845423087379
0.9377230098088744
-0.528850166605507
2.1126535313385477
-0.11201747056959743
0.45408438942454843
12.388696616183118
-0.5349998353078205
-0.14071759716275878
0.431081629151036
1.5968585880666037
2.369172146356117
-0.5407685352691876
-0.08849042928946016
-0.4267463155556104
-0.14409776526485374
-0.5459790066206254
-0.5353298120182453
-0.565554183578156
0.44202131089358354
1.6986594309198493
-0.5031308498743265
1.7885531800089904
2.1643366955721466
-0.5268097710876852
-0.10791099316828823
2.1586397617143356
1.9113656990140537
2.011851430502188
1.906587004652382
-0.5504435266829117
-0.6082895035552466
1.4263220785862214
-0.2948843918188848
1.811035358714842
2.032442016190938
1.4493108276486117
0.4646784582925929
12.463389330501236
0.8321975503748841
1.7644584912500518
-0.5293194199055458
-0.4980218178920387
-0.512179212186609
-0.14869658226001603
2.153075284268902
2.1869232740013236
-0.18361464987838738
0.8348416665727222
-0.5384745706306944
-0.5546026138151332
-0.08698011855455812
-0.536825149363056
-0.07503680509684807
1.9231741733472703
-0.555913377375969
-0.5464055468605429
0.18503839564514157
-0.5346766015303475
-0.5737635008259947
-0.5541843121314582
2.095093345728315
1.8315122743958137
-0.2919418390151586
1.1263830588255084
-0.19738744802975128
2.2353372550577024
2.0224751075174425
2.219367360150671
-0.0863691373068658
0.753401448337868
-0.5197937251279413
-0.5652950209069201
-0.5852248689902042
-0.5160834709210264
0.6909722404199312
-0.5754871599794155
-0.5216698604522012
-0.5211672870069686
12.402781794875551
-0.5534505351150614
-0.4397912014282155
-0.5495902602246712
0.8158687041168914
1.1391066833125336
12.441891866120425
-0.05965343706283066
0.2941193223719738
0.4035684634882769
-0.5521982163036342
-0.16660304474057275
2.1322527528835296
-0.16918540415788075
-0.13881800449943982
-0.49530527792937307
-0.5491228122837043
0.9538662797450698
-0.5876964697007037
-0.5313682691126258
-0.24956537499872022
0.6294378368496764
-0.18416134420605312
2.0831317886937843
-0.5161349462757248
0.23235856887681083
1.7132385985946563
0.12484190077728896
1.8371234861630446
-0.24163074754511116
-0.2730678453587425
-0.10110646591329764
1.9978688978251398
12.402202539824394
0.4588841414834106
-0.5343457550733097
-0.26182955488403203
-0.2835166324035504
-0.05942285446077389
-0.5274692582121571
-0.13530629983694265
-0.5380916467830716
12.364677850952265
-0.53624298389859
2.104154841613664
0.5918413172742888
-0.4842346435540521
0.7817038973746985
-0.11471977706673986
-0.5381897102403581
0.8750545368208299
-0.14023390753113352
0.4184116143612082
1.9828557440215593
-0.05684960109105164
-0.5456731210427187
0.6403779585794918
0.7954851368223412
1.9390114263904774
1.7595466730864573
0.46637714078058745
-0.5495007705293442
-0.5034117890266177
1.878874652500907
-0.05743010322829545
-0.5478898056254472
0.6469439893749377
0.635604615960009
-0.5642684340496406
-0.5663889646728674
1.9280644157779474
-0.06954417143573832
0.4678916231793442
1.4403532903209004
0.6331077658758111
2.283805396375991
-0.2669172416038913
-0.0589159110429176
-0.4605569573322249
0.4443487115782241
0.06885991986289008
0.18180791808017394
-0.529313205050387
2.0729022675026965
-0.5633406379481694
-0.1384131099348932
-0.12080457264429445
-0.08576710230823736
1.4280510709365513
-0.5790228264942054
-0.554886858029446
-0.4457845539307307
2.019403058004737
1.9768748165879781
-0.4225028302694821
2.1125579814132056
-0.11466847171650174
-0.11714701226012447
-0.5393027564179353
0.12728128756255153
-0.5075807886163787
12.376477314054492
1.434024942622437
-0.10737922680521628
-0.48584439634516496
-0.5668125172428866
1.2151803187259755
-0.14150664744472663
-0.5450737564709236
-0.25755196282672266
-0.5304909118499787
0.6798043398456624
1.379356898326162
-0.3752998801321562
-0.5453884118558637
-0.09477982376840233
-0.5896069314965935
-0.142828879398874
1.4144378488699265
-0.5981966053456744
-0.36537654390844887
-0.5144097698927541
-0.547842375072177
-0.5322974638470734
0.3240302818526697
0.23115186385399555
-0.5269399619453299
-0.46970509705624985
12.40233421401671
-0.12421537063755661
-0.5693506906316999
2.1699685840876626
-0.523228182521329
-0.07440331016503376
1.6914667546324718
-0.5047453008340633
2.079980487793351
-0.12515451296351499
-0.5588780991387456
-0.4950894032301433
-0.5317759054648199
-0.5033925975749853
-0.04494337197835063
0.029035053892511264
-0.11941689483080808
0.6573217082238232
-0.50404545441683
0.43246855084282143
0.7133124419448525
2.1868699622499337
-0.5290733833378337
0.11956155420185222
0.10758553395225268
-0.5595449358742961
1.5446045478059083
1.9798327120421904
0.11524988615469
0.655751241196304
-0.08166353640036772
2.0737527623811554
0.5575635251583212
-0.10194597452611709
0.841683979146078
1.9572905885213019
0.30629648632332596
-0.09339276407525943
-0.3177407612808203
0.6558402517948441
-0.5168209965327013
0.8255556024248536
-0.14875927414875545
-0.5508318911061327
-0.165125484472052
-0.5520444615302253
-0.4997546705799776
-0.4984980349095235
-0.5663482743197605
1.430761187691932
-0.5444666225943909
-0.5401129801356503
0.42953324300658213
-0.10591783784680353
-0.6301843875290358
-0.5167515919919976
-0.5001228040350203
-0.13259777966730157
-0.5060029221068547
-0.5105491330647458
-0.5757262409340468
-0.5209586732692836
-0.5448708155312456
-0.5461291283517582
-0.51828907770377
-0.04639013301315964
1.3881965802052474
-0.12561782345435435
-0.5633411853771687
0.819712155318759
0.6729980804166347
2.029882728243274
-0.5369293745275496
12.430664250697331
-0.0883364821985475
-0.5623706716957266
-0.11300510181647438
1.7059927532989787
-0.5281424132278105
-0.5543025652185185
-0.057489141882972494
-0.4216031182936827
1.4734908148364372
0.023077028089841578
12.378514416537085
-0.38298876066194365
-0.5528848238226808
0.6601789247314065
-0.1535671495676042
-0.5282047767758226
0.4732235888340115
-0.048202600188475775
-0.5436304956102145
0.661813309720914
-0.5197185845070372
-0.014981575858074248
0.15948029872985406
0.08473545877023358
12.383528956039514
0.6018539365309343
-0.5182170117035534
-0.5522348523001739
2.1224616967899346
0.8355961205367316
0.08451252870223658
-0.5037973815578106
-0.15960245703978948
0.15249450383931107
-0.5587445745131958
-0.5089844236053975
1.3817554411927107
-0.5467431122686452
-0.02878998673414712
-0.4693068059310592
-0.4970314910735817
-0.569238271446542
0.053153779769002485
-0.059690270890226604
0.8181462219795061
0.1682627622403834
-0.5306601859231667
2.0879223080858447
0.7001845374305578
-0.5332052624828909
0.1706323531203915
-0.206517227823119
-0.08843103919893336
1.4327748854216065
0.28152089194459395
-0.4437859518436166
-0.5535526101456627
-0.09287694388766199
12.43661242819465
0.5326840255051244
12.353052682882854
-0.5789647581937044
12.414795811874662
2.015784337258136
-0.5226138908939051
0.06217391847441944
1.816250855406489
1.9902848489877585
-0.5115789125238634
-0.13646914398439125
0.17082243013435927
-0.5221489381159365
12.413415036687926
2.203352937529948
-0.5145865301636389
-0.578729974666115
0.7150777955542185
1.2272350567999128
-0.5312010502330353
-0.5383767930330272
-0.534175608532549
-0.5592968021270789
-0.5281448235620065
0.79197854662356
-0.5428770911125953
1.4551512956145467
0.033372229784082386
0.5254118770015272
-0.522473636245353
-0.5537025916556086
-0.4432642536870204
0.28648187090720545
12.360851066779258
12.440303262028118
-0.5570308212268542
2.32014299990497
0.8710984575751161
-0.5669510306171148
-0.09423997382476956
-0.5537989376143142
-0.5291412305678738
12.435954196393912
-0.5129127851701104
0.17039530423292026
-0.5339595069440847
-0.5042427896557101
-0.5664588538651387
-0.1320004869475957
-0.5431933404780989
-0.2606537345981169
12.34764262660788
12.44102065524532
12.367223728650298
1.489088189317601
-0.5168145696761434
1.937818938220763
-0.09260181209186724
1.825025014460113
1.6701566518845485
1.853622576610214
-0.12566026498087868
12.410443514372908
0.823232314181362
-0.532894280732301
-0.6031777466039987
-0.6056722304845925
-0.03658645842836117
0.160530926152733
0.520317525052942
-0.5501314669445234
1.994914350253313
12.420975958044647
-0.5190546689057587
0.45867970638748795
0.2069238707462968
0.6635605278978807
0.5251553333796348
-0.5367986633230275
-0.5574619288770195
-0.11075900117130177
-0.4785659908431269
-0.5236070659328256
-0.24688166852328852
0.8072853079552467
-0.5598848560378934
-0.12854171362591438
0.08052155041813158
-0.5175469176787815
0.8279584681088952
0.6464736833930981
12.442117066566102
-0.5561730773022844
0.4988436437983641
12.427152727336527
-0.49340073307894605
0.8108861840325396
2.06581801915383
-0.5322177223264479
2.051756733337002
-0.04044707577440454
-0.06289446575421431
-0.10084095797473813
-0.09326576601050673
2.045609078488893
-0.4605071580430621
0.6910846162829629
-0.5253856260204808
-0.5317521738991502
1.9298791851910793
2.028292179403222
-0.5613003725470211
-0.5081956068675197
-0.5554344021933204
0.6689725034157519
0.6242158443666931
0.005215403216338732
12.39984189694436
1.9542319193601934
0.6904477111379339
12.3882871968333
-0.10751676738693139
-0.5389921571568806
12.336126348613787
0.7820608869680087
-0.5417136729451615
2.0458927050237747
-0.6581419483115021
-0.49928518456272064
-0.05467675134555894
0.7759002304698788
1.429788004633377
0.4770458136496558
12.418937579582414
-0.5443462513913515
12.341730634521332
1.8869791715659374
0.1612609671143812
-0.5318765435071552
-0.557922972768121
0.5973220809499369
1.3970819459932913
0.8296078465627692
0.6979944961838342
1.4054823488703252
-0.1352957548285596
1.4421636475670903
0.2095657140856091
2.0132815055267104
2.2874220199937665
0.45252102169159714
0.8217024928434898
2.097616884113318
12.439652757998457
-0.5225419258938051
-0.5480972361453051
-0.5401130298951055
-0.5038788944534824
1.3793267250229186
0.7749004495872427
-0.12011886386129322
0.8403822047223434
-0.11052694871402136
0.18043916806043359
-0.5318855479418009
-0.4559607892583699
-0.519370982702575
-0.5675966131536541
12.433928462098793
0.18087840122050758
-0.5670964907847007
1.9671862906577249
-0.5868272478632852
0.28204806841105334
-0.4974702966406277
0.18937637040743227
-0.46942147912436727
2.2533128148895623
1.4813493629804209
-0.5092588314408535
-0.5354301122745334
-0.5564497645416779
-0.06853690961941128
-0.5389932978327509
-0.512021067816447
-0.4956995047813365
-0.058856676198507096
0.40428583231656656
-0.14678719868752432
0.14747168721744974
-0.5191828645257645
0.8096997859748158
0.09555070364250606
-0.058983172550606144
0.45052055153720594
1.4838055266803316
-0.07569652197513499
12.45132543221154
2.0775853888549873
-0.5958233070099694
-0.5463657862819329
-0.4680283278020304
2.2673796048337023
2.2598396495252167
0.2049933914503208
-0.4547122367100449
12.470942793472805
-0.5503811421102256
-0.5479723950195902
-0.5312878773944918
-0.5451702538359126
2.1309900492516736
12.402623362754689
2.2730186978283617
1.684465332506731
0.4746453347767702
0.7574320635114606
-0.5522281280497967
0.4956684815329427
-0.14151412180797773
-0.5031614830548659
-0.5876282473453571
0.12031166611818289
-0.5294262728178656
-0.10072185418483937
-0.5096354755484958
-0.14552355924466898
0.48643745293533885
-0.09861224542639357
0.683812311378168
1.9776452389429025
0.1458924925297076
0.6065708827887429
-0.5459379082565949
1.4073952925265731
1.9817610756137973
2.055529006519115
1.8986808185518371
1.379791543414342
-0.5230880764527638
12.419021440260412
0.7915701594380218
-0.305633427791576
12.433550254666526
1.4364195264478419
12.491129335606068
-0.44717833022737863
-0.08058143369500737
1.4420498063145923
1.9227778525853623
-0.2527225732161118
12.43009725399843
-0.5439697354173749
12.424497058023068
2.3006288115732607
-0.5341745748478001
1.9054897573480227
-0.4831310375633914
1.7804227744217
-0.5301306127772119
-0.45306212347968977
2.1990523325923292
-0.09667086751372833
-0.4436272966210294
-0.5008877301257696
-0.11274708619316454
2.009843070190502
-0.2905713110499728
-0.5286606566787693
-0.40688408330120207
-0.5737309443953944
-0.12317008410023722
-0.506417134213049
-0.49062016810784415
12.361759579101413
-0.03395698115602275
-0.5297109862790306
-0.5245321367941735
-0.525230194823486
-0.5321318717211425
-0.10951678043159419
-0.1155501855605291
12.435747812778988
-0.4346361829779416
-0.5066024288981542
1.4141678824654216
12.450977827888188
-0.545967571141631
-0.5287249515208572
-0.08635126101918644
0.08808411338184974
-0.5187646556247143
2.2184354916489046
0.7731646841378466
-0.24093264271832748
0.5511853444769406
12.355609823887617
2.177441435020954
-0.5583281533069582
-0.09908237326775471
2.3733455758003985
0.7121968280534887
0.7789388112216589
0.2078972236570058
-0.2838946249482962
-0.5229117249164085
-0.060547583963983964
1.9701816228128386
-0.11854421519235658
-0.10981037711074793
-0.5531031188894922
12.431799492278149
1.406924796520767
1.3192081832610612
-0.4185146749317802
0.365337509937653
0.47362395159482973
-0.5472956883586939
2.281552542047648
2.342769595670374
-0.5068194563391196
-0.5445203436833567
-0.5762943518083321
-0.026784685255750174
-0.12800202162137242
0.491065497586862
-0.5491120142057349
2.308676361573213
12.38539670998121
-0.01811322401042348
0.6054171988345585
2.050444415280624
0.5784501768979753
0.4642427882889393
2.182648831961855
12.433135070691907
-0.4922370924592885
2.1552070664079697
-0.5404128942380233
0.7513874117588182
12.37620171972096
-0.5403302495433984
2.3742260424543122
12.451089190847176
2.349024578326242
-0.511067939586896
2.2194601807182637
1.6674861281840145
0.6477153025557536
-0.5492040973258601
0.019577144348039255
0.1560173889092007
-0.10228279376469196
-0.0027188133245160673
-0.06090034800243205
2.2092676001898357
2.2358629458234107
1.400302907994945
-0.5318351106075961
-0.5149393167283678
12.373462436954672
-0.5329009215760452
0.610330560931099
-0.127920067516474
-0.5145698869561074
12.369817752000753
-0.5063613937448799
-0.18485802182323197
12.430540131128057
0.6197148819764957
12.379821366774156
-0.39187996223701005
-0.551930311826123
-0.5714635345367377
0.6280061426490533
0.21885641361898212
-0.5239598488481896
2.1464531061013585
-0.54441545972681
12.382269760281822
0.800761668248603
-0.15423598106847225
2.2492078978531573
0.6948550656841366
0.009079193074804204
-0.3780186485537469
1.3920253185085802
-0.11825718268108076
-0.23649382083698423
0.08650423309771327
-0.09993919061990908
2.129830192336687
-0.07952143699969261
-0.5008539435291441
-0.558435453425712
1.4716720162736199
-0.08874158748589578
-0.5318333705598081
0.6989368210949394
1.39847730669723
2.0530285747207566
-0.08205775794371695
-0.5048511330762966
1.39473570548874
0.6832528710779107
-0.5338726527588009
0.4483340621603847
-0.532470612897405
-0.5646799706646792
-0.5563249889344057
1.7560103101132323
0.6143825260835598
-0.5190857432145466
-0.17798274202163689
-0.07134038565500611
-0.0596290214430234
0.616590900743716
2.178471846228495
1.992330229179509
-0.014214444149310612
-0.07817701229581608
12.441745715192884
-0.4327976488297427
1.3889626690362433
2.3613440383114104
12.374790452059635
0.7567723600456064
-0.5256153663533927
12.476633064077467
12.370502523303893
12.385235609182926
0.1380981515171551
-0.1402961013710513
-0.49686490230588565
-0.5579347467000766
0.6683671497868477
-0.10789947242114173
0.449283973896041
2.1707740011793293
-0.5089289399185181
0.12615234096062178
-0.5163014208799421
0.3059886637630222
0.6329524925990894
-0.5595354326536359
-0.07075265888471016
12.48278951096588
2.3251284557563636
12.429810229781744
-0.2654438818823669
-0.5242607209737529
0.6743905030681192
-0.23799681504551906
0.8077178742535992
2.283347022893004
0.8200091757008581
-0.538340061268647
0.16399568988762914
-0.5334514745179104
-0.18126416868807738
-0.5309699046138161
0.4568612555948808
1.36488922481564
12.367409476542665
-0.08805962668075085
1.8691625336085644
-0.5541683759361277
2.03283517013821
0.4342070905473603
-0.5530331735807769
0.6847091376078298
0.688534614143304
12.418733250078615
-0.3155180820870749
-0.2534621573932766
-0.5360061760466829
-0.5464213197473122
-0.5667486913670658
-0.13295402315267346
1.3018729108342835
1.1468044764576981
0.6780955673518416
-0.5286226422795903
0.5188647024412212
-0.5561855204046613
1.4163141570454647
-0.548745373202399
12.420032050075157
-0.5684536288763915
2.034365591390773
0.8275900828995334
2.3495136772101097
0.4705271471451731
-0.12129691451006641
-0.5113681906497722
-0.5461359989485501
0.23648213315614375
2.023117766428256
-0.09377050254049557
-0.5258132228346453
-0.5494041631513141
-0.09508349458098453
2.366100260348052
0.20261148035617804
-0.2574218999498581
0.4799671427415688
-0.5622952230517629
-0.5072843545164588
0.3967510211702687
-0.5486884118533404
12.384815420045955
-0.5929725607415574
-0.5741711967423644
-0.27589831486864713
0.6797558122495155
-0.5317255427276972
-0.5376084165390413
12.378148531638201
2.313773925144022
-0.5321520592150097
-0.07414608904236764
2.280939061285166
-0.04899824563386501
-0.5418680462798007
-0.5486790937714763
2.112148540999922
0.4317615742361085
0.7747093701110255
-0.5624388103306264
-0.30053785775671404
-0.5146141712465797
-0.5010370011588726
0.6054966614667789
-0.5144507526331048
-0.45485369174758816
1.899339862941415
-0.5525679904187435
-0.2691314365112546
0.751188094731478
1.8600355162089333
-0.0741407967308394
-0.5498025448392291
-0.29961217961416964
12.426561106371427
-0.30002267356211265
-0.5550322656594151
12.487563692576527
-0.5361737393434913
0.8872777521559841
-0.04718860859369445
-0.586421676520775
-0.5364034836471231
12.41454452341165
-0.07522260113949852
-0.585347226109862
-0.5174381780847729
0.8104925943943955
-0.10452946671398045
-0.055410407172762244
12.451685205056126
2.1436145011122143
2.1628703009464783
2.3102335282368403
2.334315196000968
12.39842242117685
1.1046931068529477
1.5382984668764663
-0.5758240737432466
2.1669060152123203
-0.5434871468382974
0.8137408239221079
12.412450390482586
12.386551372038234
0.7184709857217664
0.8322389148605467
0.656773789806479
-0.5172407265879401
1.7685350698141131
-0.11646787310115059
-0.0792245080615106
-0.4769446624880397
0.14958784745132814
0.004382424092467696
-0.29016010604591325
2.178868443886368
0.6738702800187277
-0.5053513960793375
0.8912007488928597
1.9682044767501516
2.393891205936863
-0.5205240632331396
2.257072298885539
-0.5165145210612221
-0.5524247363053723
-0.03131369637932235
2.0782497020894066
-0.2143891550971937
12.421855462344336
2.125162430590526
0.6331142542464441
0.6299553857137536
1.9359116093213302
0.44122425398880494
0.6423896080876964
-0.564979491783268
12.448154452780816
2.004348094490039
2.229927847913451
1.4076220865857743
12.40627426239415
-0.5688185563432449
-0.49077805740179636
12.423972584087881
-0.11500773413404453
0.45657002646863676
2.146217083898578
0.27229866365794786
-0.03535203444059176
-0.5230128739806159
-0.11557705383528494
-0.5611389821075741
0.0006945435154621649
0.8694583024353618
0.36273962205337984
-0.09805718494446847
-0.5526028345322807
2.2247666624797975
1.692182569656488
1.944722693737666
1.6755217538078229
0.41908277783958026
-0.6158640957980174
0.6289136705598413
2.358250213141336
0.7807006728260736
-0.5426002235171282
0.16516112261267812
1.3968611943113796
-0.5568092539869799
1.700777380060826
0.4618915078602668
-0.13086341649326028
-0.16694119613037195
-0.5517383547600745
1.6290998706998847
2.317844042966601
-0.26102674303641893
0.163316032698682
2.062922425388552
0.7687136993155155
1.1258435710460626
1.4015353994860114
-0.5123043924866513
12.370945950374388
-0.12167107960923662
0.4963276059220658
0.8409759407027555
1.9543919779329482
-0.08241989620822188
0.6240785249106745
2.070688112806298
0.7447457073626895
12.41152750886361
2.3271951370049084
-0.25765296403681903
-0.46015605313214203
0.4291843760018279
12.387374629188338
-0.03726561838252884
-0.5831365752232901
1.3058295647617966
-0.5307496219573389
12.332006562093166
-0.5458867866094121
-0.5559049626723835
-0.13610186214547493
2.1163578698271075
12.404592692853193
2.1236636664252204
12.426789563768077
-0.05618892428959554
-0.5111635638282533
-0.5648112820055979
1.481097943453464
-0.5555899716985636
0.4318384653161496
-0.5392028319801936
-0.13293222702985596
-0.16045228107324783
0.6058503634429868
-0.09738811704198636
0.45749079447046626
-0.07635860459573862
2.0486045110879423
-0.5398815045259784
0.6910476359927673
-0.5115706436130673
1.1531601750427656
-0.5096933090914747
12.470570696674898
0.6273823272630892
1.9410340922674965
2.1978065012831176
1.3737272936338545
1.419993603765347
-0.5402370178744833
-0.5309671644943796
-0.5627456749980133
0.4335214697229386
-0.5000752592301734
-0.1501074618573639
-0.20579336423571548
-0.5248909963811823
-0.49046971178345034
12.376609161486225
-0.5568795464590511
0.14901530379706762
1.9425300199486906
1.4305700130742327
-0.09270064510727405
-0.02040494718619923
12.429245863528928
12.40819931467326
-0.521243419161274
-0.10039170274777665
12.418438890853823
-0.1477329467673245
12.393964594109056
0.06561068196681674
12.4228573047722
0.7925936568312065
-0.5443054802824723
-0.5181886287386004
0.6615415902059114
0.8149004649901025
12.469644651593743
-0.12179977030532907
12.427414964946777
-0.5306408980832207
12.378872352476158
0.7016465061090145
-0.23844129752405463
-0.4973947798258658
-0.5699979224519993
12.45939837747363
0.6204279501815434
-0.12583312283700077
-0.5411882642596872
0.4588765631781362
0.6255410269713249
1.1259502880166958
-0.5083071349062209
-0.24586719558605286
-0.06288619155956465
-0.06362825310001563
-0.1171393175565214
2.1486235073483004
2.024483394552018
12.405571230396676
1.9263671633582775
0.7387008746867108
1.868911335381267
-0.10490426202399172
-0.09305505078702059
12.433554419134795
12.401013191596912
-0.050998669161223864
-0.5183943727653016
2.3031616807293274
1.8155090552643496
-0.13575788201804118
-0.037925133277837086
0.3875258897610909
0.8105313537687556
-0.07616181774183184
-0.014619125018519363
-0.5208230507793306
-0.11321711490660902
-0.07622715162523763
12.435848887599652
1.4204757976003042
2.336344495919961
0.825694973444568
0.4088197754578937
-0.5215066119536749
-0.47523399065339633
-0.5315614283066081
-0.5367653102761847
1.7816751297148696
-0.09836363530965953
12.384038109728932
0.3721738581818952
12.405420596009678
-0.0814862828267775
12.361611924472477
-0.10420316641163263
12.411855881060337
0.7712347278844597
0.4057990431212801
-0.10168833860819138
-0.053838388495620615
2.355507400994743
-0.5205565368809488
1.7341428898776508
-0.11943022294479266
-0.1461194665312161
-0.515961314635832
-0.1789200417792547
-0.11940959009502738
0.3845315649165746
12.385652555869227
12.41526369693251
-0.09887545196151293
-0.49658528665601465
0.4839684247565126
-0.5467942812289548
-0.5423109822556936
-0.12601687474394385
0.7123664894374016
1.9194076689862276
12.447885290478403
12.3819278652063
1.3906699937246094
0.46733303759748535
-0.1384527377366983
0.03952992069582728
-0.5512509486099433
0.1653121898475609
-0.09456229468216126
0.6584798564582364
-0.49100985927084984
12.395278414619609
0.40594866583496647
-0.5200211951183018
0.8178000485033444
-0.5616502351010294
-0.5750876908509553
1.3775763445662492
-0.49881479500287673
2.301524999084051
0.07788304232595067
1.9809787153045346
-0.47760178073478243
-0.5182705891350153
1.7353441962250595
-0.05189831478189655
-0.12211378073543111
0.4581559905396717
12.439910508666838
2.303221243715739
2.203649931238718
-0.5716891574773764
2.073765413141113
-0.04710701504591763
0.6510728505399954
0.45509629693410836
1.4122709392923207
2.325130781659539
0.6205229616856093
-0.5235212152867502
-0.5237468903413989
1.7157506678924677
2.2192968595676756
0.8090402210105061
12.43118934717612
-0.5045232639592827
-0.13568846275005664
2.29052076550644
-0.49184232355112967
0.8180279680772681
0.6453329948339446
-0.2561405979609307
-0.5381116458846699
-0.5537961658028616
-0.5604742015722453
0.6241769821352082
0.47401853412046524
-0.5172137780453359
1.1199434614134516
12.3808504108273
2.105470496913985
2.286310193525893
-0.554995394525188
-0.5240050498377875
2.1955576290148753
-0.1707082400389226
12.405015399474411
1.2302733903364385
-0.5411508470018886
2.3783499002964406
12.40332133782698
-0.25082097849758667
-0.4650539962385155
-0.5583706802703855
2.341183759337198
-0.1603705225750084
0.025984901186735687
12.434942950229823
-0.532021490788166
-0.18428239013417758
0.4120641811970187
-0.00955261035366195
1.7599186250549368
-0.09917573643878264
1.2569678334330725
12.375530200286487
0.6338420658160955
-0.5541437687467567
-0.5284464074006952
-0.10062498323906621
0.4507979868795864
0.4238091288072585
1.3011939391144074
0.4460490973686788
1.8785106711281065
-0.12819459679929834
-0.529217921598772
-0.5367433773239758
0.6522047654005811
-0.2508984458353185
-0.515177988213356
12.469090390080115
-0.15544986215573142
0.4299725899468161
0.7132619389427892
1.9604951324310953
0.6743698919728303
-0.12820377338222433
-0.0824870860609519
-0.524456597918972
-0.05274759414411645
-0.5252885976434389
-0.2978035005178763
-0.5370612015698826
-0.5268363695693129
2.176195837345006
0.4440541918462515
2.2997089557986152
-0.47931712141082183
-0.26409896327598037
2.261595931769396
2.1361640080967557
2.230185897663115
12.417703468119292
-0.13168146679018977
-0.5414839840168331
-0.5524899063703668
12.402114163112016
0.4487756117641155
12.424151904783267
-0.15409058308395107
-0.597529695849613
0.11579388844742744
-0.06733571121996684
-0.5176906725575461
-0.5561291464280569
-0.5841737557320904
-0.11388688617423814
-0.5086119378685658
-0.5554700384215845
-0.13613517975290046
-0.12973310459871168
0.392495618232757
-0.5531876380372982
12.450187710488095
-0.5418019182903205
1.3821114170220254
-0.5497306000176458
0.19020037108733678
-0.14719502462267842
-0.08143764047825375
1.4329853259260745
-0.5952818172971903
12.394319401127447
1.3316262648684547
0.7704255053339633
0.1422253230477959
-0.544115455445417
2.1917653872399128
0.6127425862090198
-0.5690996310343767
-0.5437761372585076
-0.06880289675755491
0.1408224404179479
0.63006627990083
-0.27137926320721995
-0.23093014428688963
0.32076518085471634
0.8055545127499573
0.6086216414910075
0.6641835786923911
12.438988665702935
0.6482592778401388
1.1606083202156707
-0.5861117476129336
-0.5555620978047009
0.7056486126578465
-0.5302149072977581
-0.547698866015158
-0.5233589395038596
-0.08226838566736716
-0.5568059311445841
-0.5028996980674263
0.45603655185804426
-0.5309915805940233
-0.519418707568735
-0.04491795367637852
1.103212528026734
2.1421921412059377
2.0848690545215613
1.3936061390894068
12.455311914163321
12.356981965333983
-0.26363088284201086
1.4473290266511638
0.45625326727793936
-0.5808952340813378
1.750291351623357
-0.5807199726381611
0.9205493193885613
0.7923922090933513
-0.5375469063948835
2.016240417053739
-0.07545092117535335
-0.2506633792028221
1.3330726343666162
-0.5290136949192261
-0.5211374009975487
0.043624349778552896
0.03444315531788433
-0.06289630723637962
-0.47953418979666906
-0.24106725707026344
-0.5063338008011127
-0.08106751546328728
-0.5997063914889786
-0.5027305831966578
0.5383430085160799
0.835208605824227
-0.2701867281825855
0.8128273249430809
0.20947652796465532
-0.5467425294984527
2.2662065485846847
-0.559431438419313
-0.5568016577282424
0.05499766090805558
12.435714943298805
12.456248304702532
0.6131637749377459
-0.5669977764986495
-0.07607907595067487
1.087433157177718
0.4795303607563417
1.4438390261233598
12.372533818407348
-0.24619629407345034
-0.25116714190013967
1.436036325143181
0.05690223541140216
2.0984438177282487
0.7762846528425551
-0.5094912522881568
-0.5069765112209216
0.8257350420822089
12.492239404840866
1.3151571760914638
12.438410723018375
-0.09367586148746232
-0.14376013965785228
12.4317798679268
0.3038897037821999
-0.15179651709411346
-0.5005090919504351
2.2261722386470186
2.172059051835436
-0.5154139258465047
-0.13702677439747635
2.0425513689732617
0.6294256893803347
-0.07795992907852678
0.41471076403699314
1.9077373088299765
0.8605808023107456
2.2243545727604737
-0.5467991202881615
-0.06868308452942651
0.5661229031596988
-0.0036364417205597688
1.3456485259508177
-0.06474580227484739
0.9010284046085428
1.4023439016532404
-0.5523157000036263
0.03004988175904799
2.381659345897096
-0.41821004756846425
-0.2526836765093825
0.4822910814983943
-0.0875260062623604
-0.1391167294972082
0.1765002488405838
-0.5420578028356556
-0.49999293735188866
-0.45320139763794876
-0.5424886140397347
-0.21259920377108288
0.4061102938763588
-0.13409112928503297
-0.564785118806428
-0.5690669066114918
0.6081731060119572
12.396462985733049
0.42380205491489154
0.3054721205345156
-0.633206983074216
-0.26228521070162325
-0.3031539058522029
-0.5376808193138619
-0.028288796777231506
2.0253450322201987
12.440688758143704
2.3072375118286508
-0.161769786167952
12.419319442097722
-0.09247268105392659
0.4113952897608548
1.4125126057546686
0.62439483502793
-0.5287014534179019
-0.5576480188072044
12.444832145565833
-0.5444874169100657
0.6467798999361485
0.6651660751124278
2.016871005434458
1.991448493550086
-0.2437649908810634
-0.5091333906352629
12.354542584660376
1.7738101205107322
-0.09733941597983087
12.407584003865528
12.373518476305176
1.9790123345330817
12.387593519460447
-0.27966832982918777
0.5048818186530672
-0.545830779782089
2.1795358435305365
12.39848660196631
-0.5226551724844866
0.19105451655227879
0.7029071224958237
1.374614999878488
-0.025040992760174907
1.396793507167621
2.082349789345002
2.1069842315277283
-0.5046546641698308
-0.08926047724177144
-0.27073010515382734
12.471063049951649
2.242296346427636
-0.09700098288188852
12.419339164448564
-0.27268703321249455
-0.41483490444775906
0.9655606650782077
-0.5363716468359117
-0.5134967448804758
12.431526740209263
-0.14231910921945823
-0.11788914729644817
-0.29408177556972637
2.2852850173990222
-0.0017172839365259263
12.413958249849674
1.4246017733373115
0.42378173255130336
-0.5120488155883636
-0.11294409306782627
12.40262259660038
2.0287223733536788
12.386232041418882
-0.08321518562077168
-0.5265780185857143
-0.5037305755906628
0.6403257810423395
-0.11822462432203651
0.12965800670529726
12.393900340232811
0.45369590048006025
-0.016125405746706734
-0.03983161128906887
-0.5571327863019974
12.444710334394074
-0.5297358432025356
12.473340179121667
-0.137482434241327
1.4552728852660222
-0.5906588591068906
-0.5491701407952349
-0.49712266200917965
-0.5373769500163015
-0.3322917578173551
12.441314989693453
2.0329165236370788
-0.5512666080035151
0.8036838693942758
1.4240175152836754
12.409804364461822
-0.23097092930293195
0.003667382450404544
-0.2330157109205676
-0.5342326189437194
0.6172947929334489
-0.5546927706223215
12.392933826836689
1.4041412176946346
0.4468900645532161
-0.0196956244216423
12.372501380486344
0.18350345782747524
-0.2829728951357656
0.6043752424152352
0.5679388243035117
-0.12225477730623602
1.896905533329211
-0.06261360863591625
12.40551854673583
-0.09164030948326318
-0.5676705782250969
0.41036384289694383
-0.5540978185905697
12.466681176476106
-0.5455681607536413
-0.08458645040779755
-0.49465031683821337
-0.5078388151916327
1.3822333235544042
1.3672335470252666
2.383986324847782
0.04248395472888622
12.473019257896958
0.16654215100807135
0.7526942794232123
12.446270349970096
0.4620134192391172
0.6585046713469425
-0.09316476908028248
12.38703892556725
-0.5609581782273999
-0.2923859708296156
0.9708536658661047
12.391095490026695
-0.5538481578278569
0.831479994382476
-0.2782718708224555
1.4454231154251236
-0.5457575210793297
-0.10670891352076783
1.4386125482491108
0.5970605364580698
0.3907639547140995
-0.1289956464388199
-0.5485295171019811
12.449565333535336
12.41294366738994
1.443058156181135
-0.5719451189423101
-0.12108283754393856
12.420995975056705
0.6714502925564078
-0.5976153646258432
12.386340466747448
-0.13036174360521224
0.8818510617899425
0.7966016019801407
2.23736022613151
2.084186255881886
0.6666435210143368
2.262861150970327
-0.540922823356434
-0.5149436272864527
1.3576544828551214
0.057475147660776216
0.44815779565720654
-0.5235784538647275
-0.5152003913383418
12.444961039181399
-0.30904491703550185
-0.5640094938389378
-0.5269159397297616
-0.562522466942976
12.373909303179527
-0.27935364845205457
-0.15901961539920806
-0.30174983579959935
12.408668968020748
1.453391791763231
-0.13088221336509664
-0.27192212462069243
-0.5187749602053557
-0.2939499871893201
12.483675192752408
0.23938536119886122
0.7989259928995104
12.377477081191255
0.6597097102120608
-0.07536154340996404
-0.5915573427795389
12.433816920791458
-0.10917994840103773
0.8337321251318878
-0.5724904626126363
-0.2388856189006594
-0.60027968084361
-0.5355182061742384
-0.5967815650631625
0.8044561875919249
0.834442761787133
-0.0857218574765315
2.324844994803444
1.3947497664260022
-0.02723968333101301
0.6116173239165674
-0.5951053929731783
1.1655558765368699
12.463458000034116
-0.5250197648401905
-0.48505582866365426
12.384125640131305
12.434856151730056
-0.29797166912208795
-0.43660507575488583
0.6772030424958151
12.468362783625198
-0.5363708499700902
-0.30962909932940863
-0.12432382419552035
2.333325052947308
12.445856072748235
-0.27707948170800323
-0.08709588980737182
-0.0979499798937008
12.379310622914394
0.3800282584710244
-0.5077781965276426
0.678507614557138
-0.5357554004689196
2.2540014285448327
0.5830742921188874
-0.5422038425778691
-0.08209258739827596
-0.594690759212182
-0.08206079427386304
-0.5450256453611033
12.388921251449187
-0.18003129705225407
12.365685164826417
-0.541665978287439
-0.5436229305064308
1.994936719136033
-0.12557506651153327
0.7002720110660658
-0.275290413310861
-0.08494071635317524
0.25231071294550955
0.6158806207927336
1.4354647321700174
12.419502622987611
0.4104526632653348
0.8208899568610442
-0.2799515842816219
12.410816831231251
12.342564346363073
-0.09587372647613268
-0.11622586348763875
-0.23499318542636194
-0.28402389284316876
0.04619785045177971
-0.12426607739442208
12.412605538640385
-0.13472026786640567
1.437071354895948
0.41195622544819077
1.8105310369066192
2.0487668107055512
1.1595816604260147
2.314585674935926
12.428714759598854
1.9218776933651482
12.393568124151106
-0.5534164389304103
-0.5551975985388051
0.797806718234148
1.333837632729632
0.6282355328642732
12.447380675015667
0.4502437185771049
0.9078508290836154
-0.09782977412162641
1.1288412206664011
0.49195366470501023
12.360786140248774
-0.26179808726439824
1.4406266661308822
-0.5245287026748146
-0.1607447488135475
-0.2846964759598858
0.26577190735681433
-0.2968509560659588
-0.5529753754260982
-0.13856440174366957
-0.3017063580298106
-0.5461710375074571
2.353545547468567
0.6541375013311046
-0.04296580469085454
12.366177170899553
12.416382148598771
0.8310707107749689
-0.5398038858816677
0.4801991718616756
-0.056680233542044545
0.7900642748655702
1.4656123696365821
-0.42718177515536404
-0.5591591949233475
0.7197956054013583
12.438043373893239
0.619140882827668
1.4567935718116996
-0.5708391253745004
-0.543872689700978
-0.5424516911621217
0.752933498814189
2.1670207908309664
0.6153345396727778
-0.23408762919919635
0.4330144306794963
1.9518347175852868
-0.4775604944899723
-0.24008071781280227
1.627720951774185
-0.03767967951881357
2.3540370914693436
-0.5429980064377727
-0.047200342827919295
12.375117142131863
-0.5061463745609762
0.606533107768331
0.6734474765146496
-0.1384834317641016
-0.5083082967916682
0.6109445351696665
12.41036844896392
0.5020785807037075
0.1683366831117381
-0.15740994866175662
-0.5479804327690325
-0.5714469003703886
-0.5619038414021532
-0.03006261175948588
0.6477612022039989
-0.4666874278335533
-0.24714513345069078
-0.5330403379410715
-0.5501360204455636
12.40299631486834
2.0667670444580177
0.38894156463640406
-0.5474295528706283
0.8443214448506953
2.3682014819466097
-0.0861288936957918
1.4027661864550225
0.44976652962161023
0.6433728959203088
0.488618920776136
-0.5456857106599851
-0.27908515402469436
-0.5107357178888308
-0.4832952332728737
-0.2671423046143022
-0.2594117982825963
0.010568363600304664
0.6825941756363132
0.8511073997249341
0.014621780069318024
-0.5459316160266805
1.3542356916551748
1.3750503740621103
-0.5055474096475179
0.6083028095135632
-0.11022809252961285
0.029001840893467357
-0.5434471230480864
12.44009548089091
2.0439444327198273
12.463136995378282
2.2564966187861097
1.6502416015802266
0.02974921413501108
-0.5438688508434041
-0.2736645442840986
-0.5505640122568445
-0.07919303095325558
-0.7153440772682453
-0.004573284315748327
0.4165875996577688
-0.2542489868235188
-0.4840084875502315
-0.5956754741443324
-0.5523179117009682
2.3251660390708953
-0.31235987583481384
0.42037118069383683
12.37845470985476
0.4004114833179391
12.416412601183291
-0.06466034598155779
-0.5471974422865291
-0.5500825854092013
-0.5437539919675428
-0.5499536020401863
-0.544002684707515
-0.4979557278071992
-0.5103182418064357
2.122279865950207
12.372364441783798
-0.08968144192010019
-0.5576639920461199
-0.009747317458072446
0.053785986872709524
-0.07554237330500169
1.3677049414855664
12.37491892428034
12.396875755837549
0.6352814498213035
-0.5078907059716038
0.8714613645954299
-0.07100536539410185
-0.5086563076242105
-0.48093371600644175
-0.6006086277005618
0.17920220714190105
-0.07454796751385939
0.647081043660136
-0.551404392708206
-0.5011671775519733
12.412389582281431
12.37271858118141
-0.24144283205252126
-0.09808733419117122
-0.5432540944056865
12.389116005832562
-0.08273534003391902
12.338523282443283
12.371165208849455
1.4124694746021709
0.871027343769366
-0.2711322102006246
-0.5591347313094748
12.376888799576646
-0.4917601855464113
-0.49782072091197227
0.8939331380604831
-0.5573139880216502
-0.045572628565484274
-0.07405473409833563
-0.45174873718918684
-0.5752335644935667
-0.546594029775235
1.4064553650152865
-0.12351192474968153
-0.2907900179091675
-0.08786126129304495
12.383800991536404
2.23138490595487
0.7920311944431391
-0.23995869771308642
1.1497149633787753
-0.5572472891779597
-0.1231613247059068
2.134360400566846
1.4106065747167746
2.0643342028434124
-0.5289754902383859
0.6043033263363318
-0.5493128916482573
-0.5289426267132957
-0.5492742437058811
12.387481259109796
-0.07051056820588342
-0.11887884140161897
-0.4775003146217972
2.25856995389753
-0.4926235624153934
-0.2739340446598473
0.6199464196718185
0.6178075689659785
0.005912455631844837
-0.2467854139643798
-0.5118488138518651
12.38446189366483
-0.08182483968067444
-0.5310898368117702
-0.5476711151807312
-0.16541571693015544
-0.28410370742388413
-0.11395026968719824
-0.5409133306305983
-0.22457087679189625
1.4314068347409845
-0.07321509647845093
-0.5180559854799462
2.3500455301416157
0.6274496454508255
0.03801982983331076
0.8023976662628625
0.6575757939930782
12.415025078097173
-0.5625429740037815
0.7711836870410542
1.3896484379504201
-0.5119506876605222
2.252100167327888
2.2624346314938983
1.2373722983583573
12.384897674954964
-0.12104724382940246
-0.11062268713417411
12.41188756765457
1.114722465929612
-0.27802408584495264
12.407879234601129
-0.11004994118757072
1.6273547454531851
0.6369005527602666
1.1298239966039079
-0.5265784960714538
-0.5435265384084123
-0.5672957289130132
-0.28107085970179113
-0.4554111204781258
-0.31009745033017844
-0.3437246239493926
-0.596506484322026
1.1627457287729757
-0.11262054112613107
12.400315874424368
-0.4964931574383873
-0.5779455770130824
-0.5403334065971994
-0.4760155617816806
0.4396233865795405
1.4480759468103497
-0.13746211316709156
-0.25644450922562667
2.2710416933942486
-0.5522966638831193
-0.5713487532406
2.2220908161751485
1.4257266975756762
1.7402104340012159
12.41244763746861
12.385231781955083
0.7411046026592198
1.4087408188563009
0.22282893269362436
-0.5317462384244526
-0.0824738442875832
1.150701574148534
-0.057041922199670636
-0.30569093521547097
-0.24988616523983542
-0.00048671300277558505
0.1509281525486601
-0.1463935220923105
0.4488397403481612
0.06698403204677006
12.432576724395457
0.42032913896115476
-0.20237534211755726
-0.5292728937292833
12.353030094070157
2.029744801720607
12.420379224257584
-0.15846647702918326
-0.5423573357986815
-0.24448209791415454
0.14664769775838726
-0.04438511757745578
0.8480801719716307
-0.07755847239147329
-0.5478616913379641
12.393345579553273
-0.11687347392919878
12.409244741740665
-0.5468217679462131
-0.27804834297396197
-0.5478271947063149
0.3203835872360731
0.42694550342943827
0.12148506064911668
2.3378179603208893
-0.2691868929822965
-0.5464687281429179
-0.5621866772881757
0.6545829442337294
-0.15021167688956327
1.3625330957795212
0.03985197301259058
-0.5736282711856863
-0.41734685276756855
-0.5291830726072118
-0.5712284595813056
-0.5816802124163516
-0.5740809590600013
12.407833518476563
-0.5166419604967674
1.222357656884363
-0.5415109452313281
12.432341878984705
12.358736208502721
-0.5511666763777036
-0.5595226564224836
-0.5343750653530773
-0.26602449992349186
12.441443432113825
1.4086211142505385
0.4049197280580812
-0.5508664196866284
1.885242905105136
-0.513948670743313
-0.5530223019172134
12.365855190295964
-0.5286204896856228
-0.25118459036893326
-0.02976423751156443
-0.12499684955019674
-0.12309123470976746
0.43180580354637654
0.5030082899858843
12.353200127664634
0.6078570690364823
12.361106295218896
-0.07247888291295335
-0.2828622414389702
-0.2220833480393335
-0.08833958043018642
12.413864119201271
0.6190371257599148
0.7965769729735411
0.4326198884926024
-0.5050545823814693
2.3085718751933433
-0.49970657348707004
0.6244513211348525
-0.1370339543710789
12.408547099645274
-0.5048114858254249
-0.5465320080947635
-0.5261584628483011
-0.5336579329294513
-0.4873877737724128
1.3747278687301727
12.418669192524556
0.8438522739851112
0.3324494112172607
-0.21828273203140536
-0.06626587416852314
-0.2543920018425836
-0.5157574053835575
0.3511419647269751
-0.5845838580948342
-0.5436675166832573
-0.15877393404446027
0.022884666435585732
12.36401479987562
12.446731236830276
0.6776899328009562
0.6352514535652686
1.4421174336103455
0.8364014152631948
-0.5590745620341051
-0.08473013631826154
-0.5300668548520104
12.375959282562313
1.366959578460586
-0.08338190855128957
0.4739965011992926
-0.03895995683744602
0.7660685473314195
-0.5440989399127973
12.475792880752287
-0.5233699168613201
2.320707939346625
12.457294324558646
-0.2457864712580109
0.5185027646462455
-0.07782981120944488
0.46329463264134585
-0.34925139947009876
12.353061956119378
0.3750591689287704
-0.5517048515877875
-0.1391613083994634
-0.5271083842283538
-0.08207990200293669
12.454292258595174
2.2865718829038997
12.4275851989543
-0.5464732028704478
-0.10058905136775753
-0.5146092035932759
12.416115406469078
-0.4828615648207981
-0.5442220616836817
-0.5494925200246104
-0.4593648469495487
-0.612070709270619
-1.8297393861688076
-0.5931798942336635
-0.5331326615732416
-0.5508796386152284
-0.46637752172162894
-0.5409588517369996
-0.5309330026032382
-0.5477918477998687
-0.5881259659285925
-0.5654833574120138
-0.5748115218515573
-0.5222222899210853
-0.45529835476239056
-0.5406286435578004
-0.5525814312828029
-0.5465777761149913
-0.503335467067527
-0.546788997621223
-0.5893596542063448
-0.5369522637796771
-0.5595374925666816
-0.5465848157528438
-0.5718720533946609
-0.11210651041551922
-0.07571937478355639
0.18716678578124535
-0.5413417231306403
-0.516834076487431
-0.5633278531029774
-0.5283715106906108
-0.5903727921236552
-0.5782991843215465
-0.15825355289554655
0.40364410898002623
-0.09314718803372513
-0.5837701689908247
-0.5433571423203234
-0.5662406904542323
-0.5364335892275012
-0.5654693737461511
-0.4592668114988838
-0.5620044275890703
-0.5564315894653546
-0.5079099877687798
-0.11871850496712333
-0.5816424018946192
-0.5430159583963168
0.43806620441107524
-0.5408271029107695
-0.5438530337643592
-0.10041438725637164
-0.06779070583384283
-0.5412241993554225
0.859610586837486
-0.5300213046539164
0.7413406946174517
-0.5390673118548104
-0.5385106448184285
-0.0965519165625437
-0.08722329034530008
-0.5767205409491719
0.42122356140688955
-0.5421774433848782
-0.5628328950428368
0.8206180055020859
-0.5626792692598208
-0.5529535253434009
-0.5293363984645123
-0.1111685808251408
-0.5437269215132169
0.34490799572607034
-0.5437006872884222
-0.5376383190839393
2.147492092346098
-0.2821689588161903
-0.5623319165925096
-0.5008865483116814
-0.5382614435854387
-0.5272179419487626
-0.5298785142535445
0.4566062709137608
0.47022205258652816
-0.5487985709677343
0.6935499440653824
-0.06942681771703896
0.6438567709465589
-0.5243345306843373
-0.540121391600745
-0.2947742442885628
-0.5310802945123085
-0.5640475252759545
-0.11114745838330586
-0.5517191621004909
-0.5993647755771785
-0.5430131670093818
-0.5502061111207063
-0.5029696444085852
-0.510843105156257
0.4603139330754591
-0.46039290593833915
-0.03454535741370146
-0.11305605064897273
-0.5062165408690353
-0.13109714415926121
-0.5436921517226445
0.4622182083266866
-0.5516773499646963
-0.03357473020229895
-0.06486847770182214
-0.5439472132421923
0.8779231518013204
-0.08662771352729737
-0.5369188487473551
-0.5241475436807737
1.3933687092736398
0.4486368628239714
-0.47544627033422393
-0.5304781189738703
-0.10979715698009873
-0.5463261866866943
-0.5609140978514429
-0.1629923756313576
-0.6096516237602296
-0.5376083259793513
2.2734248252142897
-0.5469776266780386
-0.5395023427772088
-0.27469795922589213
-0.5478929123341892
-0.5342987950062864
0.4177395635531438
-0.5281463183383353
-0.12401464283589514
0.8408995424939396
1.3507654497988244
-0.4664466330482502
-0.5597268536039841
0.8314248903490385
-0.06876665585514041
-0.0480229708479154
-0.530284477061208
-0.517608361907145
-0.23242586047981018
0.4832853506460306
-0.05988469009402919
-0.45501404245520505
0.804537574357227
-0.5468257415269668
-0.5986192273606374
-0.35172863236027596
-0.5504597507174535
-0.5192038860070902
-0.5567501808301192
-0.08364474510624187
-0.15120810773455584
-0.5004240024189592
0.38786831778533104
-0.12967887571428416
-0.5261399293001476
-0.5394306788378523
-0.5568302619963228
-0.5019909406259964
-0.5506328782264184
0.8787974669863319
-0.5449133214937046
-0.5522411667109759
-0.5261170766245752
-0.5809082867339646
-0.5445867198027621
-0.13463239680612138
1.554535516175635
-0.5351247832333407
1.3696400981218442
-0.48672384289991266
0.4535900795733112
-0.594060613545048
-0.5399284240080281
-0.5156314633594846
-0.09320443916926036
0.42912121733612496
-0.5214145535932866
-0.5227917228390659
-0.5325640903996278
-0.5573608795303141
-0.5139599998653898
0.8638375023544549
0.6375536412275776
0.6433013443969818
-0.530089995435989
-0.5557841036155069
-0.022768216120517937
-0.5404910324400631
-0.548210747079293
-0.5635959479735597
-0.2700725508644831
-0.0910572742497694
-0.5399279922074375
-0.3027829548988604
-0.4892435910751355
0.4205825736517448
-0.5514227584775636
-0.5373742916998584
-0.5849381492889836
-0.12082866389632352
0.8507315875797323
-0.4927253980488754
-0.4868845417005746
-0.6011971979797234
0.37367989774781396
0.46648966643272766
-0.54386116406695
0.7570085439555903
-0.5166729406294451
-0.5501252569143766
-0.28440517006159594
-0.1183137636673901
-0.5619391265185172
0.6064665252612007
-0.5362086876833161
-0.589768041158014
-0.49815087427798954
1.6880850165497667
-0.5477645783094658
1.2581943343102564
-0.5422330948253259
0.7871645433489294
-0.5491344836274482
0.8230594058661743
0.35158488712680414
0.6178457441214483
-0.5157065952128139
-0.5509042797267182
-0.5105748631326172
0.16539493406333206
0.11477005399730023
-0.5531692374177052
0.9044708643221149
-0.47553516864630685
-0.27948213187398385
-0.257804241545908
-0.42154318515266764
-0.5065105418789219
-0.5129544565346584
-0.5617230232864485
0.6174427190347502
0.3692154844031488
-0.49660079374595956
0.5606865821966749
0.20778407101728158
-0.07750023353919133
-0.5369275236842737
0.09343771542678045
0.5110803761554069
0.16882965116401882
0.1832213625330273
-0.15348893447583378
0.22994372090664908
-0.5393859419144121
0.4673937853619476
-0.14858124232685224
0.5611063296879297
-0.546969018063906
-0.47451557249953835
1.3199651934596535
0.5251068973945698
0.907710230491396
-0.8333268812801529
0.9810644273470502
0.44462802907323157
0.39364638966826115
-0.1619817533868103
0.11793784184930797
-0.22857361210426913
-0.6437367220435687
0.07559813005970839
0.5469074596030294
0.2595476680803542
0.4673388382213375
0.48061360893660604
0.2020953153836369
0.15934611172374502
-0.7294457419654574
-0.5034648995328531
-0.5891820880631232
-0.6203613091832099
-0.3373999031328072
-0.604858355584373
-0.5255284485567251
-0.6834856918242695
-0.617657872008765
-0.6263995989384777
-0.5516743018453509
0.995698161740417
0.43361042998795185
-0.5288703005084262
0.12876881137370222
-0.5871931263687227
1.180052275981018
-0.27424795391797496
-0.5767979378819365
-0.4625446949543728
0.4541898810982854
-0.1447537519221831
-0.6354918047384956
1.1400128842054449
-0.42062589542545503
-0.5471819974515815
-1.7313013896665237
0.4273268755200542
-0.29501200465779337
0.812961197291052
-0.5141012108076186
0.07627962720231007
0.7385660074809389
0.4815363029324346
-0.7258039992633526
-0.5370848581828654
-0.6117715361395719
0.8739771822279689
-0.5562464412293331
-0.6787399077306884
0.2904331445272899
1.2039385522429122
0.5969383788897541
0.8196810639477734
-0.5405854224468185
-0.3077242552812184
0.08568314919533826
-0.5591768065285971
0.36837682304003716
-0.514654385262948
0.4811719955635023
0.3197950294651015
0.48322073738779164
-0.640810884528211
0.7686146826937076
0.282106832312917
0.034308415827984065
0.3166223272953635
-0.6667445506134345
-0.6574695096313272
0.6093591847972333
-0.1286456375326136
-0.8840497717283414
1.1040531598401804
1.2413141918118928
-0.39425549968960977
-0.575992247012196
1.0264975522172817
1.4882860094163324
1.2696699916771197
1.1660500851281443
-0.11859631673099413
-0.14733353262788007
1.160816553412396
0.017777251874710798
0.2644540433970631
-0.533786368294528
0.7668626658000515
0.33372404178618137
-0.14189873499779104
-0.02425299138036363
0.15003984849044155
-0.5070153166189575
0.8579467247913332
-0.5992375310174922
0.8539009514694803
0.2530610326532876
1.1919991857134693
1.1726443418916361
0.7881488046353777
-0.12821144669414353
-0.4902639586115275
1.468637899316245
-0.5017579619375713
-0.593219856678252
0.17316481174418802
1.1818018931866299
-0.128121687669707
-0.5130169112451364
1.0177915097668793
0.21235083048780679
-0.5852353234218722
-0.14761785086693724
-0.09213058907724148
0.38607475016325
-0.13497933972032716
0.36750615778897455
-0.4721698145645865
-0.5867726990971098
-0.6032055187173928
-0.6579010817917876
0.23012178123389843
1.052163780422882
1.1878729846373732
0.0953058682928487
0.8273094977683809
-0.5501041256259349
0.22205386847008435
1.1611876690437166
0.4758265525254495
-0.6954736039826392
-0.2043463241836866
-0.15713696762473228
-0.2836351444818964
-0.4260757774714933
-0.4432269369278291
-0.5294753031097803
-0.7029718514452717
-0.12807303414760096
-0.5084715513079143
-0.5770136506463328
-0.2567175677234008
-0.4750215538082174
-0.1576450688098725
-0.6553289551397325
0.7643399675243029
-0.6707295716786877
-0.5591629778167948
1.3810633465768007
0.7226245838836437
1.297008437253194
1.447608660482091
1.3798900224832158
1.0238709399599975
1.411463017116651
0.33974826737339225
0.8694735272111861
-0.09642137417236385
-0.5868754398122957
-0.10074889603022197
0.42639949544796485
-0.13191602014934334
-0.528150833008491
0.7962945146307321
-0.40860095996548085
0.473941077567948
-0.2927890853681959
0.3570962551972914
0.8340206724788518
-0.17677586536379308
1.3706372129049882
0.7737083122688683
0.8278133390858117
0.3786344772429697
0.8115905925581096
-0.2666724198569771
2.144933135890809
0.294660095280048
-0.11095046284271137
1.2809747310888804
0.2788728179903377
0.4398827658262634
1.554190962612534
0.46814839369991734
-0.5677872106337856
-0.5171686301328056
0.8102351817944888
1.3867480477495113
-0.1529590999160606
0.3427900022592978
-0.1463938539232108
0.5095925191756796
2.0245377357342114
0.17168097649579275
0.6482011410354729
0.5105314070525648
-0.41477650237183394
-0.13289888246794201
-0.46750941056788153
1.4608212492385708
-0.5003843752833004
1.4742225447972879
0.7987687940554274
1.4909478011106152
1.263894612883326
-0.22220651372161548
-0.14438380894690073
0.7277813257135699
0.34182142109964153
-0.11433129121960883
0.816989601823262
0.8335966562702457
-0.15276993139920536
-0.26106423203482276
-0.5332997649965978
-0.06794088150342292
-0.11120676183516887
-0.05985431613602088
-0.10351426501662353
-0.4533216085132299
0.4556274876992104
-0.14650720063087874
0.4760521819954582
-0.5273985346923771
0.616694373823738
0.64647376944502
-0.2839190723799673
-0.5593060405449065
0.97314541504124
0.646770448293617
-0.11820754477077378
1.3008462130202525
0.4411392820144011
-0.12689806199052722
-0.1433333559670401
-0.08179562993798706
1.326298337792962
12.28669303982389
0.4343243893887798
-0.41936663701415045
-0.1766039864044382
0.5015607869963639
2.1436612426942623
0.3302707912445364
0.4641213841257643
0.051773606914992554
-0.6525659549711686
0.8148082918535168
0.9499448509268359
-0.1347027288583844
1.441063456548672
0.256474737936746
1.4354373309899764
-0.6442612726847059
0.11200807415781289
-0.2854588206929466
-0.5304895655897327
2.1711747044127954
0.42284027103758137
1.4394982791941955
0.7468244917651887
-0.0758266494496016
0.41025790307504706
-0.0721879812511641
1.771719269215007
-0.5225234200703076
-0.536257153711464
-0.568386738048662
-0.4614991703859479
1.626889993480971
1.2334947928319784
0.7115422612209814
0.15299588559875366
1.1707192715334787
-0.5850720303546059
-0.11921904745324541
-0.3228961939051238
1.3628769941090932
-0.537202817005062
0.8059998468795497
-0.07613519685105974
0.6663579291565085
-0.08892759425394114
-0.08081126506404013
0.5485698354276207
0.04344226627379655
0.7481948448658988
-0.5364290632627231
0.5050578963814558
-0.16577204184675065
-0.5249428686417124
-0.0753592195265661
0.12759011360231476
-0.5610285326252752
12.326491772761718
-0.2870591855637733
-0.10532877149690578
1.4895077152955811
-0.5391871724797325
0.41658666202273875
0.4383160358982996
-0.5583780003846073
-0.12823820636260697
0.42833486909380225
-0.44895553397798027
0.4005332362570255
0.3579209217205337
0.4708777339818242
0.45537476626422047
-0.5333852624313806
-0.31741746645899194
0.43577378963096125
0.8044437728176421
-0.5538221755982704
0.5718427551217014
-0.5504923836883968
-0.21177519325094452
-0.27311128282271613
-0.5053962748295391
-0.5322689255072828
-0.5172225126567015
1.3407755655320326
-0.5848185279340377
0.45360695730259604
0.7978548449057872
1.4418530605691597
-0.12686890802271122
0.3859068472091407
-0.5847162255319402
2.1411813313453836
1.4134189193449167
-0.3833397886904203
-0.11050759045283143
-0.05254676520738388
0.36905315763305624
0.4406533774505521
2.1291592369537873
-0.5709030898893641
-0.1109950627753662
0.13057311599368093
-0.5366193398958545
-0.4918841033877176
0.8324931033266654
0.3886587744182468
0.4983759135445729
-0.16371014557191277
0.8174947630877428
-0.090882889811292
0.4565630107637937
12.341138112473768
-0.12063041583777412
0.4429526304308804
-0.09603315903769549
-0.1401985828757908
1.283636529050261
0.8329678339622126
1.4382823184767917
0.44990673088775335
0.47410532856421495
1.3832713004113726
0.3965334873324593
0.4697878776578479
12.330072793141909
-0.5118908831807976
0.5002124992119765
0.45739692648510855
2.1699889872282947
0.3607479896551516
-0.020177999271867142
-0.5613746096038291
-0.08838374506316105
-0.06956205209943622
-0.1181139649533749
0.45310894953688274
-0.045971619561663846
1.4761935216156148
-0.13064765305020587
2.1342130294707298
0.5161844122935044
0.4512863082215708
0.7335618388226663
0.679308768159574
-0.07714070113702687
1.4313775149774017
-0.5248048984832676
0.7853622352463547
1.6306880279185896
1.3152610110970353
-0.565154294561945
-0.5957444847183365
1.4369293304906456
-0.5237229778623775
0.6518630709480118
0.7797797640374635
-0.5455482763986306
-0.24480508196981166
-0.5389653463428893
0.42791801743847824
0.6253204445513904
0.4600056886860555
0.7246678019669806
2.129844212707366
-0.47828872522492305
-0.1128317301948717
-0.2611626983454064
0.432084823100689
0.42806005086822485
1.7246315656701212
0.3948708057861412
1.3980343658727468
0.019765108539886667
-0.11921717315947189
-0.05952140943885964
0.4593527972659692
-0.08519607463741208
0.8293215553326061
0.7882337913722582
0.6015862121520696
-0.578015443507844
0.8850495164891372
0.35799495880735166
-0.11650842928543181
-0.031422130561831185
-0.09442656274511241
0.8049947730341527
-0.4143805543990039
0.4060355362434287
0.650657149990667
0.27773051124785053
-0.42661414391974917
-0.544171358731278
-0.5399639166664703
-0.2607439428449354
0.43274827925832193
0.43548917005680177
0.441435306125042
0.8998969971299969
0.45340690324559607
0.6198346982522869
0.6836666975333139
-0.526323281891941
0.0876770840426706
0.4520678652497596
0.5497269792552402
-0.12117442270402501
0.4368337738602326
0.6172288168549181
2.3105768056363223
-0.26387828878310315
0.4531126104832408
1.1869359332778093
0.598364463692177
2.170341586989346
0.4149749579237352
0.5040053678936747
1.3933983084384927
0.1759112714308131
1.318854765622203
12.299813035587977
-0.23989537764264035
-0.056129295846543026
0.46200916245101253
-0.19572643491088226
1.3931160136666585
12.352719973470222
-0.512430069527699
0.8738617562550705
0.47443662279519794
-0.07041876353754228
0.4825178233582621
-0.523832765317637
-0.5078320614611542
-0.5605826265546818
12.340632937220981
-0.4945117409173636
-0.299658750380019
-0.4978671203467524
-0.4966459244340201
1.3296906408995117
0.359549335079688
-0.05370623714393641
-0.22579359163603818
-0.12634902873135578
-0.17145974095373906
-0.05611257346265186
0.7547439530522213
0.5707674959095037
-0.10502508975176805
1.4344826968898707
1.4145469629170533
12.312101626437789
-0.5444178365813199
-0.11123984035637291
0.052408601293149726
12.36600213274913
0.6405294398997539
2.125507117374497
12.308854388307267
-0.06709180864002728
0.8085414254568375
0.5608065655721775
-0.051205676354579066
1.8802726593336554
-0.44634118374575593
2.1137630330287838
-0.5340578182480638
0.81432066970316
0.29311640251079063
0.6897374939385584
0.7936118932503777
-0.551382504515916
0.5567522118012054
0.9678091975461661
-0.2724822215338134
-0.5228290722661615
-0.23674231854484584
2.2075324537068304
0.8277194537179947
-0.5695266506299055
1.4280871733661489
0.5974109370988705
-0.10303472355760501
-0.12713802062140933
0.6253546938279032
-0.4728241971214784
-0.08679884169913787
-0.5009394377506862
0.8833953952715495
-0.5241545791146326
-0.27666964487361734
0.8942472721067506
12.261855709591906
0.7931105428013563
-0.4346233943693578
-0.5075820882905357
-0.5860472588329544
-0.5218465545480369
1.0165769735817114
1.5525037630849472
0.44257758522647217
1.3608961257755046
0.4310500072159815
-0.4860448657730305
0.7289092173499904
1.7329819096559504
1.7258762976821622
-0.27772053333544844
0.4955590413059474
1.2205232531885468
1.6605737413666426
-0.2544015221797661
-0.5172980280381134
1.467551383250123
0.33056108753791347
-0.006786323162818353
-0.27885860952355623
-0.14943609417550074
0.4192820769238166
1.7996313908868422
1.649294542132435
-1.7252508367733697
0.4257079064841607
0.1096807151867587
0.5614905024196569
0.2092468962522085
0.7849278693184168
0.4020794824810958
-0.10548032972609267
-0.20089101990853875
1.7924613653942876
1.2345552952484085
0.33221015289897216
-0.4851083630019777
-0.5103937260049648
0.7811429064688077
1.4150224236318332
0.10236928293432257
-0.4806856019311879
1.2963521417386659
-0.12132469676148394
0.4461468363881944
-0.49421614393915914
-0.5371373979121846
-0.43353012183334605
0.6249473731601816
-0.5460521050085962
0.8982199683669829
0.3223520542779689
-0.502181599876001
0.6799292131893204
-0.6073640930773555
-0.2844588340674469
-0.11692944269757821
-0.5057478478211339
1.8182611897168095
-0.46901029245787795
0.17507788053659978
-0.10393092481060551
1.0290165963115718
-0.07816009750236041
0.27835505294325413
-0.17034885738835065
0.8055775049822593
0.8194301014224418
0.09325740197740218
0.43339746970524234
0.5730013753547519
-0.5027689763677625
-0.6131422588995421
-0.038139574467206394
-0.06551135979602396
0.1323690421736734
0.17364285909005384
-0.5987896407380698
0.21457281866441047
1.407057703315661
-0.548701073176175
1.6923654342249281
0.11650041327073746
0.13414117745853726
-0.08340433897273702
-0.5589133980478972
-0.28171522916473557
0.18244450688177816
-0.6449812604011091
0.46024181523313334
1.3756345563105628
-0.09418847439819078
-0.43336206691620127
0.45938275982170484
-0.3939382656814272
1.744115635923948
0.4578824433255413
1.032688055736919
0.42747911603994093
1.0563364711084555
-0.16335921035914946
-0.018585101711841245
0.031663382707620924
-0.7080436314260845
1.0495767658935788
12.246304554097113
0.43837737208240823
-0.1778935178041925
0.18960856149234484
0.5510127324380536
0.43119883927345515
0.5902836145828736
-0.6475611886618753
0.7547911024207463
0.5428202072325425
-0.4764229773320827
-0.5864991270264506
0.45668820325605597
-0.16074298515827756
0.7224458357083344
0.5089499383349273
0.12472077412266036
-0.3494161370426839
1.3349436664950307
1.3651422677860647
-0.5471107108395424
-0.22116667798650083
-0.10686684063392038
1.939471032545261
-0.06748260552595975
-0.3321142825939575
0.8363739820937339
-0.14353228607704416
-0.11118641698270504
-0.2771688326166934
0.9185261255603921
-0.5315921029996449
0.6228097296827813
-0.531819831323951
-0.3199351600425415
0.10504842775901713
1.4060006406374346
-0.4576922911021154
1.1346883608049796
-0.5265032757543118
-0.49651426114589003
0.08470639944219993
0.4431847372330262
0.11079294344057744
1.725674983572035
-0.5334732302134998
-0.5879535311994873
0.24610055055521335
12.349715325152783
0.8831684788891627
-0.2670520356747267
0.7028546071899471
1.42364803956597
1.4113188221918234
-0.06355681633042187
-0.5416763570938032
-0.5159735767821131
0.8253109558105032
0.675509239346732
-0.5931527849993268
0.010411056370859262
-0.5187848208929199
0.17875597200930105
-0.5650017112603687
0.38522075467722117
0.6752581238514768
-0.5024374820553393
-0.2747035793700662
-0.11258387183876062
-0.2905438391373303
-0.10177016051851695
0.1269955768391613
0.5660817974435206
-0.46940058509567695
0.5241796382964716
-0.18087319176495198
0.20996949657862807
0.39203466007552845
-0.3180031073811902
2.1434508145983675
1.4769036917409866
0.3903533174371292
-0.17061358626936107
0.38831358966751206
-0.5433902784113821
1.4211669669274933
0.20124033427082688
-0.18216971820224126
-0.00957957827154545
-0.5801721960661007
-0.49424061515685935
-0.18362573772574942
1.3738690643506895
-0.6536326549798069
-0.5024909357808065
-0.13877014267112975
0.6658131882422882
-0.5661470953486789
-0.45480257154023696
0.15207026708225135
1.1445983490451705
1.8253887425158042
-0.5689047499485351
1.7866148363526058
2.0737492588427457
0.652653009980571
0.41992965007818306
-0.2871312663918699
2.0808395171669543
-0.5817176882693045
12.325317566905841
0.8138363177051967
0.8157703303800317
-0.1202852256600383
0.48211394285650194
0.11814663748636112
-0.5310586696082769
12.326259626218626
-0.49936756366627444
1.8913277825184645
2.1097726493776587
1.5064315054444775
-0.5807071011941047
0.7911250400093812
1.3347823019747205
-0.49674104716396594
-0.3171026008957897
-0.2868726530483532
1.5883992655722456
1.3809437672686784
-0.11702270391995673
-0.3089059987309809
0.135464368129117
-0.5113124884028276
-0.5453298681001744
0.4019640828962181
0.45437305330317224
0.7635214835535998
12.359379363343784
-0.10441587738155611
-0.32746048190864063
-0.7029959412771453
-0.12503959639289908
0.46303170859422704
0.1280743011149832
0.06175444741263214
-0.5265868454406442
0.21212238693004326
-0.080378739016436
-0.5579447465104801
-0.5316989963163324
0.7239769639545146
0.43356763132836873
-0.5674014945863257
-0.4926558854052151
0.19690143063669607
1.9649735332959724
-0.08628375838460745
0.16783203959840187
0.43160386645527504
0.04841246061859539
-0.17860540058179564
-0.057215035692368854
1.4579613449507358
1.3116978356334321
-0.0904317967241195
12.308438163815632
1.4385966557286163
0.8414835530798425
0.37740824619505875
-0.5369547277193383
-0.5219106485651535
0.0023790094646687354
1.3599377451695656
2.0025934441557185
1.1077707728011132
0.9114823987900597
-0.1035553495284065
0.417311512613632
0.7127875784113977
-0.042987985325530054
-0.25585346336118686
0.6652186633691441
0.7753733204328381
-0.5638296696272661
-0.08989347112119173
1.6095823893529355
0.9751138643677801
-0.09665301613705146
0.47138984139209006
0.5065040190336845
1.715311847927901
0.699610314821465
-0.17685739552997115
12.373444664874999
0.8239013279825402
-0.277143432103393
-0.16562269329518853
0.48438678501609633
1.682085873147206
0.5050154434105172
0.12787924755735336
0.12286592444359012
1.3848425052778386
-0.5403544410299894
-0.3441091536647449
-0.2636237104074063
2.015201944974454
-0.5100157796800394
0.15948234073511403
0.2904594985759761
-0.08626170426113167
-0.4890316072856584
1.1455448422482857
-0.555710402966888
12.3481868162867
0.739798552292297
-0.5463496239188369
-0.5406174308921785
1.6848797685745998
-0.16828524151502666
0.5459874323293825
0.19469826809034618
-0.49281173829742086
12.293787431383803
0.694818608072117
0.4611544967455823
1.649071814377751
0.5107945062956569
-0.5413119326157988
0.19170877687157306
-0.5342973311803438
1.3772754814017452
0.8409981367210855
0.4356031476698512
0.8105409267004202
0.22523211237892166
-0.5307079656407451
-0.05389069963142634
-0.5362552803425285
-0.31633813315527737
0.5209024121694035
-0.07522487740561434
-0.2831519164201681
0.17104625379774063
-0.5687259001622642
0.03378360440182665
-0.685365301894308
12.356421379756737
-0.2601039897229648
-0.5331830441489994
0.49047722551890605
0.7637430838431443
0.03115627469363358
-0.5258563732500567
0.5236707426720442
0.8427692118007816
0.8271833404358291
0.4375981832486382
0.6730936625560421
0.23341415546862998
12.312970889151456
-0.12057584730530435
-0.47038384183696913
0.8531534168175413
0.2257243145333403
0.7614523857758513
0.14476835758801915
0.6217770627163617
12.321586318858769
0.6384906028715498
-0.5031756462666147
-0.541992048725588
-0.544852339735737
12.295848915314117
-0.038544001219982915
0.7551188739358645
-0.521071491610634
1.4145105822984896
0.9226406992493197
1.3778693702813687
-0.16084193515998635
0.06515276711834317
-0.5445601708587842
0.7469976297751599
-0.5169488883541932
0.7593930097366545
0.5370441041599654
0.4926000643791282
12.323208025940229
-0.43768076448382875
-0.12173465198195987
-0.48023327079642564
0.4262669416189099
12.302725536969627
0.4191611856162383
12.315731736923205
-0.552993796354499
0.4240716148631991
1.4877073669288454
1.4789051158322497
12.27443710348984
-0.06275571206609332
-0.4832195842977859
-0.6152215780316393
-0.14901081459199506
-0.10509702948205857
1.9829522729220308
0.6674249202918021
0.09715267292929242
-0.20429678805727713
0.6192197580575891
-0.03803192842058545
1.6463716399539683
-0.06005432607080663
1.4566386287192583
-0.44354770640214514
1.4546338912505972
0.17099027579006565
0.7817643214635738
1.3458122710699219
0.44097480272547074
0.328352760647863
0.035287253660224005
-0.054023417364686854
0.4344226433158611
-0.12197286023597487
0.6371967521969457
-0.5656262964264464
0.5459889202029193
-0.5627864776682096
0.3993075252942089
0.5278667459624748
12.347416738509803
0.8769460489372881
-0.5213590027184957
-0.5369442879644148
1.3888070486813344
-0.4980868915412099
0.6837647383823382
0.3117760521767512
-0.0255168449690919
-0.5171844866575732
-0.11391558339140473
2.2438662843299113
0.5540926265752597
0.3988670637085121
-0.06632688664913944
0.4496971264423757
0.7031418985376456
1.6601327979412774
-0.16731310807206567
0.4018222515797836
0.2176692352227243
-0.5517367788918581
12.317723563686364
0.4987866371495915
0.8119834207473042
1.4877490919873637
-0.5953085266364908
0.3212417384322412
0.4191930016365901
1.366259977610777
0.4205336247497088
0.4315118247391936
-0.12394162082956706
-0.06143683010452161
-0.4451778968707547
1.8516081068657686
-0.13608012588963936
-0.4939243555157419
-0.5198545610885619
-0.5527184576631946
-0.14436649171683746
12.286836052470225
-0.16666707058853225
-0.10011482810948502
0.45500366862160657
-0.09666922447257775
-0.1238524407583177
-0.09358545877214208
0.6344736613275092
0.15948261086036308
12.356608821617225
-0.22137405153643008
-0.553769082562143
-0.5254798207482158
12.336382297767278
-0.5760500469559875
-0.20060373350529315
0.48114115571589555
-0.46019009281372913
0.7526741757414115
0.8025981702088225
0.7752214055695817
0.23518945058590288
-0.5179838451803134
0.45439406994506637
-0.5200753431620135
-0.4943535237234753
-0.2833106138395396
-0.054153241703197685
1.4910586394844678
0.6921224564808863
-0.1380390490910387
-0.09004458121282777
0.22219624482891254
0.4232359539760622
-0.12449782082811178
1.378568418706299
0.024267127645049458
-0.5004834229953358
0.6195958633697507
-0.5631073898661185
-0.0810607097205891
0.3495846565132106
-0.4865912068739968
1.6158814232034995
12.30760398796525
1.3862284615943965
0.20937993716531422
-0.10709953999935218
-0.6860183682526837
1.3498756670449297
2.01109159179147
0.22577975997316768
0.23008899271930394
-0.4922695885762043
0.8220044472640629
-0.5540897663810163
0.11768583270958666
12.356385247107385
-0.10733032080898897
0.10452520391552733
0.31859635324460517
0.6830730713969335
0.8281236447103955
0.6343479862356582
0.18898628199201828
-0.1278747518605563
-0.539419456932146
-0.48768483713217936
-0.5350549120135962
-0.273169121266879
1.8393676770204013
0.7894616135051284
-0.5802927915352614
-0.24534537338862783
-0.11166174634398696
12.344337956844496
2.058322216590424
-0.11199601901099143
-0.13755126414916596
-0.10646056155203754
0.3819110775776976
0.729294109111924
-0.4291086664243565
1.7156134654127149
0.8577806764563756
2.044188431824191
-0.6142207349759219
-0.48845349460800846
-0.4916537514398055
1.3631869654285782
0.3821416547793916
0.8738381582752771
-0.5639491360952822
-0.1448675547388687
0.7780140815883285
-0.6462274494850746
0.35734260229871717
0.20449463116529487
0.1856436249925717
0.8635743498669041
0.40560758881272496
-0.6176410618300305
-0.5826070219892624
-0.5564168240871252
-0.5504521710177945
0.9039142693248291
-0.0009678916178257335
-0.571185633856948
-0.541389749282184
-0.07890570163347055
-0.5994880421301404
0.0009202368127656513
0.6289610206063009
1.358517177385816
-0.5556998070414025
0.8368714480741432
-0.22772535840092567
-0.4999728933224188
12.325923863555033
-0.5278546498086907
-0.6722793757398706
12.35127781844005
1.2516873047263934
-0.5137794440938324
0.42153528084023106
-0.24364387886941974
-0.031264638217566754
-0.5137279539599189
0.37123341278866784
-0.55786548823951
-0.6201735953403376
0.12292528175830397
1.9153367633461613
-0.544672771867926
-0.6084596894207238
0.8424184279126574
0.3487642035009361
-0.4750571610936696
-0.5971478774354955
0.7085218785655438
-0.08142228873644963
0.09812415921346629
0.37472550815209993
-0.13034256547727308
0.7538116612640315
-0.5327321509185865
1.9425918765834589
-0.12108681752044759
-0.2596829232136476
-0.6811773955912093
0.8086105702221215
0.4854292488360801
-0.45936966260713896
-0.10884581169119156
-0.5731757013622634
-0.6058313066953187
0.003618598739237644
0.4128734053677916
12.348930527754066
0.36298395203097966
-0.2572131594573893
-0.3929283726588294
-0.5343493967525383
-0.5503179665052929
-0.6617762212332274
-0.16323125088138124
-0.5925523338704559
1.4326064830556382
-0.5308643543457727
-0.074745003846312
-0.6708950433193921
0.484587407301444
-0.5240722806878094
-0.4596729577852483
-0.5183746868655583
0.903436012567101
-0.5431429787717716
-0.08658291138820984
-0.3042709849022902
0.11285584331096707
-0.03684986120275436
-0.27287968393143247
-0.6038483406800037
-0.11648349384254508
-0.42626967111980685
1.440097451652594
1.3731763963796384
0.011684427764433375
-0.08970598665164875
0.8997698695919174
-0.6149108593977197
-0.23894109008714326
-0.5266892077140954
-0.4531413535113134
-1.9059793454012943
-0.051014834553918864
-0.07439833858867306
-0.3934804620622657
0.6139085622877059
-0.5944440696658266
-0.5530921930994965
-0.6264607130075617
-0.6026205599018557
-0.11207127743564516
0.13646086165061921
0.3755707046776573
2.105037285958167
-0.07600596097486001
1.381343526570583
0.2941649463835616
0.3731074516776515
0.08300942167485958
0.2478786406858849
0.1992585018076497
1.1124140117060042
-1.9165833124757334
-1.5200315515778287
-1.8708198804882854
0.7857732594392949
-0.4885037300282228
-1.7814192344762754
-0.3078564144095564
-0.13999911818984948
-1.7709813285936913
-1.7373794029725866
-1.7986141542706289
-1.8679647879732992
-1.8692065363267165
0.2813905656643806
-1.6680583264171234
-0.24413045148279472
-1.7059337958135852
-0.6945349735042129
-0.42798559609176745
-1.7373143875843446
-1.7404307739598928
8.85818398908677e-05
0.807429257823596
-1.824354781196137
-1.7229668607379578
-0.40495102781315456
-1.7481997767265387
0.038588576181995515
-1.805621247789112
-1.9056917680682972
-0.3996476146142784
-1.6826469512560376
-1.730040324365133
-1.9362014117036428
-1.641585318526523
-1.738010170666922
-1.9212614405184212
-1.7223211205143243
-1.825127830301341
-0.4642492956516465
-1.8159266831925482
-0.678092507753938
0.029662316396972196
-0.44710704457944317
-0.42363726356372183
-0.025527852921531872
-0.1434332006736532
0.4613637823810148
-1.8245948410517348
0.4284714293439856
-1.8038480404704647
0.7194912173529664
-1.2627551809436814
-0.522660557688848
-1.7211687511790306
-0.6369172500601377
-0.011017229352868259
-0.28192236767643286
0.8404444383895058
-0.11082666548053935
-1.6886765633064114
-1.8022129072346402
-1.7556974958433553
-0.31750113495353555
-0.4087928843307878
-1.7484773945297447
-1.7678848111788033
-1.7947296191579039
-1.6841300216591373
-1.8357537779210562
-1.726935964560354
-1.8237898876278298
-1.3889944887895198
-1.7597064108864122
-1.7284437427874526
-1.7475469193680786
-0.5703143145270893
-0.47591414752357464
-0.023067887361534894
-1.5205912620438955
0.013945687635016885
-1.7340753628927508
-1.7940842423322247
-1.712508856630964
-0.6440885539180732
-0.042208617582658474
-1.6891896688592283
-1.7743546186770511
-1.7200616277205272
-0.05600928229607994
-1.7927169127487872
-1.7529816903251785
-0.7724593660267224
-0.059295450390398075
-1.8980264326525953
-1.8273984692608387
-0.5664059016621152
-1.6721669293180792
0.2183205183447272
-1.7380170405780795
-1.5103009604246567
-1.7532188325644906
-0.19321786989270212
-1.778688547807964
-0.5697240439330511
-1.799673687902093
-1.246249021644043
-1.7653103584733132
-0.2145127023262571
-0.5308068952240422
-1.6656106474500052
-0.46653509984998853
-1.222717600615011
-0.2451698522389943
-1.5721438108982415
-1.8171974227063248
-1.8122865909170387
-0.37107057809790167
-0.3652824365230476
-0.5211416565219774
-0.6676796791507287
-0.08150336440312989
-1.7324502501433583
-1.8286414548717491
-1.724318333671002
-1.3158830754358903
-0.49445956598413054
-0.22739319340964131
0.3639012253101925
-0.061256854084909586
-0.030372731404693265
0.09725870871781989
0.10858453616485686
0.4356668815347783
-1.7950387186498615
0.2016112160219376
-0.7052003217864522
-1.7120371870664965
0.11735465542196498
-1.7364598384240444
-1.6875324540428793
-1.7150128615209619
-0.3845160536687579
-1.7111291368104125
-1.7123433715781085
-1.7215025045087644
-0.30232630271152694
-1.869928591204538
-1.6174037440969555
-1.7173664262501003
-1.679153719134369
-1.689292142961953
-1.7142377769331651
0.31319385103981234
-1.6782839735296862
-1.8264834011621272
-1.8553460381401785
0.08483804153605028
-1.7369855157997438
-1.7972630052352563
-1.7461496109292818
-0.3434885353915179
-0.27662529023447074
-1.7508667507450015
-0.6756345903328456
-0.42788965187976913
-1.809921944965464
-0.5205671831182106
-0.18903092202258662
-0.5735428925466077
-0.38629454936711866
-0.6692332278297883
-0.6785075059166232
-1.5478627017213542
-0.009014945538776763
0.10926828079575494
-1.6547280142733578
-0.48076945580718833
-0.422316469996489
-1.5911670507910698
-0.5979822327927374
-0.17057712831695676
-1.444845203328333
-1.4777029228826868
-0.15468280933043788
-0.05700010131774779
-1.7135114268132678
-1.200957945993956
-0.02871368923765682
-0.7195825715552158
-0.08844336913887667
-0.6791573047993562
-1.7934846173592551
-1.4546761429141266
-1.8653256209711522
-1.7440572377514483
0.07023237566149533
-0.31244568091470915
-0.4374013952438952
0.12345006513122134
-1.314905645546148
0.026739237892985886
-1.8407037934208246
-0.2964983009800411
-1.7116601238574525
-1.9159565795193356
-0.5144909106224459
-1.8835292058206736
-0.7795993287290729
-0.17927684012231437
-0.25397973405069685
-0.4385301168184014
-0.42952493031637695
-0.5867543683130224
-0.21112934486269622
0.15104006896259756
-0.38136040931129206
-1.709736116804537
-0.4537543559562457
-1.5710903919236143
-0.3992067652284416
-1.7484100378461718
-0.5172520945144238
-1.8031562754199324
0.2823718971779336
-1.8447967435932469
-0.2942021777780986
-1.8575469411441619
-0.2623210105542828
-0.14421205315343408
-1.7713036444485204
-1.7196892595631295
-1.4376814637034347
-1.8689724246088448
-1.7439257743408967
-1.2362971199734243
-0.3839046249577719
0.23585676399832392
-0.4208382262907916
-0.8252076215915999
-1.7220561302109554
-1.8923819493510865
-1.80682818878289
-1.523249992377211
-1.5679442443756948
-1.757441004895092
-1.7189372790295474
0.06648301788457579
-0.3546131707974415
-1.8144065952979151
-0.3426615713331565
-1.711646060415669
-1.7803271288098081
-0.35273393769807976
-1.7628945634834636
-0.5742825897100926
-1.7570180420811075
-0.6175307221741166
-1.7269703909715783
-0.5156661946914128
-0.27484841636384805
-1.738960014214323
-1.875398414009818
-0.3953514394711308
-1.6977220460009361
-1.7616092134952375
-0.7246847381875858
-1.3949909333324526
0.3026054915367423
-0.6113014197115284
-0.35784082508440385
-1.700079234858582
-1.7153083209690634
0.04803990444137307
-1.8333144379582784
-1.8338151014686765
-0.6254194699891574
-1.7792418112630788
-1.744352993344946
-1.8093042930287233
-1.803401273163259
-1.7329198700091477
-0.8348446115757362
-1.7569680787536246
-1.7261529420687252
-1.73822784959181
-1.8771402489905857
-1.8421895841638354
-1.2952516625244097
-1.842607609242119
-0.6810004098494737
-1.8016231951653567
-0.4300995563394191
0.3622802548532929
-1.8005309476860698
-0.5357149401745593
-0.6421561793319641
-1.6960594948642536
-1.4147887363506044
-1.7658368933722959
-0.6783175609950429
-1.7893472902124943
-1.745041630129002
-1.8793827006143735
-0.384475628149793
-1.8987606869260913
-1.7468018926804822
-0.5610733056174159
-0.5560141385645763
-0.40713489070164044
-0.7286832622487063
-1.7723147362594245
-1.8721952401837583
-0.8006131038845173
-1.8615277487373507
-0.6457080401021207
-0.7758243804902206
-1.835765941919035
-1.7377187131776441
-0.7339015441403878
-0.8602263254979239
-1.7627072436399915
-1.8039451016714834
-1.7481971746194982
-0.7037895717741031
-0.03592854357691493
-1.7900018270184406
-1.7677337583556134
-1.6707164702686734
-0.20843500446669155
-1.8407859101992372
-0.10796410607556
-1.7942309398456484
-0.4874978907039693
-1.7689609901204943
-0.4887576296055114
-0.5599773302292559
-0.18374720699099917
-1.8315597765488274
-1.7803684232836074
-0.8016673569735423
-1.7889127451166844
-0.5435485087118264
-0.17123396638181804
-1.7458136788508996
-1.7019923835938686
-1.9009537583827805
-1.8072310298984635
-1.777120697676147
-0.7519535098775535
-1.7006813967147432
-0.20197533652057725
-0.692019750497524
-1.7221003581105414
-0.27635766562705755
-0.6340773533062926
-0.003579766156230242
-1.8227117058248903
-1.7510126460017987
-0.5866648095110569
-1.7801798561573645
-0.08332603760082039
-1.8232757783510705
-1.8255781050044697
0.28049877602961054
-1.8708482782931153
-1.8007163621261415
-0.4101820218877527
-1.8478298308384264
-0.5660455775866718
-0.4670396538409478
-0.5995679460018185
-0.5036474414019989
-1.7367117791933766
-0.2011707620088572
-0.43915551822220233
-0.4473115530536975
-1.847374407132746
-0.7971242861352836
-0.8085899479113883
-0.5614230106790253
-0.5737847444597102
-1.8308412556900466
-1.8147645845165103
-1.8043469382528003
-1.7395143823249881
-1.7145566596715915
-0.6394106097024286
-1.5033782321652198
-0.5658735646423522
-1.772986545222157
-0.6520128068322432
-0.41684189311490405
-1.727789352100726
-1.8243871425392082
-1.72498124379267
-0.8056263916461958
-0.1573458202301322
-0.2242215844562418
-0.5361019640637913
0.033126385734341596
-0.2220997458464168
-0.5987552674567157
-1.7666220231242855
-1.9335750113598653
-0.377385632625259
-1.7978139918248885
-0.30279810562081994
0.029970575596111326
-1.7480138006433874
-1.8177588326292184
-0.7233017617637751
-1.8000266530940046
-0.6593136718105876
-0.5177847109475437
-0.28434077795315904
-1.748799066582074
-1.7689853354786522
-0.26407136664444586
-1.6596864763921044
-0.5372691589436297
-1.7114373148300819
-0.0876475325020393
-1.8281689187255066
0.23253284555945314
-0.34084125862080417
-0.42917123075413277
-1.7471141694275765
-0.1891303256396085
-1.7264456316199859
-1.767388239188469
-1.803471428260095
-0.5982305024891686
-0.6159848813948762
-0.5595862889758925
-0.6135451649483988
-1.7755108581375403
-0.3467706949649596
-0.3375925726021312
-1.797608996061339
-1.9236991565270731
-0.23788748305084823
-1.7765690300703265
0.1763675771178609
-1.7379969143488834
-0.5588440582179983
-1.8434315896862232
0.8368664015864171
-0.22959094110295933
-1.7003471454262666
-1.8252833791790029
-1.7635355970613198
-0.3521209617958746
-1.8416681370055157
-1.8115462841532628
-0.3922041438269463
-0.7551668264874074
-0.7086725379714186
-1.911877714787868
-1.870952450973863
-0.69991125235198
-0.7433989561925772
0.3969527455998034
-1.7379785686198184
-0.5741035610798626
-0.4124971595378149
-1.784576427519603
-0.5748181642377029
-0.8627011546748222
-1.789345945669444
-0.7874716609345019
-0.1543262588194668
-0.4192863411435533
-0.4360439435936744
-0.16594220012731764
-0.5394517132757581
-0.6060264558659291
-1.8596863777437505
0.2774084734108185
-0.429449123077541
0.3019734638740608
-1.8648714734090865
-0.4084039554776191
-0.13236730073967054
-0.41334684664541843
-1.7522983136888048
-1.7697457945561723
-0.266239920448142
-0.40584845335199204
-0.41174745746012564
-0.09078211124786757
-1.836975243046961
-1.802479270451455
-1.7572451047384339
-0.6116395118426977
-0.5998827816211127
-0.12110972376844409
-1.7277766743853258
-0.2257000550255614
-1.8410600226149891
-0.4985813617062634
-1.5895597291522048
-1.7388327665155439
-0.8721786258925288
-1.723422452422279
-0.10182900961133909
-1.837462809276479
-0.3665278944525382
-1.7669982616651194
-0.49415141969053505
-0.3950976498178142
-0.6466525393756687
-0.5135019003838869
-1.901107201538775
-0.46486677542804244
-0.16957632826694047
-0.38973189570897426
-0.3153117645855637
-0.8426378945257593
-0.5785214462776272
-1.8061013654199787
-0.3152915774962085
-0.12934563295374302
-1.7530097138642224
-0.6193205457135297
-0.1395557865747637
-1.8162094309485655
-0.9220589888086367
-0.04129079096466862
-0.5347522026787385
-0.6402549136379209
-0.20439988362672587
0.1261398120250306
-0.2275090566333358
-0.46039995817530094
0.10187499588916589
-0.5782524207490902
-0.5189345325372816
0.14120371296859108
-0.5482815531870379
-1.290686336618296
-0.47048738019619407
-0.4663493695168597
-1.6933023738255817
-1.8898884303175851
-0.4876500537767016
-0.13575572511515155
-0.6451625305223054
-0.08108006014514739
-0.4019915684299872
-1.7787029686334717
-0.39763924179103927
-1.917933886335968
-0.42740161289378226
-1.7739932676060228
-0.5493887111710837
-0.2571486965930058
-0.20866094936164686
-1.748195698553764
-0.7818916377556278
-0.662412372374954
-1.7520004165379532
-1.787208649456391
-0.5575891580664694
-0.17548112281479375
-0.5243654671469234
-0.03247000177728544
-1.7340967295162124
-0.53514944424304
0.3436540496493497
-1.30552236223092
-0.3198660406890212
-1.8858882224806572
-0.5926048541979357
-0.5814150437692529
-0.1507913906796872
-1.8481650600652002
-0.37104412455494434
-1.749017455856761
-1.776281399364261
0.07958119547342335
0.2385229193066896
-0.36887868342440056
-0.1836152926514738
-0.14017940268551948
-0.6042155179058354
0.26826568222563213
0.059042335503827356
-1.7469146788514789
-1.5575551367811773
-1.4075620976002343
-0.5918950357397582
-0.5891834610330159
-0.4655506542194355
-0.6143229793757278
-0.6086482457167917
-0.3552374552326264
0.4185153268807014
-1.647044427470009
-0.12588296441586685
-0.5590752048398762
-1.7875985610440641
-0.1910038483306972
-1.872465061217404
-0.4312207190180932
-1.737077889860656
-0.6242406815070196
-0.11182429017458013
-0.3204636956465189
-0.7570575375483466
-1.7198877220025903
-0.6349265842443078
-0.6279582620823688
-1.263150583518683
-0.6071516066458343
0.4379157155855628
-0.9327472424121867
-0.20389521670718289
-1.8317412519831362
-1.7790856920821276
-1.813661451758404
-1.7403480262214335
0.4403987777747507
0.2571992097387978
-0.662486027314776
-1.6967647901983431
0.2003211628548337
-1.759658996107407
-0.2595858624312493
-1.748887715455353
-0.6526208579505601
-0.8006527460117271
-1.7548865916548395
-0.5141837379984477
-0.0353630239096659
-1.8066881552017846
-0.6045500751097999
-1.831265811457572
-0.7098891850436637
-0.6749304794988409
-1.8728133905997555
-0.15376560496902103
-1.740883477084409
-0.4162219442266369
-0.5304276256765943
-1.8581203687594257
-0.8385737812954878
0.08110578901478618
-0.29847928418109787
-0.05568752568057382
-0.34077766551142885
-0.6535977030316419
-0.6585108431098375
-0.35597513978543166
-1.800641484980459
-1.8008857215812335
-0.6193969979445862
-1.8427580941117545
-1.9158097782479793
-1.7894235146563535
-0.25565087928496216
-0.5094405321394097
-0.4237224011994594
-0.28707726219771196
-0.49152634750054136
-0.6123327520449663
0.11701929465759636
-0.5315648125801401
-0.16533483508931635
-0.42712080931942675
-0.6540473701331503
-1.8272212419277183
-0.22717361655017457
-0.19195332318793876
-1.894592036655792
-0.33329871908212483
-0.48984737172801174
-0.4325690632525678
-0.7137009296323586
-0.3070307850899712
0.1729133601948583
-1.7786851308279896
-1.3197828585204723
-0.16784788468136919
-0.5013755033857132
0.06106642399787629
-1.8054584565305993
-1.6973481475756125
-1.8050102448728484
-0.16174161148772503
-0.6346176543541273
-0.6246150013863732
-0.3510539188745875
-0.3698068362718348
-0.4841953142418454
-1.8045708907668598
-0.711717814323024
0.04214579314611138
-0.45290621047647917
-1.7197203999263357
-0.26198600660248167
-0.28878767212790224
-0.5561335215738634
-0.5854677520539163
-1.7100109994385775
-0.27865247480613525
0.10189913143546799
-1.7983383274348606
-1.8045712357819104
-0.07945015895930375
-0.19726218704703977
-0.36764839270589483
-0.4466257551012363
-0.1961996447469357
0.014369234395745487
-1.8230012176288914
-0.47285286029366097
0.14030411173641544
-1.7334477115981812
-0.0979594878297735
0.15316396834988502
-0.5340931819141337
-1.8450476384070242
-0.7641454834917258
-0.6787725420414442
-0.8231182438284007
-0.09896278216506957
-0.5717270250799169
-1.796084257340366
-1.8604019081499734
-0.04932259826600057
-1.7224908883163779
-0.05385889492527941
-0.40207467249356293
-0.1880297198640918
-0.65821171071213
-1.7458600352063982
-0.37350782845775465
-1.8710273482420914
-1.8337500799530098
-1.782276123489152
-1.7977824133441946
-1.806915313288302
-0.5455772327862994
-0.28615281518994723
-0.7037604654153666
-0.49818192280149093
-1.7999114922660837
-1.7582129379961422
-0.09939002842288223
-1.7967950638631744
-0.3803661696894768
-1.781055934512196
-0.37284539448392545
-1.8119085908502917
-0.5547904116071319
-1.8387728161293801
-0.44926779357878205
-1.8175988961568554
0.06527051244959499
-1.7467325959918112
-0.6193791814852462
-0.7886859393960584
-1.764643018062431
-0.39833444425903763
-1.796745029137796
-0.6053505012608585
-0.4195832110120896
-0.5523524679329138
-0.2633223609854173
-1.7335046859175829
-1.8028185930401925
-0.7157313183257509
-0.6475619085836934
-1.8322915933051418
-1.801364536543568
-0.4474414661984683
-0.4049058569007371
-0.3056327223814485
-1.823327424749027
-1.7759939565034502
-1.8688409973689528
-1.7163677314912205
-0.7870585321534987
-1.6852850348281896
-1.7914606722241038
-0.40881684489900705
-1.7757270888735521
-0.5314147229820102
-0.3671242065500091
-1.8060199171842182
-0.1161012860470903
-0.470866156174381
-1.6313172291318032
-1.8490050713420247
-0.4810848497994253
-1.751607901057041
-1.7145669856474197
-0.8225870512033168
-0.3622400812188542
-1.7736146891452105
-0.5855382703182203
-0.5752878944754362
-0.41898784040310855
-0.5694503951991262
-1.8439991522602495
-0.7534078423626356
0.08504668354043474
0.1885825942855214
-1.8107069661456816
-0.4949822822272998
-1.9329678904526268
-1.8618948992030893
-0.461583434488633
-0.7658350685546609
-1.7652801811586964
-1.7721717114604534
-1.812171459295893
-0.5059123548195802
-1.8445990763937243
0.14776043700139319
-0.7064298099186483
-0.3973959665351504
-0.1433989595391761
-0.04510483637978118
-1.75308559935043
-0.4480974754531441
-0.19646598036900118
-0.4580316385190391
-0.24326069078645518
-0.19660770797031366
-1.8524302576354406
-0.8201397861593964
-0.2951258813352806
-1.8539085814333371
-1.7461962983091555
-0.08793798261610909
-1.8275041281031714
-0.5861599165707787
-1.7904216257482402
-0.7574982733253277
-1.6848633956477623
-1.7689396408600069
-0.7641566301676804
-0.04468291505899257
-1.7749126636652355
-1.8494423081802767
-1.7494574941038592
-0.3438094494742425
-0.47644847131532214
-1.846345362496698
0.07822952147159133
-0.7489178355485155
-0.005773764794168309
-0.5169254410356815
-1.6975472696727278
-0.23245734938181656
-1.8699362544515645
-0.2546624100315692
-1.7886462272125467
-1.8171012936887805
-0.3053674269205895
-1.8580553034031615
-0.7814312464884845
-0.44156741718436426
-1.8196131353542775
-0.3696282526312808
0.028850931060231136
-0.21315456950942208
-0.9030816532253196
-0.3170577048052948
-0.19428796976911145
-1.7986136540808009
-0.5581106372679665
0.02512408198839784
0.36147487861803435
-1.8268674012988524
-0.029473796241135282
-1.7622626671185262
-0.050326700429123065
-0.3784158601456501
-0.4160295747532681
-0.7485635619167421
-0.2063827319769707
-0.09858315983941696
-1.7790220196056885
-0.15929083775109085
0.6780699510295839
-1.8517336049825532
0.11951681211835227
-1.8255686149974923
-0.49464316362122884
-1.7152787008809276
-0.7052657464328578
-0.022828211615533042
-1.769371095105631
-1.7630091490513184
-0.01964103360515585
-0.3281519613846982
-1.718941117272383
-1.856488774845862
-0.5796022216617103
-1.7359771526096754
-1.6222146430548747
-1.8005526169937982
-1.7688967638281072
-0.15768753044855763
-1.7311106022729135
-1.798907506977146
-1.792072030373676
-1.7556538599855203
-1.8077356122131183
-0.38428108612965034
-0.19261288486342726
-0.8415075282173511
-0.2767435886114971
0.044273311628039436
-0.11522184944535978
-1.8141980226272583
-0.6777751428218217
-0.57408057990581
-1.8202079962812752
-1.8786560757970316
-1.8145375250467928
-1.788425361454422
-0.7853168561955874
-1.8387802367922403
-0.5478122528318191
-0.17763514916742787
-1.7329386654485326
-0.8277856224707522
0.024226379813973707
-1.7648793294633949
-1.78953452569255
-1.7590733464861903
-1.7794385948361846
-0.4797899819058262
-1.8878167082682045
0.10886115526459512
-1.8080276368477866
-0.354304380368793
-1.7544867656562757
-1.742135724438986
-1.7638961615541868
-1.7242002890080488
-1.885378128479954
-0.668469012116874
-1.6958135070137943
-1.8124793267625232
-1.7241987051245558
-0.8215189614026119
-1.7183067407269563
0.08374561631170517
-0.6840900150740431
-1.7857423797150003
-0.6163222798301631
-0.10082793847584594
-1.8078066287861634
-0.5788271299505
-0.5476439773592192
-1.7516400611707734
-0.29414665002224893
0.15088367010404882
-0.17343447583330907
0.07272751109826496
-0.2308292578226601
-1.8219974983318985
-1.7727172542358973
-1.7514364724023188
-1.8111159336169655
-1.7916956512705875
-0.39115135993052697
-0.8017445427004313
0.008308452521437965
-0.6513035567657208
-1.7966006741054419
-0.27871051911419675
-0.34381901714958
-0.46000431797815455
-0.37912331989544257
-1.8093848368346155
-0.5608152391245174
-0.6675517528619059
-0.08884384728761235
-0.6134246781305402
-1.7603363166393091
-1.8091635702119628
-1.796303691030653
-0.13754809229985587
-0.6268016336782604
-0.6415735400671728
-0.6069140781163579
-1.6913382334054803
-1.7926331569853504
-0.4738431809089821
-0.32297079208784
-1.7737790635375787
-0.30934089674584
-0.7629814840160474
-1.8093137114462299
0.1733496403927529
-1.7225875771774122
0.047791056832252835
-1.7427718463251107
-1.8496884504464357
-0.7076441092677278
-1.7407978864546925
-1.8491857566316936
-0.7119133609864899
-1.720337019954628
-0.2440764002159962
-0.2816606120928201
-1.7255652917438669
-1.8595844517381992
-1.8163989407275645
-0.16620428900116754
-0.5354154931996906
-1.764445015985632
-1.8424009992363704
-1.8088123323761476
-1.9429639384988282
-0.7121414301716943
-1.7150825037656534
-1.7634792803760493
-1.766664953537308
-1.8152185711222464
-0.34782465717495575
-1.814629903952775
0.0701757874224826
-0.5770223354544092
-1.730575473079257
0.01441307868447238
-1.7726474122962856
-0.3987869302645815
-0.17000952423243576
-0.6863985379138536
-0.6045992963708393
-1.7799086677405254
-0.08595493424425404
-1.8347945447182357
-1.7449611744598248
-0.29472700708744903
-0.4963794181071065
-1.7435725315463475
-1.8577427444258774
-1.7852972784795986
-1.6881887728349478
-1.7071759579293162
-0.3328646994754592
-1.8280122882904202
-1.8190666905006907
-1.7462909873302268
0.07145420996392683
-0.6638793681786732
-0.14725529154392622
-0.7976986134378321
0.35464399499828875
-0.1645013789450221
-1.7144486115542392
0.1362388181454858
0.12150307388792864
-1.3580928272689876
-0.5849769785902318
0.054659881663516666
-1.4165326396474938
-0.27360762988702814
-1.8183234985559076
-0.7796382789992896
-0.6185452621895661
-1.7837787623051424
-0.8311315919240787
-0.05325279236414587
-1.7989890616844233
-1.8009292052606591
0.07344292184021353
-0.8201178777678363
-0.8165478182354922
0.033496681570086485
-0.5542155446144296
-0.6176292741681249
-0.5364084818167476
-0.244409217847271
-0.04918397377492434
-1.745509247367651
-1.8491179491971945
-1.6584252603499183
-0.2523459328352334
-1.8473940917132488
-0.5676779599635321
-1.8291537638059636
-0.8690830020831198
-0.29372735415238094
-0.6482245662729037
-1.7325770383328738
0.04296544335306124
-0.6266101933372451
0.17263039870594427
-0.5124183328166538
-0.3760704148917759
-1.830762202220646
-1.7821269621856413
-0.14016523879166395
-1.8535647714763828
-1.7508323603975449
-0.05543623157255116
-1.5818918124152246
-1.8484939792087682
-1.867116096005311
-1.7644819771038311
-1.8213296281743168
0.12480448915335576
-1.710809715676511
-1.787622684195663
-0.8298109169043897
-0.18878980691644348
-0.0938289251172441
-1.695803289507476
-0.5577659742657028
-1.7540389736567243
-1.810398152892057
-0.22152547403581366
-1.6827713872992538
-1.8619764610958716
-1.7098250921377844
-0.35894554300107195
-1.8983743994951259
-0.37986095507554585
-0.18132250173758088
-1.7443981196858005
-0.503798485315781
-0.7481815779567217
-1.8868980750598137
-1.8147721730130466
-1.7651985411471713
-1.8128271230862643
-0.6194298948611326
-0.7508565283083573
-1.8021659976019948
-1.8406689365267335
-0.12102273870095595
-1.724823230117229
-0.5493156092210895
-1.7515694161911273
-1.7635399504804412
-1.797804276033108
-1.8161373950675288
-1.80105969992838
-1.7972303257309914
-0.7771868415130021
-1.7700357786762482
-0.6969812668500824
-0.5022030348746902
-1.8141444763877748
-0.6025766691009888
-1.721422968525037
-0.47086582904728563
-1.8335626413898183
-0.48059497095073184
-0.7748279856329526
-0.5429516228942755
-0.3232861510034481
-0.540189827527572
-1.8047228675495315
-1.7214929274853876
0.219495645098877
0.0843436527885424
-0.4627674886167772
-0.7794759731059864
-1.7720006932663592
-0.4067186025954698
-0.49123143896465726
-1.7534522683114764
-1.7924640947468626
-0.5378266227088168
-0.3024246598992058
-1.753119202660835
-0.4854696301854832
-1.751010288012618
-0.5463449131086615
-1.8087025080375758
-1.7110186533783254
-1.6810914002051267
-1.7863426756855156
-0.8272623438945516
-1.715250902603095
-1.7411434842495646
-1.7271193030960803
-0.7376036017037344
-1.7645511869049928
-0.3526317673950393
-1.8814011325998332
-1.8011272069923052
-0.22573541286959425
-1.8151820945991068
-1.7538373085268946
-0.5300241351081896
-0.7768195331975841
-1.7556778731508713
0.2672248006475858
-1.9645970796802414
-1.734806507001938
-1.796845721358753
-0.7818920219519143
-0.281053650663851
-0.6294546468384538
-1.7170660275516654
-0.6380790431707045
-1.856600886296039
-1.8432913348614233
-1.7729306973529328
-1.7019200251436373
-1.7559051560687742
-0.7316094233791086
-0.6680638492903993
-1.79056576361502
-0.8936207384361696
-1.7732631389338227
-1.8002970548442079
-0.7060824743415957
-1.7689553115583925
-1.832198153205229
-1.8260609194046733
-0.6207961325488476
-1.964950417763928
-1.8783998203313987
-1.8383775436793142
-0.7438546472050306
-1.7616855712152546
-0.15471121757724082
-1.7015376390096886
-0.7384053741722643
0.3222690121522263
-0.6857000514495222
-0.6523952509926096
-1.818948496447487
0.10161662725346203
-0.05305448282987049
-0.1353472444522426
-1.7238150039124007
-1.8305286939399579
-1.5763186877882993
-1.7767212991105197
-1.6825530880219604
-0.06744070079537948
-0.24445716713324375
-0.2952286144314814
0.38286073129689635
-0.69054070742552
-0.4587124159030851
-1.8244534699202068
-1.7023832355899735
-1.8248106726799496
-1.7675373463196786
-0.6158065548117726
0.28852124269706503
-1.7829889782853694
-0.18617480644529766
-1.7553776755748225
-0.5016371626945065
-1.6401806575792337
-1.7526531976926485
-1.7692866603912143
-0.4878180785969561
-0.5013295240913976
-1.828121705442022
-0.40011570446092426
-0.4083215517130827
-1.746791110501639
-0.18852458000448985
-1.6929870522284554
-0.25378528550227797
-0.5850072793889148
-1.9288699648644139
-0.6191655131167154
-1.588016524131167
-0.4023254361727103
-0.5819310589018305
-1.5171039444594978
-1.8150664458286605
-1.7905965196270244
-1.5204684344088242
-0.2772335053614838
-0.11815837299543676
-1.7525987502754634
-1.7875038038497155
-1.5659230526690175
-0.4781985366226869
0.4198797108460324
-0.7115329701446076
-0.4829814633016792
-0.5008210577891398
-0.6463680811812833
-0.335214907052665
-1.8193015124149141
-0.5406399107457306
-0.8151873237653059
-1.7963806915493903
-0.07106901625551701
0.03301958147594109
-0.5526645195419041
-1.7515722888078034
0.11455003088992213
-0.7006009775478652
-0.5726357564406174
0.13564096203948856
-0.607327757512635
-1.823929666627043
-1.7453837113036084
-1.7316515554259162
-0.5208520762606863
-0.674797159816795
-1.7750938418464344
-0.8696735132197291
-1.7937437362257218
-1.8215075471759932
-0.14904762484612172
-1.714927540858974
-0.035809900158201735
-0.11110709729885951
-1.78446927429052
-0.34925962796768734
-1.8311396852789046
-1.692668254355941
-1.767237612018123
-0.44977597501453437
-1.650825906602167
-0.5511840669039526
-1.712883165154557
-1.8505213552327915
-0.5169379962152866
0.21976864158957665
-0.6779372826153357
0.20487140775487284
-0.39186950249707997
-0.5691323769378818
-0.018739016584736957
-0.08464024172393922
-0.5185222389161662
0.04462576932180197
-0.3238978815538275
-1.8200937842742686
-1.810229297145257
-0.6229190411391745
0.36420312032515234
-0.5566550824090103
-1.2166228463953215
-1.8206261205379992
-0.7307128673603737
-0.5788870302511051
-0.2396303228253163
-0.7125969093250157
-0.013965346202662914
-0.0251221760612705
-0.06066938901690638
-0.3326612716634214
-1.7640937195207762
-0.7072630087267888
-0.6649127357581681
-0.5416123077100398
-0.63386615548288
-1.782425563335425
-0.43882076142466425
-0.31275884714574154
-1.7803735356843646
-1.7233924788750645
-0.569843183406295
-0.6887415164496511
-0.050501363033780174
-1.6820989805788402
0.2740972980855903
-0.44240747212014736
-0.6389395384112416
-0.7315475314849808
-1.722079071905
-1.6869854734885361
-1.8310228144148593
0.2162666381752776
0.3170018481550116
-0.6403325911957586
-0.8519884051063198
0.13575753440633068
-1.7830182907342378
0.24722153563011381
0.21384999233277902
-0.050304501496124865
0.17267032249952738
0.29299085751095866
-0.4886398887067537
-1.7945912299964943
-0.30486337936418223
-1.8361355947092626
-1.7713669323220773
-1.8571386716041967
-0.10370701914898776
0.0983088266052847
-0.547309048471672
-0.5642909384723426
-0.3750072953904804
-0.5724955941925021
0.061499833747176116
-0.3977539224897644
-0.66629193570955
-0.34357000482773153
-0.02438736105576609
-0.27302285581052815
-0.08546903639983676
-0.27912293273308497
-1.8091378076081641
-1.8273543694663692
0.1843747579690195
-0.02426858680161238
-0.08225425953434584
-0.2708016077479261
-0.07381605567285655
0.07393581371600744
-0.4441462648193958
-0.43953947839325186
0.5401379636682069
-0.5825360864480567
0.110404411933531
-0.11255058332299758
-1.7487449841312173
-0.13891872870044966
-1.7791811464656513
0.14693601617623941
0.9562682578207552
-1.7207998908949542
-0.2508839511680488
-0.19255621570749112
-0.050534273355948026
-0.36707010269807583
-1.8399813402924248
-1.7269000513088741
-0.01750148871231673
-1.7881755816969098
-1.8007827427667835
-1.8123017534251735
-0.6334074474503315
-1.739593964091624
-0.42287982660543605
-1.7206493249822432
-0.19186810283586853
-0.6386618982575994
-0.06808047736555911
-0.33708064377951513
-1.6298014517044819
-0.2339356057404955
0.10230140664923656
-0.689684969500794
-0.5519400461730025
-0.019958190504744126
-0.7592830912670112
-0.33839179645557016
-0.46532961040894605
-0.07031582563091264
-0.15618265394881548
0.22039574067373088
-1.8464506568349153
-0.3938076289685947
-0.41073302208426754
-0.03122197644408537
-1.7927130686240422
-1.842396097865036
-1.7720517959518842
-0.8002182711653634
-1.7333325205537553
-0.5997115502697544
-0.30670617691248014
-0.25053983962315807
0.2985604076264467
-1.5119127699857748
-1.9081359176821011
-0.07471240648380423
-1.6730260761324804
0.3375608927963722
-1.7882205195476484
-0.06378673326842521
-0.03405635143442494
-1.6985508324193566
-0.1420638021510663
-0.13227765304043027
0.6332877471607596
-1.671175139068744
-0.22890588622683908
0.14987466200749344
0.2652423707434307
-1.7758971474746907
-1.7653372015130921
-1.8371702426559593
-0.6435497387300396
-1.7195345176161634
-1.7652088112731215
-0.25440177937251207
-1.8253358440615388
-0.5167957783158244
-0.6911730418786795
-0.031076733658788235
-0.0077970308202519045
-1.945286483856838
-0.47075068885256205
-0.6944031883825246
-1.4584258702220507
-0.6485159423413298
-1.653737755300162
-1.7421694495311888
0.2707015678028475
-0.4566912964589867
-0.07816515340427077
-1.807977981725164
-1.8354871712129914
-0.1817997084855957
-1.8808121267265685
-0.44003634620681475
-1.8057299726307914
-1.7338931793012162
-1.4610686381708022
-0.6120790393675147
-1.725356826424917
-1.7591016682683036
-1.68773510421368
-1.6691428734622162
-1.7660447547600056
-0.5797638281614486
-1.746221883750533
-0.040837508348857354
-0.304451755714721
-0.0792502553718179
-0.7227647048850621
-0.5556992855996843
-1.8209190043110177
-1.6938874997942062
-0.191941208026203
-1.441455826100443
-0.6897183233731238
-1.7460391485839781
-0.3251700130627716
-0.033581894221234844
-0.4025424725506022
-1.764176090777684
-0.09196968998681458
0.3965078590057449
-0.5335505713600582
-0.6447983562934656
-1.7256360927485397
0.6437996102804442
-0.699172495747073
0.5882300050901084
-0.5915597235330726
-1.8174901470688951
-1.5688024178227313
-0.6318869274210575
-1.7612473276972627
-1.7117235046012755
-0.3734116208526476
-1.835671250969353
-0.3173409444120651
-0.6184160298018195
-1.7368720739052395
-1.7725714379714588
-1.826760423463
-1.7831257201666255
-0.3903176010005818
-0.24096925914427847
-0.18742750432062638
-0.41494801169581297
0.22159803741128034
-0.6999908408395928
-1.7142060775564385
-1.8695945770673505
-0.44981993880052606
-0.7171012200469873
0.10556629733297712
-0.028997882998919082
-1.775093780740164
-0.2260898789998272
-1.8591193536492936
-1.77464089912422
-0.7641018753564106
-1.856312802935763
-0.35613124882518465
-0.6791920188932007
-1.7353064561861506
-1.7644790591989559
-1.8393909111772646
-0.1045459202370064
-0.20189100081281186
-0.6145780037199315
-1.0268553099524125
0.74688338018072
-0.6694149803405604
-0.5613969075628448
0.10393773507473769
0.7087840827481908
-0.6877192703409729
0.10485872695696705
-0.03235351736807515
-0.25273196418946375
0.20805212004319965
-0.6574100351580097
0.11312036108220966
-1.7872476863814892
0.3750021994517277
0.20090639559116127
-0.6711666901237829
-0.25797939847101425
-0.3726862113325912
-0.1713981452509156
0.1505152832573893
0.15514317806648423
0.36761144919446465
-0.5754168710799135
-0.32174375698239843
-0.5208930790546953
-0.715345616409551
-1.7995363179499484
-1.7924420325812336
-0.32414112459851296
-0.6854941819351354
-0.3533595327590291
-0.1470791280454265
-1.699601875992551
-0.5582003654517975
0.28598743747381694
-0.5594055229959964
-0.6615564384234609
-0.6269140887028777
-1.6812625109599144
-0.29152808962432286
0.28594349526106055
-1.7391711078049141
-0.2645855657770663
0.016529274976686013
-1.754059580651099
-0.23663644043974005
-1.7845575502151714
-1.8026930347171954
-0.8913274772693743
-1.7936186699162189
-0.21675359238288022
-1.7120101006022859
-1.8575439218817626
0.7281311957187883
-0.2775835641186417
-0.06346195231112861
-0.6032579430673106
-1.6349144535054014
-1.7968177203613567
0.18237405818803848
-0.14684327303195302
-0.5731893750727297
0.0936348962045006
-0.5855882764811906
-0.5955523376578991
0.1918777255580049
-1.7657531873457741
-0.49162926841629334
-0.003598364138013654
0.23421039319857725
0.07051581052140152
-0.12122767943680442
-0.5543957258555032
-0.5246408380999303
-0.4043022308209731
0.09695086478387588
-1.8336011517810389
-0.40487639209227416
-1.7882091142663512
-0.6712551447422654
-1.759209125083065
0.07543390499499161
-1.8553778514645356
-1.8172018820537406
-0.5325908304290021
-0.506623144333375
0.003282011017522103
-0.25277944192797386
-1.8707815771553884
-0.07273514261171665
-1.7461211358590814
-1.8813090427205759
-0.16575436083641212
-1.7757601700961496
-1.7360924608106112
-0.38018533490767037
-0.6808298048087794
-0.5149222663145406
-0.29183224047939543
0.06903830371619184
-0.34753842112886024
-1.7935718831891592
-0.09116252531980165
-1.9181797795682103
0.019846892812905727
-0.9535785702114999
-0.8281103727788298
0.28370712471547516
-0.20465656002615976
-1.7886660597247306
0.7369474650064696
-1.8186477185549603
-1.6706493964965858
0.09838791523928285
-0.12927600979218806
0.19549351970440237
0.15603194927416925
0.0167823621532067
-0.057896009657571613
-0.603260036129342
-0.36999233338581305
0.5048139282777746
-0.19767177728663288
-0.1664557931891878
-1.770160960231943
0.5742795887102986
0.16596849657079554
-0.10981984473601539
-0.5995354690105779
-0.20901114632080608
0.06755639801478863
-0.21906874239445664
-0.3896584296795341
0.48378265032484474
-0.5706010839502619
-1.7236729836613853
-0.6627592522081676
0.49415156127457294
-0.7201647857842792
0.06751350299802504
-1.4545158370933058
-1.7940672972537932
-0.8765559919860576
-0.6521265917655243
-1.8117930435139278
-1.7416310580548156
-0.18062129219667067
-1.7973864525349676
-0.557337671454935
-0.5540507224954881
-0.6713594057132315
-0.4750110389664508
-1.5960210028197694
-0.3125845975339454
-0.4958711574973167
-0.523332848778181
-0.2732604262969419
-1.7492559411890434
0.19442758575910107
-0.5038210730401063
-0.5602785094245915
-0.5898535040433313
-1.7358359261199379
0.5443442387833889
-0.33884673395788273
-1.7946805815069862
-0.033782957521618105
-1.8604263365241354
-0.30538051596644245
-1.834231523309748
-0.4793614879761828
0.09565611168560019
-0.2773659588454054
0.2674072192247671
-0.7361489215406098
-1.8557674885340376
-0.6282863647036049
-1.8136505963281981
-0.3523699351596088
-0.03233823045226235
-1.7953108073844444
-1.7639199135480572
-0.5409319874455777
-0.5339045685246627
-0.6592700266930804
-0.41938911267762063
0.19547428495372593
-1.6955213915379517
-0.5789401864472188
-1.352123577685942
-1.8482775003319016
-1.802780442033344
-0.09644059688889964
-0.26681237519584894
-0.5794787884743149
-0.4919708030486438
0.008177181932268983
-1.7224731862561384
-1.7862948219336754
-0.02069706917079446
-0.5680082005925285
-0.6728469714383356
0.499214232636245
-0.4368155233060768
-1.8092000037444012
-0.23980170053382727
0.16323818010195545
0.15746091290220376
-1.77991169281901
-1.7582922824224831
-1.792529212588956
-1.6876552367884996
-1.7886872548490422
-1.702692385367446
-1.6697446505223685
-1.8515906753425249
0.06603031110259262
-1.7098169073647045
-0.11381852780933374
-0.4550116408059542
-0.5122492210577942
-0.35433468909638643
-0.6226345009852408
-1.8696300432535176
-0.6318385780435861
0.27233862469870196
-1.828695254247627
-1.6992131335520206
-0.5814016341944436
-1.807325539897127
-1.804948784074818
0.22855703362337573
-0.19416598391061693
-1.910045687890879
-0.43996300866236976
-1.829396780305161
0.19821139551578312
-0.5989611775851045
-1.7992235430560317
0.1426272668815055
-0.23402376481309395
-0.5134409064722298
-0.41428723383351296
-0.01044555239998339
0.39753241207621937
-1.8562338060337897
-0.5456715253637778
-0.02425915473296618
-0.882521790870099
-0.4147309964449796
-1.7969093427617213
-0.6378600004632307
0.08382289232401131
-0.4314690481135073
-1.809587184296888
-1.8066971914920495
-0.15192237437891967
-0.05316266846728995
-1.7438132015908887
-1.7398727929634563
-0.26977621276685926
-1.820735553879345
-0.48333688518637946
-0.680652935611803
0.10700703851113152
0.11219175288468528
-1.7620566036972587
-0.567174309547384
-0.641331441516797
-0.6390927983297195
0.29707042922155485
0.34986333109895057
-0.6657371188342389
-0.6454478945427045
-1.8086504870842934
-0.5598391218466644
-0.1465565473947954
-1.6987823753298783
-1.8511750914029295
-1.8409910398759233
-1.655295487513698
-0.5795556896982623
0.2952287698910242
0.2542794813723171
-0.5548953448714032
-0.02264929595457493
0.38625982783737195
-0.011679436074708508
-0.615242286671036
-1.8426661606179835
-1.745555801336025
-1.6941039115561038
-1.7927472214863625
-1.769326559047172
0.5921646242749307
-0.17503823945525673
-0.6033571890518769
-1.7434254584001057
0.13970703452132838
0.24755060720463515
-1.6938538425504013
0.04620404297022063
0.06374889504284743
-0.03269160107538557
-0.5031339768263574
-0.46718956922569216
-1.7632634852575735
-0.06173750071579569
-1.3701282045846934
0.8147603794372188
-1.847929244076795
-0.4805782596385952
0.16522152341460783
-0.033863205701939854
-1.7020403694870225
-1.754891129861531
-0.4176761602552236
-1.7643553860427934
-1.7361336971120886
-0.190727454590684
-0.7543848161340654
-0.533518514862155
-0.5252281114617017
-1.8179199352454052
-1.744852452156541
-0.14228850767219509
-0.07582172126359166
0.3403174271542654
0.170977649144398
0.08057395180564303
-0.6008589465475275
-0.7119612490059779
-0.0077333561598978365
0.4692658560159174
-0.5889748062748595
0.1175142662788909
-0.6150684832368876
0.31775672235353236
-0.6699828831604796
-0.20756190455104895
-1.7843045102439916
-0.5514027279983735
-0.5735313502576338
-1.7380944910832692
0.8519374558956123
0.09114513544636255
-1.8091035151141974
-0.1906297184708628
-0.2795765181690131
-1.738179556280052
-0.13746967990024536
-1.705580136101399
0.3373083939272021
-0.022779805554418393
0.3882120989386367
0.635744990903333
0.3868822942859852
-0.09212123586252678
-0.2553058342445463
-0.11511488512139943
-0.5738648799577355
-1.8513367041352367
0.8437827707194947
-0.4134606479824061
-0.271879707782465
-1.703692700032951
-1.8607773149205973
-0.18815555545520582
0.3947763551516355
0.5409643655145385
-1.7445354413636798
-0.8777232333835752
-0.06528494534931113
-0.18047015136907107
-1.847461583685234
-0.2825168854288774
-0.6327746318410917
-0.4139631809241896
0.10035973600499296
-0.6312392855126929
-1.8516260621476746
0.1474941695875376
0.009595539552711542
0.9707117519383789
-0.5577316205387616
0.22365530024673863
-0.22148174734723092
-1.7363145944038454
1.1000134165377988
-0.5831619039162614
-0.7428654865765091
-0.594809948284564
0.3552649526267783
-0.575974054496586
-0.21297333859785028
-0.6453083365079525
-0.12364956604857968
0.5888207302798345
-0.6566851643152625
0.5883392910630837
0.4885511538000775
-1.7293593591994503
0.2864850955009487
-1.731154096504842
-0.5823839354005889
0.15249530712462142
-0.5829093838892365
-1.8086748576290952
-0.5331271668615056
-0.21221461329294147
-0.4905708773225307
0.3211563700061816
0.7932888854388128
-0.6159513427935823
0.10992748036721592
-0.6660763976812122
-0.12523865514173
-0.5919374446514443
-0.6664162246278942
0.012785352746351966
-0.6958320247918058
0.7600768194497848
0.08783391174281525
0.3144006643111167
0.8603953816007186
-0.5808332764103834
-0.2215494130727036
-0.6319139331383388
-0.7424636213248146
0.1402887007900454
-0.5226126942603817
0.6966760528660029
-0.667581672332308
0.49740685725615746
-0.5290743219743246
-0.006683347171903123
0.758568640784128
-1.5142230676930974
-0.1686297205509022
0.2576749278541307
-0.5779090191696524
-1.1065988361035688
-0.05370703202027993
0.6962754541175942
0.2733503489066803
-0.6326858369375259
-0.4652528185580689
-0.5616760472733893
-0.5744169022877048
-1.5460250416119514
-1.7562081093846684
-1.8432605016704815
0.5574451708522028
-0.6056930008812573
0.24348743573970144
0.8474526952347585
-1.6835786696161466
1.0676688653934905
0.21159805688523636
-0.5827458065932889
-0.19485140993007588
-1.7327040904006434
0.07400147685049588
-1.7930118242602122
-0.16738733639440073
-0.5801468574132134
-0.13897855455998898
0.8182327206598269
-0.11888817503608862
0.4129870089113892
-0.44669391619549126
-0.33357152060076894
0.4905580417322904
-0.033988942600420055
-0.23482388329339574
0.9887843373287704
-1.9185720018098165
-0.5825757974159922
-0.6554897586959112
0.11949702693206034
-0.6024876126816593
-0.5597969719300241
-1.836204745495296
0.42273596764431853
-0.23015506540161298
0.4231025889270179
0.250748383688093
0.08091904355002923
-0.3173323136077284
0.17116728964912842
-0.714743200559991
-1.8414828144264916
-0.4571727726175905
-0.36861686493300555
-0.6738033595562541
0.18004904377469022
-0.5825945885742403
0.20352028098155453
-1.7169386239642233
0.5526759359092404
-1.7133295916612696
-0.5473616480295976
1.0823333042784429
-0.17762625203678628
0.37815132731296747
0.4637345576165923
-0.2049532028504748
-0.7847989641106548
0.702200016339639
-0.6203207050113327
0.368517783021159
0.38140191385511507
-0.7434940980405995
-1.829709184616488
-1.791149061786605
-0.6044602166235509
0.2872290532233964
-0.6134995579780318
-0.15788878222428315
-0.6092821814846107
-0.53249329249462
-0.6871680555044217
-0.16522526091434686
-0.5784363515327531
-0.5603530764414064
-1.7400811232945483
-0.5520134647443575
-0.13641879019579417
-0.6194935658259327
0.03316552659811911
-0.6246842335123917
0.23525239135812517
-0.5373936350363551
-0.6488699796049534
0.8012744623308912
-0.39154790849446586
-0.6345768616199985
0.41331108025563656
0.4093151510822505
-0.4350189694273029
-0.566887142755364
-0.5975976731234413
-0.18473459536674242
-0.4543828635238387
-0.5739097640270538
-0.11481450051982844
-0.5206126223987633
-0.5371253747306128
-1.7568640913095268
-0.45073321325423976
0.7089674376959423
-0.37929691940073673
-0.569816478482971
-0.0036630960570867444
-0.5827270652617222
-1.6418734648796842
-0.26768442906417056
0.13900503261977673
0.849242682864375
-1.9279543231673477
-0.6226513885078053
0.7873879504396855
0.1630472151979459
-0.2551167657000937
0.6152211358160554
0.5100848023205043
-0.5636889045145732
-0.22333087263406015
-0.6315478370820284
-0.7036829555348275
-1.6997479635476243
-0.7159505859572994
0.9528386703087183
-1.7065733669353218
-0.9016413918513269
-1.4864597845569127
-0.6770060460103279
-0.5372441094226825
1.2136510417569886
-0.5360666280456783
1.4245619805323575
0.11368641863460378
-0.5495341126890015
0.4867868406570577
-0.4364229540902076
0.3813090525585007
-0.4142763701068088
-0.6019552932863814
-0.10058439661321888
-0.4944776143019085
-0.5768956554559734
-0.48192866200264206
-0.5706390574612733
0.3897693391252959
-1.6943186752270685
0.23601772304796684
-0.45172673911440264
-0.360596084394136
-0.48138952995026996
-1.8427374471139388
0.11865062278996362
-0.25283380570771896
-0.5648962564120923
-0.5175849534480581
0.10994882247244017
-0.539725348463806
0.1042311017343136
-0.34271526990972767
-0.19433910067814814
-0.14611057387898246
-0.2682442756000276
-0.6549495552096041
0.23402174110008123
-0.6168386942392321
0.08634861824713352
-0.5102515824230678
0.07929759118536289
-0.1337210843560077
-0.678427492756466
-0.5873780370914308
-0.3583095944985102
-0.5941096682191236
-1.7824734844237833
0.3855031035476513
-0.05790205439156364
-0.06271723322772725
0.6505487757861659
-0.4091379463869496
-0.5722510889768173
0.08055710465985053
0.047903541660782305
0.8048763535315765
0.21096291147232663
1.047585123146958
-1.7942711400458653
-0.5348369484464743
-0.5680242778421813
0.21605227674029714
0.25315984176735606
-0.6208325865115933
-0.38477107566878166
0.2698578524287496
-0.14124602691053367
-0.7235400582076348
0.6771364672369632
0.7477607732784446
-0.6337586011276084
0.3723642069240449
0.7807575376403809
-0.6871470596056304
-0.3726669011986725
-0.5189831308190116
-0.43215487594829227
-0.5144910198589971
-0.6149033096710472
-0.5977411088895624
0.6838894256687053
-0.6189535149147402
-0.6504185497658611
1.5924769494929936
0.5163595166455295
-0.026005328513747303
-0.5808533260197286
0.116132980655999
-0.7163472573960497
-0.5213473073234184
-0.5757428656348764
0.4458419723509705
0.9940711451236436
-0.5722419995643282
-0.6675269939094771
-0.6406255367558418
-0.4458830980782995
-0.4654792380121759
-0.509462179541647
-0.6614900642977606
0.5126276879024323
-0.5585495174282278
-0.4732378506062471
-0.6688718197880955
-0.1590258137099908
0.13047085479866438
0.4038283063563152
-0.562200070311059
-0.006300610699777096
-0.44427670662239094
-0.5348612906965591
-0.47369250036681565
-0.25992447958703613
0.3802320701797429
0.2122124440899225
-0.49367999294830667
-0.5601061332187132
-0.5414688394371237
0.4251551851274512
-0.560698827991438
-0.5477912166145549
-1.785333996645927
-0.5554331736706839
0.15273249896747432
0.09114178072243029
-0.5395359530092856
0.09311097989748252
0.7586877587743378
-1.4312447111517246
-0.6587179877131953
0.2592098703592036
-0.1681838565901408
-0.5421538671613955
-0.6900646420576133
-0.8275933591079415
0.9657392603805899
0.5546895763433939
0.43447372255919
-0.615770068616522
-0.5913832687479404
-0.5460258369465655
-0.01188130285767422
-1.7766711532075905
0.36935356663953045
-0.5087696368733075
0.6902556701924979
-0.610505349704088
0.5331649751434108
-0.11268811233454865
0.02204233567775205
-0.4510567602394247
0.2974052012297409
-0.6386712266384118
-0.4944065002968634
-0.4765742452694036
-0.7039988448175585
-1.9319477423272446
-1.7942208770992933
0.33301136001208753
-0.6947046372417103
-0.6537218319665083
-0.4339727493929042
-0.11942489702716852
-0.15338622044196393
-0.5914431801993838
-0.15257376334467065
-0.508556511775829
0.12358265934045543
-0.5705633438069139
-0.13221192274544524
-0.7158369760961565
-0.6220460552277103
-1.1171764241772817
-0.16814913218277527
-0.8048850792969676
0.387495482942045
-0.8101228296205591
-0.5550610382766206
0.6300381605931776
-0.533765157116351
-0.0787975731038234
-0.6609620802493377
-0.5256098256882936
-0.16619064251803595
0.7341624943092857
-0.6677088413601484
0.3600194290287933
-0.6159557836599016
-0.664007729533048
0.38923872257479464
-0.5428842459867615
0.38025072738538296
-0.1316561935482684
-0.5342009293891611
-0.3947376755056784
-0.5441202056886179
-0.4913939130141375
-0.1259911783957387
-0.6222049395770458
-0.5957214687051262
-0.5689130490836563
-0.12578810809064989
-0.572583269798385
0.3801993629101349
-0.6461783384991513
-0.3047592207043006
-0.22418541769896722
-1.362787089546902
-0.6240274354492101
-0.6181207370347281
0.3499011331749121
-0.9322280005402392
-0.5538880728527249
1.4068027685244955
-0.6486534185984295
-0.24850120774923934
-0.6431856860435532
-0.6037559211428223
-0.21879331201456909
-0.6083176144975899
-0.46516783727570077
0.509274632446391
0.5863994875823554
-0.28945735053665195
1.0412448206695295
-0.5861602583911429
-0.14189641494598504
-0.09712112221676616
-0.6193984312663476
-0.5213270471034986
0.24654175145144047
-0.5550437394539757
-1.700299722853753
-0.4910754120643883
-0.562997787638914
-0.5349795272087922
-0.5641891248625945
1.6531206424105551
0.6090767969040076
0.797299933272498
-0.64213034365859
0.8266148203237268
0.22822612941791057
-0.5988735982199971
1.3390376589873585
-1.7486818517446365
-0.6280824509264907
-0.5448179927669334
-0.2865006275258877
-0.6275382545658762
0.6046984431026015
-0.5161025155816785
-0.6107926617184058
0.4386057441213944
-0.13490630425153038
0.7979070316037142
-0.6869132416568503
0.6773287030244288
-0.585358475204238
-1.826025534188379
0.5350023060005703
-0.48802557574060923
-0.00011116221861295992
-0.02551528858964547
1.3327834649523438
-0.6428110311399986
-0.1664608881696117
-0.5288006913784361
-0.14101443455259588
-1.730339462289158
-0.5418176782075244
-0.5387714905912486
-0.6001495468337472
-0.7418515112090005
-0.47008718031702135
-0.3577704812087916
-1.7974404356177436
-0.6883599588599105
-0.5263737016692369
-0.7064216755898727
-0.28214452034923
0.5791516658203469
-0.5503773815711317
-0.2679040792734758
-0.525739971736826
-1.7721687320660053
-0.6407154718620445
0.38219401915978346
-0.7201485596368219
-0.5621245593025347
-0.457489051135898
-0.6519359202649947
-0.5716477206474077
-0.13661827310475072
-0.5465803593491029
0.6533947291357778
-0.4553008045434396
0.4485518907975783
-0.4265430243401937
-0.609465045344104
1.2367393286173132
-0.45320995400246045
0.02806918890619939
-0.4960964937423107
0.3531400470670971
-0.5593771395915486
-0.6075979182799188
-0.6426061353508556
-1.8054320484119462
-0.5079210532335531
-0.4773260248942989
0.6111896142123889
-0.5795894935453152
-0.7276050781536707
-0.6326262417170166
-0.49198905899094003
-0.5588137435593209
-0.11582331903393595
-0.3748943192835278
-0.5548059117157269
-0.4361805093047889
-1.8452613049219986
0.441631369221803
-0.6518353206166501
-0.6541456933689379
-0.6520354793500287
-0.6032453325721372
-0.2313957651083446
-0.1038830767983685
-0.580108518799785
0.042664444525130296
0.678662120414401
-0.5980604571316874
-0.5584876482180223
-0.561847790626633
-0.5804353411493061
-0.5728251070059922
0.7361005326329537
-0.029459401637295657
-0.6095710874980714
-0.8461689235173296
-0.47684399971395697
-0.15283034342950008
-0.5744065320018049
-0.558856281139666
-0.44401759547103503
0.3410558490273854
-0.48730859042323005
-0.29053520236516706
-0.11833570987298703
-0.5839593772320298
-0.6108767400227557
0.2574843196041919
0.40437398980384365
-0.5482734601770134
-0.18308343707578872
-0.5858553561948744
-0.2684659150067934
0.00407503544249721
-0.12546880936648142
0.9204674730486431
0.3799066818821306
-0.47516043760678184
-0.565830263530158
0.36269582911370474
0.4078805223096562
-0.18646940588124805
0.723494355734733
-0.6251717932399723
-0.17764500296921004
0.036192361465981815
-0.49976888040156897
-0.690817523401544
-0.540235400535692
-0.604245605827434
0.20257528934334698
0.3407551420007749
0.16257201274775768
-0.6707825759843129
-0.5882720201684715
-0.6007885951023547
0.3870068976605191
1.1929843941129736
-0.5811630090577808
0.1849667401678921
-0.5881156614341678
-0.5359725958294416
-0.5982940964102462
-0.6941847903099891
-0.6782914648802698
-0.5346835029568274
-0.5283296775941951
-0.29512217534206064
-0.38435943924635585
0.6980383244636462
-0.6704373843990317
0.6536254155521525
-0.6539803984536852
-0.543983089356352
-0.16301807688957803
-0.6364081547248197
-0.18444247954475101
-0.5992642567003803
-0.49619099572880976
0.32565046789415714
-0.48904837789944045
-0.2800946245513083
-0.1483177483434729
-0.6546919401235569
-0.49960287936382974
0.4487626604012447
-0.5102693958758877
-0.5628324207343601
0.8156666791224048
-0.6218344113538434
1.4210743463742919
-0.5122882544273684
-0.6084272706310082
0.23820299744107948
-0.5924685315458151
0.263993221499561
-0.5633055890149431
-0.6214148340613298
0.6404669905108117
0.3543199158768638
0.2800692428550487
0.04843538529153342
0.4274138365276523
-0.45273187922936564
-0.5879757224334136
0.6678730891626384
-0.6165663351703521
0.41891444367499475
0.3137900450029952
-0.6952266934940519
-0.6248871283542116
-0.49553789534895676
-0.5610496054043441
-0.568457500279735
-0.6482516841228493
-0.32986642638044406
-0.631026837912379
-0.5764314604021581
-0.12612097596053098
1.10714528482462
-0.5772987038672914
-0.5102038319491214
-0.5836984969173544
0.7775089555581415
0.35184624674982046
-0.5571748708806358
1.404729773162394
-0.47207512537598606
1.1185707358833157
1.0349757203386678
-0.07576902876698688
-0.5079111401121461
0.4149260432089701
0.11630996839645769
0.584044699294257
0.7456609110200717
-0.24642761143848713
0.47854165011620986
-0.2988572543688409
0.5557534981321837
-0.271291581967654
0.09762932964386728
0.4749964083055329
-0.6014256859909168
0.7194860842116229
-0.6295213353779703
1.0657850599055632
-0.09015541737197363
-0.5061881850649197
-0.619989306494675
-0.4897643565162918
-0.5657283943131759
0.4589079886242844
0.1134149158621794
-0.6847544439857371
-0.6078344014290726
-0.6182808996067501
-0.3890251027034607
-0.5878335470231473
-0.4715464889775973
-0.052634226686604335
-0.6397237810384139
-0.5601745777241747
-0.08586177885633306
0.47585851688436875
0.7343349942496382
0.9148397976007032
-0.4413033151256329
0.7652386031780594
0.6547210598688373
0.3094245255905468
-0.5384644814508854
-0.542172298663874
-0.46128028557786127
0.7985641834702153
-0.1376063547851677
-0.6200531828922693
0.06449982085342243
-0.6018443181309006
-0.4838169740187529
0.8701967440981557
0.8970638294208028
0.37808443317209783
0.37736669770819986
-0.10744495583816338
-0.13522239596267394
0.23753037948670191
-0.46167379579249
-0.16227714842351093
-0.5048926939495813
-0.5824026836359011
-0.05219733563455797
-0.5706226128740804
-0.28093487751756185
-0.5553155202506611
0.4832913419329902
-0.5220871596035186
-0.10932728405640635
-0.6329686099664976
-0.5402091576145986
-0.6661454803428093
0.6603063356140361
-0.6453126906163016
0.24168942015199427
-0.6143849502478207
-0.5365803593618224
0.38411793192490346
-0.4657462150979177
-0.12404822583073849
-0.07066754662903774
-0.09442498075568606
0.520139344711585
-0.12587517211289012
0.9096866809004819
0.09132523490129851
0.4396018135953792
0.24799136645893036
-0.12842163763727388
0.44078943082250743
-0.4167567257719784
-0.4573823011045337
-0.46861687639018323
-0.5431989249382849
-0.5032086159500171
-0.15624089143364017
-0.14369851687133917
-0.13280357534160314
-0.5728182996126807
-0.5684229228637674
-0.5032755550631466
-0.26663647196615514
0.6361751652784409
-0.3208176478133288
-0.5470067689443141
-0.5154214161711412
-0.1358909041256644
-0.5145635106142481
-0.4959753992247441
0.7340012173482131
-0.13286477473226577
-0.12273547456268141
-0.5100015322875859
-0.6259804912544735
0.29205929463644464
-0.5564900910469124
-0.41612263643707015
-0.4399773724882544
-0.6258477150280545
-0.48959007133079535
-0.5960115040086302
-0.5397528737217013
-0.5371886437509195
0.0409240551296044
-0.4647877164200671
-0.5000627983400222
-0.531120062247239
0.7658435415647786
-0.6226475500357433
-0.184854239045677
-0.5555532156692986
0.4367016914776825
1.332577721489494
-0.15933038723474013
0.40055632337072056
-0.25404523542531365
-0.50263081275982
0.49334374771935896
-0.41847398543999903
-0.47155809272521476
1.5798592074907691
-0.5467639081938174
-0.1041047370421544
-0.5723092199775057
0.760437886283408
-0.5397972178048909
0.4706999777809918
-0.5231142742131124
-0.5402234033163739
0.6810106198627981
-0.5295402654427249
-0.4940792569383752
-0.5602195153706124
-0.5127026994216715
1.5602071981405912
0.604129051736503
-0.406188843328695
0.6638633256153929
-0.5225857915073432
-0.5275200880836647
-0.1815028252862706
-0.5212731068099951
0.7749143376733009
-0.4488425379435358
-0.476224211005994
-0.10224473098194209
0.053616814214047626
-0.5394835275192431
-0.5645709709069333
1.4494003268905795
0.4833967710691077
-0.5276413596078782
-0.6115657746105632
12.296091921425862
-0.5474787033397066
-0.5022281314522206
-0.5426123789885422
-0.5583014635928716
-0.4510191873731305
0.2909414681076679
-0.5401161860740759
-0.5712151981240681
-0.5245909547436267
0.3853789268869712
-0.5552543794379219
-0.514267632754053
1.6487139363194938
0.41324410969637315
-0.4776715684395506
-0.5187846985861222
-0.6399225914800498
0.36017139609673565
-0.5095076400744212
0.6379612383701093
-0.05252067636515134
-0.5155484695664673
0.17640500628075062
0.35205176914980774
-0.5185888770048109
-0.2727163791506194
-0.12174287520397997
-0.29064256762667573
-0.49138931146736786
0.3241716327772115
-0.5422574502664679
-0.5363335813414232
-0.46230526026802077
-0.11362060317629719
-0.5235617078852949
-0.5357309247157985
0.7261390948190005
0.45674703778111314
0.6675642479792734
-0.5140954567883814
-0.5156838735771893
0.15676284218569836
-0.5609298013102201
-0.5043626535826988
-0.5445947086644627
0.7745110132816568
-0.5287450782733154
0.13915141479966797
-0.5138239520001241
-0.524842713669089
0.6465049013711284
-0.4720919876920944
-0.5691444147742385
-0.21489297957621734
-0.2812772415516799
-0.5497099660605516
0.1586831915942648
0.18060955514544452
1.5392677861175317
0.7572849624390707
-0.5434540844081965
1.3840916244333437
-0.524557012849989
-0.5711080648483997
0.26006296093505754
-0.5460982483963391
-0.5430696004576638
0.539606992212873
-0.4844572640897129
0.47583156409675215
0.2792212646736716
-0.09563036891171184
0.8486352881318964
-0.5580571598233048
0.08347924234485804
0.7802490847849652
-0.49917832311562105
-0.45333095894403486
-0.5128401338471608
0.25275478966625053
-0.48115445817982105
-0.07305802271914241
-0.12540174863821663
-0.5464809470373343
0.202257623135345
2.0627166413379765
-0.5514918252809531
-0.13129408029497325
-1.7994088460904814
-0.515632430226902
0.6300680022007329
1.173173190668951
0.47008389454274424
0.4535067791610503
-0.5864548026599201
0.6808737415768349
0.459353129618443
2.0130839072500333
0.01739758153399329
-0.5619411800612043
0.4938877076795043
0.6461167302788569
-0.5420268881196589
-0.027280079887312847
-0.5082450506058296
-0.5437759945671989
-0.5083262851765937
-0.53494751813168
-0.12719037305724112
-0.3131283962063327
0.0245631579859531
-0.45663018975604963
-0.4478688262387114
-0.5580473044533382
-0.5200348673118864
-0.5129686959484719
0.4709237260447541
-0.5547430772898644
0.9850760614004627
-0.11009242435430155
-0.5251020820394277
1.4039514706633227
-0.5476687702972429
-0.09594385960650109
-0.5063944362735062
-0.0949937370787145
1.4316009078803171
0.3948751798372798
-0.4640975533391185
0.7858277335674875
-0.5352966537395126
-0.2715652414791322
0.19192848435887577
-0.5222045447091912
0.4903259150885757
-0.13444691857813784
-0.5346584886765122
-0.5061162778384192
0.05328153505328759
-0.4695239706608417
1.6150107215113776
-0.5461262922918035
-0.5285085817585029
-0.466702266940636
-0.12350444528149762
-0.5557324542001765
-0.48981838853956294
-0.10390396666925172
1.7239981169700744
-0.5258019864411456
-0.5683315685712238
0.844074450911944
0.4384419869842635
0.6686205193021795
1.7326034806709998
0.10907867429299167
-0.4798538628954325
0.9136093513120681
-0.5301776700292173
-0.027226845731558202
-0.22844033349049164
-0.49320930594620704
0.6290543528231924
0.43674978123878416
0.6259032751818525
2.0382275794231832
-0.5510724470383568
0.31602783957085184
0.22922410997185017
0.2542325825594185
0.825097225057646
-0.5079460536459666
0.43872907061662203
0.47444464235163464
0.4262852350092847
0.6611151765339472
0.6209677594850284
-0.53090982655536
0.43699063226906243
-0.08380661866264927
0.8605065965876992
-0.5476302987651204
0.4556957825369341
2.235205850116835
-0.09891153469371883
0.6342976831042803
0.8438830333131092
0.6508572143939831
1.369576692815025
0.6255979634118727
-0.5265581892235464
-0.5258801386613614
-0.08274656069251485
-0.5541476991801997
0.449717470959883
-0.5014363787186374
-0.5254534767322512
-0.5437940216178987
-0.5512159081133117
-0.553994793824042
-0.505259745010858
-0.53776837792635
0.023734138791179804
-0.16188817747632023
-0.5715122091748324
0.11495778650811395
-0.2537362039337333
-0.5358930046811712
-0.023433269567862625
-0.5564800564638528
-0.4867001440252343
-0.5235675297481358
-0.08071154952963622
0.48408658889630063
-0.5294590337014995
0.6332096308491705
-0.5450737046963895
-0.5652202639876887
0.9549390494064877
0.5579224800871372
-0.5712503231648542
-0.20201699952159402
0.603695418392177
-0.2256891741251551
0.4314969135261908
0.4758498165240569
0.19529693786884272
1.7716342098663311
0.7265359986641844
-0.5216572335967666
1.1075474904593612
-0.5216257345994681
-0.5308558215800709
-0.27118307135008246
-0.07772347786504974
-0.17320669631775465
-0.5264128652904656
2.146302362867558
0.381452245581521
-0.05591358034763105
-0.2800233296114656
-0.5425777814945314
-0.5109335997013662
-0.42189833668556387
1.3483869394061623
0.8209130938189036
-0.48484304823708435
0.47389658254444433
0.4549686633820549
-0.5614325981828779
0.18062813366427988
-0.5407036858683562
1.4645317910301132
-0.5637183576567044
-0.2694142540462352
-0.5539131377222006
-0.24013225762864865
-0.051720807665253776
-0.18339058725331048
0.7145710421090155
-0.5091615856256166
0.691543483568561
-0.5304034150644218
-0.522161711984894
-0.581523568792219
-0.5343628842466427
0.7211616658596767
-0.5466153509703112
0.43498958456875214
1.7928947802709971
0.45664095392485193
0.5240219385580831
0.6689441233292586
-0.5099714055865876
-0.5425616109705786
-0.07747402784105728
-0.5514346496700089
-0.4760130214124948
-0.5190505456788974
-0.546739444035357
-0.2576938756598066
-0.5161845479661207
-0.11788067581795403
-0.14365103567354043
0.8600467002716814
0.4745134505317252
-0.4563302688765236
-0.5515377195529017
-0.09697514824369247
-0.5190263749554185
-0.5528017455595233
-0.15211415467711364
-0.11915150491541193
-0.0677824088329596
-0.4692384304253979
12.359908220815344
-0.12347890011630058
-0.5097285747518894
2.1524464629840647
0.37752527958896565
0.7967857960944638
-0.5114263351053226
-0.12774746932542236
-0.5370547815612632
-0.5595060277038417
-0.550222826539051
-0.5071265606674098
-0.536566861176669
1.3912815867254866
-0.5611376104535613
0.6274880128732441
-0.5233584296905903
-0.6103526122598353
0.7571617694771755
-0.5484434531004463
1.3633329832563423
-0.27885063132381127
0.6313737092068759
-0.5207114660808623
-0.5484435839480963
-0.5213677678086203
-0.532649903771004
-0.07774465643463391
0.8728876435534954
0.4579061857295026
-0.27640089977158055
-0.2763590400305004
1.3325533885940404
-0.23451335646381577
-0.26792567796956
-0.5438941594096309
0.5636563841953954
-0.5101318913191538
12.368286593681937
12.351905364681677
12.338004590460542
1.0654813764443911
-0.6350733066129066
0.48512030423613944
0.6578726458945399
-0.019896211804521502
-0.25762133552179356
-0.27282833257683436
0.49354483642071223
0.8371277231804807
-0.516086094031371
-0.548686052235664
-0.05120949823732346
-0.557823261848639
-0.508805385188204
-0.1622396199115873
12.31668450145522
-0.44195848363638157
12.362391738381284
0.30179596863090374
-0.24974379960975301
-0.004507879357338762
-0.5394752000502736
-0.5727768622573035
-0.4709856571500721
0.02414397298023485
-0.5142523718129717
-0.5078950087599826
-0.2847370830367919
0.05250984737915454
0.4860954115324214
-0.5247292608497898
1.3791455168226552
1.6926065956162755
-0.5461867354667621
0.6813693921980277
0.06366838728211288
-0.44791577446798825
-0.2422868977488929
-0.5484443202416113
-0.5270131277901726
-0.4138939182470358
0.43111440928113764
-0.4480974741326974
0.0006569892552408252
-0.25469291286327167
0.7467785553682129
-0.559270226320465
2.157940195917434
0.6700650217312685
-0.5173437724465708
-0.274465118809464
0.6357035210877702
12.309710892921963
0.7089013141110432
-0.5140364860394955
-0.12392304359672546
0.5623861911658907
-0.5037812114446806
-0.40561022926419155
-0.02696058946159452
-0.509121105519278
-0.5257377110192665
-0.5323464028241496
-0.12496975167202451
0.880412594623154
-0.4606034445504241
-0.5533650036020241
-0.546194665959711
-0.0680524255797833
-0.5269551302860156
-0.5194729327201657
-0.5309230795957032
-0.12400971094934132
-0.5115211239659996
0.002018306482711285
-0.10246837480032078
-0.5119223679079661
-0.5684518359122536
0.01710212435969627
-0.5252409321923406
-0.12445088383626624
-0.5585183485720862
0.6448152905522418
-0.504305686613642
-0.4441990561582335
-0.47808566148892817
-0.551515190535131
-0.5514636071969041
-0.13907177583177022
-0.5362475700583096
0.39648228005513153
-0.0007940732820816976
0.8246629153753873
0.22140725645499648
0.620959623504478
-0.49811737223701413
0.7491660546003149
-0.15533540155343284
0.39779879153911324
0.7381767844865581
-0.10406080494493597
-0.5653555160924522
-0.12817775681774757
-0.5437598008282594
12.244290355841917
-0.5265269180957048
-0.5212701680659748
-0.5054327418453093
-0.5322415164337984
0.6940430360494254
1.3744122524740492
-0.5543262117390569
12.336892597374444
-0.5390651103590567
-0.5339433321406282
0.4179117542515811
0.7799802550935298
-0.569946503282764
1.341850705421231
-0.017194329427783206
-0.4472540648720904
0.6325573957213474
-0.4749269601197318
-0.5190316397816077
12.295176361555285
-0.551000228136262
0.6592256942272751
0.7998253292231787
-0.5521101180737776
12.333757584699361
-0.5108535841674262
-0.2944603609705918
-0.4879290397450161
0.6378603213761942
-0.553090299809709
-0.09487215026702056
-0.07730284375833119
12.300412074240043
-0.5427166973031383
-0.20445462813976256
-0.5218153284418879
0.5159363976049565
-0.5193901291989883
0.5470024529013171
0.012761958688612296
-0.5357929421306019
-0.028107020791768633
12.325125132649372
-0.5507346465124275
-0.550290317033976
-0.49009928497198885
0.4771392389835194
-0.5432290673595932
0.5396883373026218
-0.5229332675808269
0.7271335976601156
-0.43014906269450637
0.7349071873127588
-0.4486329848513996
0.47875305095242116
0.7747138031166166
-0.04358530989241194
0.6540466947966885
-0.5542958442157726
1.7709000497504617
0.6196803018197873
0.8690671689575242
-0.4995440162913304
0.7935615686900903
-0.5704247366908461
0.012613546491191396
0.402023124805325
-0.5228064280280007
-0.5475418226186903
0.6782031905503374
12.325085187125762
2.085758161659536
-0.5317455289097314
12.32680409509732
12.307012956088208
0.661893760878671
12.369626913020811
0.3898488737673753
0.5198629782717197
-0.5630604544101515
0.03898505566708255
-0.5583954954703735
-0.19016751891549466
-0.5715621264322461
0.3898605684124685
0.367963138550649
-0.5062301989458818
12.348575558050776
0.006686103908301266
0.9159553811137731
12.243790603941523
-0.22759204473442818
-0.19090799574897732
0.4214731431267593
0.47260446853374405
1.4369996319235618
-0.5529935287308675
1.3708835362748124
12.37673597544868
0.3886367751616504
-0.4229500276971133
0.7118141658785289
12.296015884927506
-0.5641487246839432
12.279585753952674
-0.5556877166347178
-0.5152134688791422
-0.5196974505740833
-0.5131543034310397
-0.07566335068406371
2.0555181826709874
0.07136084225470185
-0.5497345419824438
2.1638538672778096
0.4243707796327727
-0.6519756659531339
-0.5403135032447297
12.385068215561954
-0.5182090699006361
-0.5107905600764079
-0.554247097504345
0.3756063896405779
1.559552110698105
-0.43129844562607744
-0.5465761959222025
-0.5430401747970983
0.4004031721192236
0.8323447132020458
0.45074458743070656
-0.025352056672517387
0.22866466385217699
0.6379344250489991
1.6820439359620032
0.38292959631889595
12.24990661136232
0.9284582091547253
0.041225773354712114
-0.23392140026964636
2.199505236651201
-0.573947777980143
0.6413348249261762
0.6280985056515314
0.008581765133476749
12.27032872490804
-0.5549766944099354
-0.5557209954862181
-0.5143489674106626
0.6374744777305503
12.347807817459032
12.270495107520833
0.4178836276366209
-0.5308519288833495
0.10034768924326909
1.45513959641033
-0.07399552882121263
1.6326068211711744
-0.21124762315079026
12.314717940122522
1.2239684666177257
12.313215940518306
1.6085663924003093
1.4108423822418383
-0.5037581025819456
0.618655132693214
12.353536858102572
1.7130360303704872
12.326510360225663
12.304327793326747
0.610309155982009
-0.5941391092688248
0.7074679463998821
1.405848807662381
1.6670388350678418
1.7411516189287808
0.48485916155982633
-0.5251579327286227
-0.12805552550444532
0.7243478283431029
-0.3394175799411646
1.603508601250754
0.6547677683678496
-0.5686934638274228
0.6650064011649053
12.327828542615704
1.7355876877814054
12.297247511995645
0.6761427600349945
-0.259974088436589
-0.14118132731760624
-0.519033571674488
-0.5200124678043669
-0.5447819807967657
-0.5945899250013325
-0.47704927366398675
12.320299073377608
12.301149867612365
-0.5832608933431486
-0.014984620489006617
0.6090641087970746
-0.5551392193246609
-0.5628877592080717
2.0572457926676067
0.9207304027325613
-0.5191203135104684
-0.5627762016061809
0.4143343576324712
-0.5286301519070675
-0.564338786185629
12.286115334343759
-0.02886143751850967
-0.525883517884939
-0.5269799648752093
1.9502026586445675
-0.49574150723676935
-0.5294540851974567
-0.27979719898765576
12.357800320464632
2.11837490431585
-0.11995479664337427
-0.52092309889141
12.277070995152856
0.5698193896905752
12.394145292136514
-0.5600444028334663
1.5253278961488674
12.321682977165178
0.09639630962622414
12.332533706623872
-0.548229315007577
-0.06242644934406516
-0.5341552786337302
-0.16493066903598896
-0.29724883600764374
-0.28647501515665363
-0.5501919064126131
-0.5040000051970746
0.06149530746937759
-0.2782923651772662
0.6236397141137179
12.353874126272393
12.32929631316972
12.359994683558588
12.304595442235467
0.12913534284962203
-0.5159178918797283
-0.24057132603811016
12.27430278753269
0.6108176382076734
-0.2630956488708236
-0.5018273901656238
12.246422593158101
-0.5564739526106627
0.6199232698088195
0.6645505011547048
12.33175334206711
0.06300271750448272
-0.27662463861924746
-0.5540003527733067
0.6191062442759324
0.04267102321662897
12.302084323248117
12.392383480991747
-0.5501895111474462
-0.549379723106394
0.6184225447959992
-0.5184027672202565
12.288990502225092
-0.11829922450199515
-0.577471063356316
0.6121298939741111
12.28071371849775
1.938204354214954
-0.5689029012879969
-0.21077363007813932
-0.5548504542297921
12.334485868631006
-0.5577941076935258
0.4423539821765663
-0.08768534679043116
12.320489620819085
12.31632775694795
12.348620786726174
-0.5141007093619276
-0.5286901771701146
-0.5106130513545921
-0.04635591428098529
0.6147649706210587
0.6401112460868408
0.631282284961515
-0.5270076195599985
12.276636594149888
12.348043409356087
12.343809425365198
0.7074963431308545
12.378951605148348
-0.06159873366740609
0.03951747960969709
12.314176920776962
2.071497444244564
2.1409496019078937
12.302843909509487
12.302419003082685
0.6167426221534148
-0.013595848685834522
0.0915462464108594
0.6628284311177352
12.309197354076456
12.3430266938396
1.964101939178386
-0.5186749901309824
0.6209942251949231
-0.49915867236711586
0.621885960730973
12.312264547281009
12.363721214148859
12.316684172468229
-0.535577462194426
-0.5635031064183194
-0.5164444484260075
-0.07589591488214098
0.6638492091239812
-0.2975856041715671
-0.31156661223053805
-0.25196658646365533
12.37564230178483
-0.5961447863719778
12.352370540922523
-0.507716665256547
-0.5213897953826785
0.817126871073041
12.35366784019077
12.281537130819132
-0.35430583746783995
12.349443404168404
12.35175247496529
0.6431922347405928
1.9704588910088958
-0.5514389356127071
-0.05203562140563145
-0.6084264785613716
0.6067613587346168
0.615303703235704
0.009201790373482899
0.46316926838314765
0.5978602290867153
-0.5424104810450029
12.369421645778434
-0.22371831504167938
-0.5265066116603228
-0.5346867895441538
-0.2784835934698219
12.312619603071148
0.03650069946400447
12.30788561546323
-0.23332748327148356
-0.22131734933912284
-0.5715167537721688
-0.5081768198676224
-0.541060295891787
-0.2352177890134023
12.286185986922831
-0.5346922187689171
-0.5885782295493334
-0.5100222691196553
-0.5481748858001081
-0.559615633739833
2.00304822077238
0.8517138013830935
12.370750968960376
-0.28722803863823987
0.5914816577480516
-0.5226726144976657
0.6391706718555796
-0.5704987249019007
-0.21662445501320693
0.4450579131303376
-0.12636713197209326
2.1715026640351223
12.304676642328172
12.28354177299528
-0.2779329149888312
-0.08073695058940988
0.6332288990833045
-0.4884465587764647
12.310509345891177
-0.3194924625080169
0.6338391178917979
2.1519467502094876
-0.5670910157079612
12.31862916365895
-0.509564375965077
0.6163221425707914
0.4922523100029357
0.8478345491347805
-0.10288509175155203
-0.5452078774183822
0.07641605445303945
12.371617701831283
-0.5135753211695487
12.356730627990109
0.8529668388543595
0.6379733151244691
0.5910445817342374
-0.09372407538897298
-0.5513779550967464
12.283963171954216
-0.28944640744676764
12.381407722064978
0.04373699300172751
1.694574869612855
0.630823374829344
-0.5610125965419726
-0.5037479080384393
-0.0962136151117422
-0.23793116675190296
12.35445727334269
-0.5290541632094112
-0.5519840551717995
0.010713511433857681
-0.07446063482420895
12.277371489018375
-0.25364508517770423
-0.3196006814886625
12.33130526812643
12.328434045228178
0.6349957699354277
12.315215868180815
-0.23202187023573984
0.819730541104975
12.295457201424792
-0.24944227325527735
0.27470654801557115
12.322556006545351
-0.510626684115983
12.322136056886139
12.276476920422432
12.367768892290114
0.6077727830303219
0.6442963983556563
-0.49960977692268793
12.335909186615098
-0.2017077955753347
-0.18139572361211942
12.303869558690046
-0.5244412720250893
2.198237771518614
-0.23739082149232682
-0.5135535590732755
-0.5214530853150079
0.48522309339648007
0.907026322997786
12.359450394153507
0.8032087392098608
-0.5601916080061287
0.03365165974216833
-0.537348562520737
12.326310465440894
-0.5244073920050782
12.343617611390805
12.343434001496417
-0.04532794863130718
-0.1875419941826032
12.32758217839672
12.366004640714703
12.39513697944199
0.4686699515973738
12.351954919466788
-0.25698969612066935
0.43309703797070687
0.011064927302011363
1.8566544393167554
-0.5560126197632957
0.6285443577201713
-0.20459113630826442
-0.5506667449094358
0.00970799570287939
0.3820263696944997
-0.11989852962186565
12.294035048868434
-0.5572260645140212
0.43319132403998384
-0.46926680923924424
12.344770462425585
-0.5134390523011076
0.6384927343041547
12.344896481790968
0.04763263166773912
-0.5254675374605174
-0.5497569756336527
-0.009707775730165902
-0.21779325188731702
12.392471687991653
2.1110611465170273
0.8219051015778774
0.4460920513398845
-0.4877627448323667
0.005752121001293187
12.318428198680262
12.280450395646211
-0.050837637404390845
-0.07967204652170556
-0.5606965966706887
12.302967793995863
12.308383100855497
12.335223405663132
-0.28002709572421836
0.3750747025138792
2.095642082743401
0.6183520502901222
-0.5173401088069991
0.6332015548794183
-0.136722723728127
-0.5778026174124753
12.338673346486821
-0.5179331349374195
0.40326654632687875
0.4906414277087665
-0.232908011870249
-0.515719585471613
-0.5041303296938642
12.306422032846069
-0.5926915131000333
-0.12468357506351069
-0.1946705505258839
0.8442431211684683
-0.5350061619886461
-0.13106972181326282
12.297438189553954
0.44343001021039785
-0.5085392149715222
0.4212206346915781
-0.009550168661277225
-0.5041693613705736
-0.5489653063402542
-0.2333632555391556
-0.007072117118612442
-0.5096510026371822
0.5983646318645761
12.329791357110006
-0.10483519465392965
0.41954503359113304
-0.5201246919342314
-0.5140116277497558
-0.5441678211641627
-0.08103884415492224
0.9387939627236676
12.307421649142398
-0.506603926764057
-0.46951023485781207
12.305856249271603
0.024997416062297217
0.47421701439728503
-0.564155565627042
0.4059433070407483
-0.5561028323132695
-0.004732905914607288
-0.513529357099902
-0.5287846776277861
-0.5468782935899519
12.328434723299797
-0.5152843002206835
0.27160126338675405
-0.5452515611204227
0.018660934967036358
-0.10915558404610659
-0.06271859421276194
-0.5519519843445115
-0.08750168239305078
1.4381899890089829
-0.27690884157827667
12.315790865651044
-0.5356579252888055
-0.15460000200312818
-0.550766399249952
12.327496835084744
-0.5106708354043794
-0.5679069396110145
-0.45291104045329866
1.3926574902704238
-0.10990269887529669
-0.08973318299954103
-0.5471724755510902
-0.511759232836376
12.34418513647775
-0.07230254333565689
-0.5333975502057193
12.333220464321696
-0.566168012485447
-0.027083039048612867
-0.5896619532676747
-0.030211344600072354
0.6525450361262775
-0.23701742139855042
-0.5532341744974063
0.2731916419210563
-0.5813482000447717
-0.24395644748049006
-0.055131924256788034
1.476296651679851
-0.5629184284620963
0.8649858073379579
12.305872638889033
-0.07458856719429818
-0.25237041357665646
-0.5506703650672631
-0.1378004890513257
-0.0790165465932341
-0.5068112058791966
12.346364550562342
0.03043698926041749
0.4078979359776198
-0.5276616600771142
0.4687053703176287
12.302754503010908
-0.5110491210764991
12.388528291977229
-0.5081633120748992
-0.29018345868748197
12.307918380417362
-0.1089903085574414
-0.5541274417291608
0.4622123216765508
-0.5141574121017113
0.7970334154306988
12.330384852253552
0.6296642452891301
-0.5537824148394848
-0.04943660695577656
0.5960430800500309
-0.5822241694834555
-0.5019039161543388
-0.5526179468583771
-0.520750529748552
12.341310020548399
1.3153590989885013
12.327709056365048
-0.1315820364498972
-0.4853394387317409
-0.25429711606865313
-0.08899600497035998
-0.5509331415998517
0.469189953111282
-0.50929129372059
12.350573219667794
-0.5135928753829107
-0.5647995954686793
-0.5727104116185053
-0.08468453732422687
12.322299428467547
-0.036609599724429565
12.317189188430516
-0.20984740932228607
12.325744528859909
0.5865348830974075
12.31222697034723
12.306101972948028
12.361940929813937
-0.1021305438191441
0.6507235130551599
-0.1099971219640331
12.304812218234629
12.31703058824132
1.4781770578113114
-0.5122964035361612
-0.11460701121009009
-0.23536150889933471
0.4832218586332082
0.6271725482434242
-0.5182891687050823
1.3219526171751568
-0.5145354886876312
-0.14445610553577592
12.356465803011872
0.41870153872600646
-0.5401998672308291
0.45018110946431866
0.44975541631288585
-0.559076758034151
-0.5594404515463418
2.225280777153292
12.284049311812744
-0.07152222752940973
-0.544726115394494
1.4663971793644208
-0.5410292022166259
12.355892591849337
-0.5479204215282878
-0.5650470522310791
-0.48850495875317024
1.488327478884351
-0.1610398261257614
-0.29320445669692974
12.351918312302212
2.006841976504169
-0.55861224927156
-0.5533881817048054
-0.5519248593534354
1.4360964632040347
-0.23269708038018966
0.29196165324202294
0.6461966137677962
-0.5296934949776739
-0.5105820463380466
0.4072723596534007
-0.0934692409712431
-0.5229782065739476
-0.1072795640813703
1.4903916588929476
12.34596841232054
0.4061621839171512
1.4883284603006683
0.6038460891071475
0.41690760165198526
0.40237734321954544
1.3958908794785108
-0.12081788021306161
-0.5761850766830656
-0.5145173251774747
-0.5145314792508243
12.34000265524964
-0.5269812489639703
12.359580654843672
-0.05053474101974398
-0.5260818168325809
-0.5440437854598295
0.40997119546366423
-0.5432119972270026
0.4309694884405433
-0.5112599478997195
0.6217941060038794
-0.5628858468482172
12.356268964580728
-0.5475009488004446
-0.5718154138591988
-0.5606404315022449
-0.06615420760109592
-0.15425186682809178
-0.5484251814657485
-0.0764928055365921
12.359088171261252
0.41261564788407035
0.4679652765325548
-0.07202310089359754
-0.12663162444687093
-0.521403210346619
-0.4764540838016089
-0.5854155792952256
-0.11072482176817777
-0.4987822460121618
-0.0766343978352485
12.377508704607049
-0.24347783071158158
-0.16345279218389563
-0.24858671108912056
-0.5185065010253763
-0.5602142896062803
-0.08341615515500855
-0.5037714474206003
0.4718959174686308
-0.15028824105540461
-0.27312646930103623
-0.5149114351326504
-0.5254169795040856
-0.5538885313744906
0.7652946853278007
-0.5556410980646225
12.365113979179053
12.283755151664547
-0.503331752121827
1.4878942973414109
-0.09940650852932986
-0.21357805870619195
0.4511717132163877
12.307709032746883
-0.5563247406981304
-0.5165886828720784
0.6164319014084815
-0.2024527662131438
-0.09012851998378946
0.476055610227464
-0.5250835252571431
-0.5083570529381745
-0.5120407874851334
-0.4689711284338396
-0.12599318450459518
-0.15172945366050572
12.307840839331092
0.402082690094409
12.343640541401761
-0.5593989719912347
-0.5545665542510616
0.6246685994911162
12.364203008823104
12.292166454809678
0.503294461752388
0.6349603889033464
0.2735145270697241
-0.5202082906623897
-0.11517320955997712
-0.5190916472179075
-0.4992861877699444
-0.16762227974169364
2.176181300480704
-0.5605751887801776
0.28763372282029476
0.772541190193676
-0.5481294800994037
-0.08969803147419075
0.5454332801567832
0.46248460412577796
0.4461145379896996
0.5088390239890406
12.320446889522362
-0.03784448289163056
0.17808736041889817
1.4304851490837271
0.42072294674454835
1.9652013575262035
1.4325984912157756
-0.5679401341912984
0.4326811995412436
-0.5840521793021509
-0.20382614230222107
2.163495988918306
12.264273712592317
-0.14839818354986944
-0.5227396490846818
0.6480675501512683
0.8943834159509769
-0.5608578208659325
-0.5015671131084412
2.293940227896381
1.337742679449185
0.38720144684944535
-0.5149731822379238
-0.5589551521480487
-0.5543251826210718
12.275483301764426
-0.5499163555604976
-0.5629958221573774
-0.4838327268416298
-0.15027766168922096
-0.5415749842357693
0.5114453619362
-0.09959167161898208
-0.500407378145953
-0.09821818012240568
0.014269071811639167
-0.0645358563100924
2.0825111242567043
-0.5532000089482563
-0.6058454881689185
-0.5813973112002067
1.9942966824794588
-0.07971560772155939
0.2811034267907334
12.33273733204134
-0.5633689879332778
12.336454918022147
-0.5420110243172997
-0.047187380141858304
-0.5272898404214399
-0.4405499238185615
0.4755067933384436
-0.509806230497329
12.346587026091836
1.4576088190458256
0.2946169029170265
0.4885649691549645
-0.20481593160536138
12.32722149609908
-0.5305359529134164
-0.12576502002200018
0.14594785149604617
-0.2877781258451657
12.39408873650075
-0.14348431903318337
0.7786035794949926
-0.5579679385654576
12.340460384449377
0.606856392892562
1.9227828903439088
-0.2915504415754593
-0.5540013686870495
-0.5230744848871525
12.344811579445366
-0.5347207981578962
-0.05316334490405206
-0.11370596736349226
0.4141850370034039
-0.5759415477179466
0.8828387896919967
-0.550117374038118
-0.5664460806756424
-0.15769284490417712
2.151400518222778
-0.5116780208949203
-0.5609974961242209
2.175613761182325
-0.5696330923745837
12.348407691897343
12.362588843944241
-0.6097678598914589
0.8044073488846285
12.320519346373441
0.8033976348726235
-0.5107805823039488
-0.06814215616166397
-0.17166111055012367
12.370231356324679
-0.13514992833406791
0.46636925600915347
-0.5296839847632091
-0.5159142163536424
12.37553329257774
-0.5284408100653892
0.416222587223694
-0.4669668927864844
1.7511628681709803
12.389463812941088
-0.5302074902731437
-0.5808011488751149
1.4920284329744995
-0.0617576711178589
-0.5343698346446357
-0.6172576332368036
0.5894282098148016
-0.519736519359675
-0.5378348105666959
0.16439501521017652
-0.16000908822723114
12.289669400392729
0.7716287697581593
-0.5055989844165497
1.76503581716464
0.3942138878449042
12.321208348524577
0.6466241882481247
12.347174708804971
-0.21813079893402365
-0.5083715680565025
12.35453325782802
12.368805021235747
-0.5090194997451707
-0.5517125676751586
0.481258749081819
-0.12089012845379865
-0.2763281627713654
0.4498382110645087
-0.24498921122430295
-0.10919796565929263
-0.11247091291607325
12.366937899748569
12.357166103419537
0.8078219817208668
2.0852705657290493
0.8677269569062465
-0.16394176388552884
-0.5197434052406511
-0.11866476625178923
-0.049106084310471254
0.1588617037401583
-0.1624317701303517
12.377559656127538
1.4842327656781888
-0.5327122101895703
0.3968470069782093
-0.2818492729857348
-0.5102141615783106
-0.4917712681828893
0.5172768236383072
-0.5259962490154294
-0.55672701567771
-0.07524985332824952
-0.04416583930378315
0.4814767075962394
-0.11221814238410677
-0.5342777935225838
-0.5488133104777613
12.310654784456375
-0.5081055997192903
-0.5602508947138354
-0.5454636540317179
12.34151550462234
-0.5561592502785115
-0.5208243871552154
-0.5200821976123031
-0.5158092746462711
-0.5543163091619399
0.8461615566758491
-0.48580047927990455
-0.5277940258506093
0.8191803414088344
-0.5526559519279324
12.304854453889543
-0.555395190985982
-0.06707615508142861
-0.5676380771446823
-0.11000015303092725
-0.20802187613650347
-0.5524731166486827
-0.5781424588257904
-0.4866908819160838
-0.12666568704869097
-0.4943858015234973
-0.5363526376797004
0.4476381587748339
2.264593585268623
-0.5256325465607354
-0.5249402193866239
-0.1331540677017986
1.7399747643366377
0.494837228615314
0.6300979379206678
12.39209458529078
-0.13502978444801228
-0.543933897851656
12.33840717824198
1.440911699809749
12.340434820811193
-0.5025373347477566
-0.5495547172121047
-0.20821273007393348
-0.08944853524143559
12.359046211002688
12.35285391712016
12.350130252866592
-0.12646959345462727
-0.5575892017998921
-0.10855159730027475
12.377603885287796
-0.1040527755684798
-0.4810838276459939
12.343925030790865
-0.5286345841902482
-0.5623319132327254
0.43750862485571407
-0.570720709959625
-0.5353595010973121
1.3922594971214448
-0.512068804123657
12.395485154406781
0.16004090257199644
-0.5647209775841517
-0.4980489783966484
0.6262549466276863
-0.5585086680635104
12.336888242169833
-0.12129544649042545
-0.5188695503133146
12.361481915459294
-0.5401221195157182
-0.06184926950517389
-0.5760410445832779
0.5930888213298633
0.3800692628063669
2.195711191403793
12.30992077879137
0.5993720902974109
-0.5050566773404803
0.6304954141981007
12.304068340557892
-0.5665357280481857
0.5175502590562229
-0.5087393291257241
-0.5150707597206865
-0.07788734864083124
-0.5362091460769055
12.363494575497427
-0.09211868399662593
1.4319102215597626
-0.5315505784788542
-0.518331974548488
12.329320077820924
-0.5257391666298646
-0.028789698073981462
-0.5114769939476764
-0.5551207577741775
-0.5187468791759595
-0.08779308950908471
1.4466205812727244
12.349172316874132
-0.5206260985121878
12.386813557126253
0.43185436550007084
1.4051343176670659
-0.5243241084506007
-0.09782494072341674
-0.558109378875957
0.8238992972896231
-0.47118005488711323
-0.5224589314209969
12.309942867996053
-0.5137018502649149
2.171675360638971
-0.4617470373176641
-0.10288032867556052
-0.5486953164381149
12.378152061866942
-0.5359019412087234
-0.1188325624673624
-0.46825333425150595
-0.5503556028200599
-0.2773699808899901
-0.5203379508975328
0.6326340629428043
0.6283301564728235
0.41785047732463365
-0.525209531450855
-0.5217677687793196
-0.5519592211427359
0.4746402262762781
-0.5592760889219253
12.334271980970648
-0.5180336670262258
-0.5965337019922824
-0.5779493762919525
0.6101293783272667
12.246541522383485
-0.07141818195774907
-0.5121823216367507
-0.5679159588835535
0.7591265670116792
-0.5522822081086912
12.350495096682623
-0.5600845126108773
-0.489025951285985
-0.09481704867090635
-0.4991198518271859
-0.09825349520441995
-0.27461571522342687
12.29767313085896
-0.47947901917417635
-0.057274586157563534
-0.48582079307037673
12.33927321101842
2.196753635546027
12.298218569552565
-0.5011241378952946
2.2394641603837444
-0.5033317535149562
-0.05190196652284296
-0.5138459397115757
-0.3168947349222324
0.6229936873245572
-0.54994429776684
12.3485832811827
1.4275372042827033
-0.5194112302644137
-0.5224946838855153
-0.5309359511087486
-0.49397298874030626
-0.5557573373403276
0.4683402359009814
0.503755015122014
-0.11326342594717465
-0.5164670668545949
-0.550382247895556
12.395273931709625
0.865371892368177
-0.5480102513473597
-0.5573928451421284
-0.445164667799517
-0.49344495089616436
12.3358500464435
-0.055733785978087536
-0.5612065536238511
12.390368781676958
0.6412170137676401
-0.5108504101597624
0.4258926177433986
0.6267259787436407
12.34382663862578
-0.5536918075042616
-0.5150669343644378
12.33164926177592
-0.5228192164126584
-0.54509274333494
-0.5136158896101727
0.7573515187871434
-0.5067437529243172
-0.26797331574335403
0.4554539104237352
0.46081929650239783
-0.5524222886317297
0.4765843906463625
12.339069029189698
-0.49831429525740834
-0.5160602627000587
-0.3015439700917597
0.4821099794570396
-0.07275631005449501
-0.5327502520149463
2.0939817944540042
0.4875517950718007
12.32651593095009
12.392144142490507
12.344667841378689
12.287061121704197
0.4928470834372132
-0.4942715150823156
-0.5184031629399165
-0.5613015760007483
0.423808296630912
-0.5451293367339066
0.8482621092812096
12.284334181402343
-0.5504910099447525
0.6223907381577438
12.379713558705802
-0.005267562604694187
0.49181299571729165
0.5512349611591234
-0.12927917801317979
-0.5256856638565729
0.4541428449150555
-0.4857733233136867
0.44841606789068233
-0.563244225867966
-0.5673161481935094
12.375793884704095
-0.5013874053358038
12.350394132713056
-0.49064529489101016
-0.5147098678888107
0.42580870210431976
-0.5023308200278483
12.303076689308913
-0.5199430401808485
-0.5817719686851563
12.36642973200819
12.294839471025956
-0.532756609520558
-0.5327414148859732
-0.5268758291914353
0.625783894800566
1.3608923999472866
0.6393180953216343
0.6207281765106027
-0.5492788700072588
0.45072755281498433
0.5288466835087138
12.312548809605826
0.3899986403982054
1.433084920360754
-0.48669271092554145
-0.45687121412072806
0.510345796330292
-0.5386034384775504
-0.5479541021320586
-0.5025886452399844
0.6117192551026218
-0.5306751751493521
-0.21080746359911373
-0.5656159679980692
2.219231020813408
-0.5105473254346948
0.6246300060430425
-0.24088253574923435
-0.559302847575475
-0.523464308664405
12.39559958837831
-0.5026615904743523
-0.5540074763957992
-0.06807898860640615
0.6089884215833334
-0.50588687969274
-0.4805219994040838
-0.5239036604547185
-0.554590402038562
0.6104374732439574
0.45386517909564383
-0.5154170935537892
-0.572317342054897
-0.5612823276654165
0.4059143966828538
-0.5608607090518352
12.27959726803844
12.285267683038468
-0.5339519421862229
12.299118434966386
0.7817208182029086
-0.5622488667325147
0.3702189352739293
12.315525080393686
-0.52284607480632
0.6402163909739842
0.44655086595849514
-0.5461319060634608
-0.540709736385811
-0.5485961180152619
-0.0682767809183884
12.400518706885784
0.7530257386447847
0.6144412755375367
12.34252048402312
0.4886000464495337
-0.5499742704862403
-0.11842994556400144
-0.5248640135586484
0.4413694987448167
12.362863565216596
0.5798887391379035
1.366252938926407
12.321381320020862
2.213507341688088
12.321316246127727
-0.5277012507043801
-0.5529006017910373
0.5024197701769548
0.4666044234132505
-0.5445596847128451
-0.5166217467316646
0.6325913723679287
-0.2705356126133268
12.315652261873714
0.4623203863356493
12.333221828262658
-0.48240831427223496
-0.4789723443036906
-0.5421926621434765
12.295233513457516
-0.23250678804367841
0.47792192491979923
1.3422291836627014
-0.12458475688484816
-0.498836469772861
-0.5546361857047415
12.318251497142374
0.8152257556232372
0.48430502482797344
0.4839363195637756
-0.517768685086027
-0.5292449131936426
-0.12508468372191572
12.327408451841759
1.3408081012733952
-0.5566403441834591
-0.5652195426623137
-0.226395037487661
12.34514879448658
0.6156047036218852
12.382645078001262
-0.5567089178520799
-0.549585436136535
-0.5455849803562873
0.4210011954378896
-0.5252252167996567
-0.5540720033830424
0.5973923816939734
12.326569554158333
0.6326393012391184
-0.5268390123844902
0.588178792372004
-0.5207411377880037
-0.5220122305568243
-0.5662937219739058
12.328599310260827
-0.5141194219188315
-0.5419299196332623
-0.5721105301709573
-0.5302733120217606
-0.5970556412487595
0.46127350846548243
-0.5779279719719629
-0.2221192986573901
0.62816881417576
-0.15856746413170542
0.6219417980714791
0.47430244374443364
-0.5483621754345002
-0.5036150554277012
0.8418378904428901
-0.5060291864364173
0.45519616368229365
-0.12740246129422217
12.339725184057745
12.302256386619225
12.403487888497356
0.4574817023264359
-0.5339570735489279
0.6363155002481145
-0.5396867290830094
-0.25016205658857393
-0.12319469870821964
0.4598920947541352
12.326314829567991
-0.5519228795210709
0.4245224581811682
0.6530628937376112
0.4353643313741118
-0.5086429413338109
1.4676849974437431
0.6485799841279305
0.4824672209733971
12.391833115431679
0.4544394390035795
1.384986820556373
-0.5482574166490707
-0.5479183147181221
12.346093206969856
0.42980025737587124
-0.5585865661676217
-0.5592533367455478
-0.5194950020216271
-0.5484206150183988
0.522244117966062
2.2438163290129625
-0.5650635220103903
-0.5447545593879782
12.357096434162456
-0.5063336320670111
-0.5429057070412526
0.4276526208526046
0.6269310962252184
0.49100838967927585
-0.13435745791752318
-0.5473030110672923
-0.4946841931881393
0.4029153927825666
-0.5162839991467287
-0.4561676383066692
12.366864439087259
0.7730635821936738
0.6129782558688699
-0.12501091666980457
0.4807787805720196
-0.1060589863981386
-0.5456648901791525
-0.555792843710224
0.2970277037578422
-0.5659344891107234
-0.5115566415589012
-0.5434408444525023
0.6337531616949439
0.614990102098201
0.44864628391566796
-0.5620162933508286
-0.5482614989219958
2.2876183679194892
-0.5945258716199446
0.42541995774944286
12.22775300403487
-0.2680593364520716
-0.5477427026951236
-0.5196245001716118
-0.5148950173933
-0.4281021148549268
12.336826262307607
-0.2009699418974603
-0.5572419386753072
-0.150489382664299
12.362650017526178
0.5104911030713273
12.354372060634454
-0.5191611559048485
-0.5258269868214387
12.366526254584166
0.615848574656407
1.4531226671138064
-0.5196508809264576
0.45094855351381247
12.303545241993453
-0.14532287625291906
12.340798466173005
-0.5056480708518121
-0.5473806979196164
-0.060262226035801336
-0.5127614625365977
-0.5479172372578471
12.31255086085349
-0.09095939787656893
12.27847761428729
-0.5086106147133678
-0.5590688662295662
0.6194596513397329
0.4659284752257029
0.44176178702077307
0.3782555726175483
0.47046136868121313
12.287812662657652
-0.5196635241219729
1.785065279261928
12.335601614177595
-0.5242827236335771
-0.550569181442053
0.8251099732291085
-0.09237051526121032
12.324020095455278
1.3544196278392935
-0.5528199991231553
12.313465525577703
-0.5470696164316212
12.327004119061844
12.296566841664017
2.0272743315218062
0.47434899464891744
-0.5084360357554959
-0.5383132770603211
-0.5552189978283778
-0.2393334843589463
-0.28119110168177475
2.2544585648821793
-0.08934831980358393
0.40766047665881033
-0.5635916177172497
12.30425971503798
0.42053906944711517
0.6410712795568158
0.6443743106538586
-0.1739800938185606
0.492317193232751
-0.5426680694660783
0.4331346578153654
12.311648082224888
12.303033455612107
-0.5250299904175186
-0.5099361139358425
-0.5258028409065851
12.31041679961134
-0.09981772900591279
-0.576141855932679
12.346455161583467
-0.5556639862359218
12.30824471393209
-0.10917017573010845
0.464653904052039
0.42174633888883073
12.395019829388039
0.8278995194071113
-0.5802242450115708
-0.5543945080107172
-0.18205839866727602
1.3624131498839196
-0.5137964395246741
0.4462757754845883
-0.4948395496466732
12.369071500497375
0.4679824017998533
-0.5520253956684013
12.336200774752912
-0.5219486501936683
-0.5375633248466235
12.333660796612445
-0.1121616622795144
-0.062437445921812995
-0.5202284994204117
-0.5010241146854899
-0.5574711908659786
-0.10335276628942014
-0.2117251816730068
-0.22197228651128809
-0.545231824739458
-0.48075828439549406
-0.4651453683684511
0.4434925653349193
-0.5511106906844782
1.4320435224471069
0.42129991999449334
0.7897668642996524
12.315343123454216
-0.5641589052928749
-0.09214459703142386
0.4721089017391924
-0.11656597980951466
-0.46011037098450513
12.268525911566229
-0.5440257878906387
-0.26458228755617985
12.388773602809366
-0.5058584251057552
-0.48390914265129337
12.352280234215046
0.4750266775072023
12.284787574621232
-0.5607018081292954
12.397699172456493
12.335251881705641
-0.5175595570857681
-0.08088666215337681
-0.5441014200467112
0.596203434304891
0.42642572235289267
-0.0597959754246874
1.3464380787959707
-0.5228890768863199
-0.5132792402997015
12.31469195269311
-0.09900320590969591
12.34882255736592
0.4828015009973263
12.337576892789023
-0.17147377516727946
-0.565261535347407
0.4079127703487968
-0.5092228331239975
-0.5744352086203168
-0.5517460950796746
-0.10598410661523106
1.3889972915405435
-0.5463760452322062
0.6259003741926507
0.6399388391884778
-0.5755947511371492
-0.12391811407190023
1.3529597754686018
-0.5513929519958357
-0.5558144159695317
0.8666928202195322
-0.5264609016221791
2.242704557290416
-0.5128758215628366
-0.1336881919871189
12.378298497646451
-0.2562689568835208
-0.5116682089194251
-0.1780739649422154
-0.5144607735600438
-0.20748025266114123
0.45661052614631137
12.359862040149775
0.8186796364823378
-0.054685344263189606
-0.11957463031144488
-0.5116924847555446
0.44421084947953604
0.5916197296916087
-0.5470529504539396
-0.17940410903195236
-0.13619771237388356
12.315557828604879
-0.5643257450673071
1.3545361009355004
-0.09304973353255475
2.3316346942475015
12.333172049881455
0.45453498127395475
12.324928199787715
-0.511894973131669
0.4475281667686857
0.5972635425666403
12.305429704174664
0.4332372222710228
-0.119385491530689
-0.5732786711533557
12.36823959266702
12.340790495550959
0.5965461463558188
12.295778779469089
-0.4890846955130661
-0.5578078035650375
-0.4856110216083538
1.3504136927033856
-0.5126084769466538
-0.5286753011235317
0.465223956222401
0.42133097007440345
0.8317615001615983
-0.1455318552199375
-0.525793195414435
0.6430010459507746
0.4843086792844318
-0.5158706927122629
0.6227278417836022
0.617948557823557
-0.4938082141578105
-0.24553115681170756
-0.5005732033278123
0.6174942590773287
-0.1329283159684096
-0.5501844421259938
12.295153029053953
-0.5320668575726122
0.6262102470545226
12.3412815144985
-0.5371753916611817
0.4661188520896724
0.48220369516267536
12.333323270942053
-0.5349190899125142
-0.5614399084800685
-0.07249514733098195
-0.5081358163911569
-0.12268736952757198
-0.5201311965428084
-0.5498130102624916
0.6180742334235972
-0.18752908236017451
0.6085930536116942
-0.1287437411079455
-0.5134796567956941
-0.20398517281615192
-0.5217385436153978
-0.5387066070075862
1.397772644447098
0.46450061920454266
-0.5927406687299489
0.6127176484824783
-0.5972361386120237
-0.5159129221141601
0.6678229566780193
12.318114003335406
12.310267223063827
-0.5314805386663708
1.3523461137979869
-0.22779501594912221
-0.4960380612786458
-0.5619304868633236
-0.11839599662526801
0.46240845445500467
-0.5476529275364947
-0.5605564750961098
12.294658738613235
-0.5146072443696994
-0.5426626992710684
-0.5520876549399698
0.45848101173534195
0.611564970187473
-0.13715952472556803
-0.13395285717420657
-0.4961673273103515
-0.4210815618786692
0.45096849318887533
-0.10265172370871734
0.8062437647619123
12.25984781537612
0.605893940030773
-0.5197805031154179
1.8367492916746782
0.5002407731133678
-0.48301364142923253
-0.5012872537877588
0.47047741232731877
-0.06634549614286034
-0.05974616501884633
0.8152071244147027
12.286919508435467
-0.07597036656939604
-0.5509290400393653
0.47064562593588377
0.43117324573519134
0.8385367922509631
-0.056256619686633313
-0.059613019989437244
12.227620114162285
0.8058489177479007
12.328187477304091
1.4576352303733617
12.393070549511918
0.4287882226614774
-0.5231601882773278
-0.5552184986497675
-0.1392519323864705
0.635568265952111
12.32400135000966
0.5570882473248553
1.3360821151301856
12.328997694726505
-0.4785570555939709
-0.5220756386630229
-0.10824052688393493
-0.5135265547466243
0.4211905464334078
0.7519276171987995
-0.5235959496570353
0.49798331944596086
-0.5347465509066596
12.360852287384294
-0.07528029350549992
-0.2499603279306024
0.4260867417987457
-0.5256044127436805
0.6337397504614297
-0.06858088558175834
-0.5141301775580157
-0.1710343726739978
-0.284708985748227
0.44812007632136
0.4427806166163708
0.39420842200362993
-0.5362833269783487
0.4640258763722047
-0.13942679784604017
-0.1322781615694354
-0.5446249932821328
-0.5268698890487167
-0.5634449278402271
-0.5158668587609814
1.3584344072989452
0.45538340052411663
0.6355016597613
0.7966412936758962
0.473384975925909
-0.5254818544675888
-0.1325375880467028
-0.029118854599871735
0.4154699105549715
0.4098738221361622
12.32868538599221
-0.5622487118004715
12.317975477259875
0.8006208782675899
0.6278022149160195
0.4335685065062169
-0.546130450078212
-0.06700095721908306
1.9566010891487489
-0.5288134895019749
0.7869853799338095
-0.5438290081648074
-0.07188716882914403
-0.5386294226442336
-0.5468288871976332
-0.5519877090291516
-0.12857588781205542
12.26611732227378
-0.5654648583962697
0.6349813343256528
-0.21771248719155467
0.3842058266870503
-0.5390093678027416
0.4459829227087031
-0.5045959547291844
-0.1315499672896887
1.4282411283670358
-0.14910821670044894
-0.5057263111416757
-0.19011091701765126
-0.49672747317903276
-0.48197792415663776
12.320827105043964
-0.5506063128718275
0.43992519560479204
-0.06995506874215873
-0.5208907789154058
0.6209737534885167
0.47493861083683786
-0.5118290249139279
-0.011580474413558695
0.44404367851050397
-0.495701197239246
-0.5604582811007706
-0.5438352703413238
-0.4989393601827624
0.49720211285842364
-0.5582470590536946
-0.5750948297145415
-0.505691862080637
-0.549298124867547
0.4121567434105122
0.4878506975843542
-0.5177179383832167
12.327109270306694
-0.524975423159405
-0.49137484946632903
0.4801032831505525
-0.5164972922644808
0.48302719421282303
-0.526348639104327
12.369470030434071
-0.10277623817972281
12.29830721746908
12.283711442930233
0.4372459574527017
-0.24969330509276788
-0.12917710035573748
0.4525291157359985
-0.5268607759087123
12.38235460066399
12.334986109958741
-0.5449921621092091
-0.5702623057493663
1.4736242285362027
-0.47763395539545905
12.346855949189074
-0.13101571092700404
0.8210035321860979
-0.04636606778552799
0.4708904536364569
1.4833193298526703
-0.23881293834130723
-0.5074963810317581
12.355293210106836
-0.5018474249804776
0.43324793007790063
12.353231983170359
-0.5397349608432852
12.285639739664326
-0.12239254679235478
-0.1799578028672858
-0.5225052806730429
-0.2510063880770078
0.41073971038652246
-0.5175943346334922
-0.5470060417191732
-0.5178342407662093
-0.2133793999364254
-0.5205379481083131
0.6201450769807003
0.463780861356597
0.41812009173733244
0.44403513129252925
-0.4971980506874456
-0.519469855153978
-0.5704441218820886
12.34319076056699
12.392664922773617
-0.4807477723196315
-0.561598149656706
-0.2657708656981511
0.4304758423022439
0.8147926645192779
0.46560564806359483
-0.5488286114436982
-0.5144451010075856
-0.5104966480331544
-0.5194713876374256
-0.5547172998177512
-0.534324237298489
-0.564605625252296
-0.5189677340466256
-0.4871936823744828
-0.5589048682584927
0.8251350788505019
0.4401933284703161
-0.5544103628904189
-0.5137289770777218
12.31803143872963
12.352844424784822
-0.5418745838020174
0.8261371067266035
-0.5579009731906974
-0.5449720034314154
-0.5545882986150641
-0.5226784535287182
-0.5102097431046225
-0.061357754074117365
-0.5221588309903781
-0.5440951881651583
-0.48958844929384693
-0.11220422292728538
-0.5510822115604912
0.44772437578496227
-0.5364761079174718
2.030782198243636
12.322996572485156
-0.49310520987231954
0.8018850716874012
-0.0641336555612323
-0.5039174594222464
-0.5211649692652146
12.289232248964264
0.44254733041760885
12.345624485222611
0.461704000647021
-0.5119913514175807
-0.05503281280724237
-0.115750232024044
0.6412856314264178
-0.547008805309245
-0.5552629015324293
-0.1199142188974609
-0.5548397022673843
-0.5398692403517367
-0.5653794095981162
12.344363732376191
1.375393471302681
-0.11797407641388569
-0.0730059176789829
-0.5540394409820127
-0.5540373194053018
-0.23578846180388424
0.4557289563505089
-0.5166759338321452
0.646994621771553
0.4459021133036578
0.6243664823460634
12.3610115409684
-0.0655102309858202
-0.11335617922620145
-0.5477242823664646
-0.07943049378066835
-0.5035250800107751
0.44761471117557283
-0.5708271518010986
-0.5035714119391803
-0.03778667322415208
0.6406530859105027
-0.5573531008201943
-0.45324667625792314
0.42631325676167764
-0.5051757190422252
0.8124695565108506
-0.2378492970003303
0.6366119468915433
-0.5562523144477045
-0.11583895629961005
-0.48621950525372826
1.7736639396988618
0.4483913626812184
2.105302055190611
2.0237825363786572
-0.14885859231306986
-0.1341234067685827
-0.04847323784379087
0.7920684119006691
0.6511990251012753
-0.17958845450816519
0.5236000548251167
-0.1479332705115135
0.4380842788184023
-0.5787582174031475
-0.5619889772662086
-0.5416568176036627
0.4576745839834466
-0.5070609725413735
-0.5633191339631313
-0.5719845908993356
1.3701629373083628
-0.15692349089835067
-0.5428534864897437
-0.13645499195652466
-0.1293081570721739
-0.5490795148877748
0.47461580808633297
-0.5009626972691692
0.8443189919736988
-0.05262224297311502
-0.507264450577285
-0.5347832824327086
-0.5656964304750804
-0.5178104583906269
-0.588934047825332
-0.5517202972904147
-0.10254038839277058
0.48755386867187367
-0.12531574518925392
-0.5463848281715752
-0.5213261961337216
-0.1286466267654004
-0.5863720857356455
-0.5431786240710708
-0.1909923386683362
-0.5439692346717476
0.8909298961304218
0.4477406121265468
-0.5311266125249821
-0.5588311364392999
-0.4940422209181514
12.334110672778454
0.47499305447517504
-0.5330725403348198
-0.5072940874741629
-0.556389879824885
12.31802085278806
-0.09778883308546749
-0.5447591725895863
-0.5458798648614682
-0.5383563744739659
-0.12695570073936424
0.5718342432870493
-0.1010191758457123
-0.5525059044956995
12.3233353199142
-0.4868018672559883
-0.1149881647627975
-0.20989524017925187
-0.18216852098792513
-0.554632345993128
0.4156576572579531
-0.05624133586461999
0.8834632922500555
12.327744819570654
-0.5449726645136064
-0.542386649765394
-0.5608417175480799
-0.5690140178449244
-0.5197620313365889
-0.5615785939039395
-0.5093805734176649
0.44096868673430145
0.43337468926720013
-0.5216863330880706
-0.5304130796879876
-0.09082339708307308
-0.12317220025235354
1.4654603892376232
-0.5584275680308941
-0.547733519943534
1.3451380018899526
-0.5083483384476688
-0.5037543152659258
-0.510227598393453
0.8733451318952427
0.8530055238691117
-0.5383394222542666
-0.09652385951364095
-0.10311303573841868
12.3400375560322
-0.06457911997723476
-0.5502876425065611
-0.5586956578110744
0.6254296519816538
-0.5583581715922105
12.329071488656076
-0.5472731026638491
-0.5550445606405834
0.7483815671083016
0.8708783676738634
12.333858691045895
0.429386087172861
-0.5092994667559703
0.4734269339220285
0.6187559796133453
12.342062008524568
-0.5522572733563293
0.46212184214202834
-0.1232491924269119
-0.5253637048136498
0.445830587770613
-0.4969869992029159
-0.5646867632503201
-0.5566661807296556
0.4555366167684203
0.4499137894967471
-0.18376923421691505
0.7688531874004164
-0.1731591794176417
-0.5527120788871909
-0.5308275643551081
-0.14803349634520369
-0.5211686990731239
-0.1817174833003118
0.4263406186490828
-0.5208646104251846
-0.5580844511109462
1.3609204861756576
12.365205741693115
-0.5350195177275965
-0.05088875940290161
0.7626521131321651
12.37193539122072
0.6425354023979952
-0.5264453479160193
0.616164319354201
-0.5131853693554
-0.5405787106430929
0.4500906914982086
-0.07217655877340134
0.47957100985056944
-0.25962583668111316
0.6364037924704393
0.41296163521391205
-0.09590521289481524
-0.4827841530970768
-0.5615604605426111
-0.5614681254702045
-0.49556310356539135
12.356293242689471
-0.15065766043708262
0.7628120716721856
0.45529077577154453
-0.019051714749598436
0.8800450843893584
-0.5545784099806962
-0.17394903069096723
0.8478119160326036
-0.5369163079484556
-0.054505708092894456
0.8282503639626294
0.8634198796699082
-0.5271455489551543
0.42390083828678327
-0.5625103650971575
-0.5525437450155801
-0.12779429929025232
-0.5417151435582415
-0.4866824424568763
-0.5558663888756126
-0.2505279426306526
-0.15872093606510462
-0.5566891111753322
-0.5035607249975901
-0.5138771037465006
-0.11463814530816463
-0.5161099369868077
0.8777621964215525
0.4750961914512315
-0.556147117881892
0.46572939144523695
-0.5146290165466445
-0.5381924650473623
0.6327881825000319
12.290831417886562
-0.040617540092722004
12.291448156605998
-0.11189360969560691
-0.4717341117694763
0.7694797425753013
0.6082357262803229
-0.5260450830110783
12.359066705247102
-0.5487079201203542
-0.5516194273038681
-0.13363203783394006
-0.5364957733788611
-0.5467757471940274
-0.5190945938473128
-0.5224516354374594
0.4759690745773202
-0.512248446024167
-0.5597178790041764
-0.5457366689708298
0.45355957986456286
0.6729225926162813
-0.1257382594390254
12.352078989368687
-0.06810283178480969
0.6406688190291001
-0.12425924676689737
-0.5489563882177813
-0.1318887833323018
0.8572982023930403
-0.21330163714935013
-0.5475374520571766
-0.08801516903057072
-0.5572775055453616
0.8701596773909356
-0.5417508877867061
0.6404872985243748
-0.08841703847296234
-0.5566100053768195
0.8915813911927286
-0.5596434462874733
-0.5571706460555167
0.47635865418888224
-0.5497553680343874
-0.5324705366788824
-0.5423216168577699
-0.49277879438229977
-0.1353061048582057
-0.5583646739686035
-0.5625046319781962
-0.5553859472394436
0.4805767152573963
-0.5462787511843048
-0.12887778976450204
-0.5452966553752173
-0.5447421926735037
0.45510104862179035
-0.2599192922822926
-0.1206148892891794
-0.05248725881616301
-0.5541719030574572
-0.5150773439993129
-0.11074992598061095
-0.5182553662682371
-0.5561950736812818
-0.5444838404822435
-0.5095748879993331
0.6343308156632017
-0.49075031638541
-0.5466411423893852
-0.5459562253220847
-0.13210920771199752
-0.5605130678293375
-0.5064393740558124
-0.22327792025205317
-0.508968846317464
-0.1128540132001783
-0.10728007537390327
-0.06993254247111003
-0.5491419615042674
-0.5506089241459936
-0.46847562624546757
0.8302149319363874
-0.009263723552247471
-0.5531294413946725
-0.019464733969639325
12.325758281098953
-0.5464936342034573
-0.5495281103649493
-0.5393835366037114
-0.1811475191388695
-0.1330098499669632
0.65528813214478
-0.14485818423452312
-0.5429270026858735
-0.5102519785842432
-0.5930075797773544
-0.5466883197518307
-0.5502691743837644
-0.060156610274779365
0.7614529472444572
-0.11548410649186591
-0.5621488950358591
12.300464456690964
-0.4971329895226714
-0.13129867831731268
-0.1340358267239392
-0.5625997843418404
-0.5081719247479427
-0.4843722393193841
-0.48380038786879154
-0.5459650559251501
-0.5515091905104985
12.289120636841718
-0.5080901096749237
-0.12276321293104042
-0.5493982054155812
-0.06443182165246697
0.7607676756449403
-0.548081505140728
-0.5502855300814886
0.7672255332583773
-0.5540405583309429
-0.5532744755314355
-0.30850061815256946
-0.1091492479388696
-0.10726330992261957
0.5022830800834985
-0.54804597270499
0.721714390007633
0.668367678845116
-0.517611069106438
-0.5447064343382142
-0.10188133008498301
-0.048800552926934415
-0.5447042609958419
-0.5346607201624691
-0.5196359576154653
-0.551903813814274
-0.5274062993273546
2.0957208388452853
-0.5494173185137182
-0.13514681692266495
-0.5503124437581786
-0.4977405717086968
-0.5585393481784144
1.4872340026891104
-0.5511835203961045
2.031817648301809
-0.5373395189113708
-0.5141136932780612
-0.5073359521660921
-0.5516614625823589
-0.5423028713940758
-0.12550252186522193
0.8551701745823536
0.6333784654813492
-0.15670534879562503
-0.07396604892342085
-0.5443630303186606
-0.5442748371071882
0.8076900824948843
-0.5369338970337094
-0.5477402777905059
0.8821986670258568
-0.10108453729837952
-0.5303057494973924
-0.5606033014984831
0.4890935259567186
12.254130233374942
-0.517127777481808
-0.1267001937205754
-0.17287293355294575
1.4421123826743047
0.4812796761603384
-0.4811385506290706
-0.5422721068704868
-0.4839388198424639
-0.11611559809051475
-0.11883007370086207
-0.5434017640662903
0.41678074365804374
12.288293308412356
-0.5146758232135322
0.8680720164577727
-0.5495618214859472
-0.26509700261485214
0.7636751054641718
0.4256843042912304
-0.5400869280641181
-0.5496255404702517
-0.13390957550289495
-0.2694457764430481
-0.12711611534234968
12.383012397020583
-0.10107638975186228
1.7646743486008476
-0.4856232948931827
-0.5214610796926852
0.3979945198657131
-0.5507005932757505
-0.541511631710095
-0.578645465964285
-0.5508846600665993
0.4470445096193094
0.4306929821353438
-0.10731688157783137
-0.5178852276331672
-0.09120917609565549
0.4717512745009511
-0.13432420395830602
0.8313002294127507
0.5098641723619188
0.6425682199730769
0.4680644131039131
-0.12314754201292355
-0.1317672449606322
-0.546304166073033
0.48606797313383576
-0.5565102717115686
0.7895678948480732
-0.546110453507802
0.6631997602660521
0.879297505883313
-0.5143181280355379
-0.5523724122000602
-0.5548287971137192
12.299093967080957
-0.5601908318626507
-0.1262232588399177
0.44627753892416333
12.33706475117272
0.7779978081622038
-0.561522956703697
-0.5156415461791706
0.5329081407266916
0.47178876222490107
-0.5476460506653072
12.247168821394805
-0.5408426701133213
-0.007837147945795486
-0.4611694289689383
-0.4991291217969718
0.8113828228736419
0.6450204590085453
-0.557994835002058
-0.1430121985920546
0.8365956074724705
-0.10306632689651996
0.8050376160521413
-0.48426758913668466
0.6548612897843368
-0.5482821722122416
-0.5249427706892527
0.8550018973236336
-0.4858209185136728
-0.5132261036644018
-0.5579121237096616
-0.5719852002518891
-0.5127517952184311
-0.5071744172175632
-0.4913227813538006
-0.5404327706994311
-0.5566060137474249
0.6522746104349044
-0.5546623113736326
0.46068675573082163
-0.07401096245235272
-0.14611866420402086
0.6534253586382872
-0.49343085324073666
-0.07958576394264616
0.8005694705474576
-0.5507995846532672
-0.12817496829299935
-0.5178761713693373
0.771742749542788
-0.5458650106914007
0.8443156483461405
-0.5487113031318487
0.7656172913713033
1.4071694086986097
-0.1684209210238613
-0.5636072022060001
12.33500797708866
-0.5458881396846259
12.32811749286659
12.32702632214439
-0.5179810698018752
-0.5220751845060524
12.319230586994092
0.8446787910370941
-0.5660732153506597
0.6238096191091241
-0.5475564166748008
0.6637842392370562
-0.5542879842157575
0.5080001295568333
-0.551278609316876
0.4196861927552695
-0.17397909205910933
0.6157233707988732
-0.5019188328573638
-0.5450377259812506
-0.507062479075821
-0.13521225387396507
-0.5602034261287404
0.82394902890856
-0.5630210380693669
-0.06574479483940032
0.6314886559964225
-0.5520176375084607
-0.5465351856607019
-0.5444108876295033
-0.11959219263077236
-0.04329184600840308
0.8912474117619635
-0.5464667022050435
0.8121591256799073
-0.11440495492453873
-0.1284238249778259
-0.1378988643541348
-0.54552743355787
-0.5272387233461009
0.8466464580941305
-0.5578300858892199
-0.045066636209042166
-0.5953783155335226
-0.5030898951677127
0.7958308262291957
-0.5527753255905588
-0.10169109652390806
-0.5557165398056384
-0.5183838146268724
-0.05815637692071085
-0.5396066998936213
0.6589085715154869
1.4235602325782113
-0.14050875723337952
-0.5742076344922413
-0.5019484015055458
0.6795773996451213
-0.5615796011560049
-0.064363269830511
-0.5057753636272939
-0.4947742331625543
0.6580545386845034
-0.5614663594895092
0.46707188405849287
-0.557875432250594
-0.5663919140497193
-0.0817602848853104
-0.48323236477099507
-0.12350232703392583
-0.5251541895591119
1.3517889992773526
0.8316067411778469
-0.5350035556000226
-0.5491238220068546
-0.5461367883337122
-0.5228906278458441
0.6205644145541425
-0.5942980532790543
-0.5510885520481601
-0.5008540607716182
0.8085023664393327
-0.5369390251923811
-0.4941922135911101
-0.541702513096977
-0.14792812454251902
-0.5311277046137686
-0.5976446538606754
-0.5607870425028193
-0.546536937190616
-0.09170155833493054
-0.04372990178042058
0.6118288535358842
1.3732304467919747
0.42894682061650213
-0.11474514259107282
-0.07147633605027703
-0.14079491583975934
12.350753645179251
-0.5500014203719066
0.844620739863745
0.22227784688137486
-0.10508680981695273
-0.0657800063322822
12.325638230079917
-0.5440073531497063
-0.12417678787282904
-0.19447079764726383
-0.5537616082632575
-0.5412726711189941
0.6243824822444366
-0.12436580855170942
-0.5659031805982355
-0.5460681035235857
-0.5622622311851864
0.8947907713296315
-0.496566751516909
-0.5494665566354073
-0.4851981436290793
0.6455251273878844
-0.5454215107630802
-0.09251219262612453
0.4282577758251518
-0.5146047763682013
0.661842900247307
-0.12803797538339634
-0.5497005320123087
-0.5426091509590361
-0.12254628258809042
-0.11426125934805953
1.3282060835674192
-0.10345342630751708
-0.52228602095962
-0.1745843227846272
-0.5082680451060279
-0.12625903699479912
-0.0011298937794412822
-0.12731970108291302
-0.5504407991785878
2.02876361789199
-0.48454179690139576
-0.07162050313292712
-0.5037469163349511
0.6672345957775279
-0.1077003176776683
0.4288360217443372
1.3630423491143522
-0.11572241521424464
-0.06903421407922905
-0.5526589289410102
0.46745196128527255
0.3287631208819829
0.20974548384576175
-0.13331336486858603
-0.555228965623322
-0.09514652808704205
-0.5722512380378144
-0.08020396460223667
-0.5466794141111713
-0.520201724329076
0.8042654895630756
1.3459205179188714
12.344729761687741
12.355237590207897
-0.5614097211567317
-0.11266414226428179
-0.058854465299645664
0.6139842202340218
-0.5153069223500084
-0.013458722387671762
0.6151259793245634
2.0845107536086807
-0.5395870281477841
-0.5442737538190829
-0.5558315903507569
-0.06346161047447774
0.8297375745418566
-0.5526911698080212
-0.560979723546863
2.1366324906227496
-0.536317301872683
-0.04691623639760045
-0.5562448986467765
-0.5367250632052216
-0.5345865036615995
-0.5401957790254739
-0.5538769735005847
-0.12219679224915692
-0.5533054108488995
-0.5369929526609103
0.6274187212642347
-0.5474530161164157
-0.5254210000620443
0.8290905325550124
-0.16287280165271256
-0.5701824958326586
-0.5042748704591227
-0.512324679694937
-0.551196510288521
-0.5555955326294839
-0.12230059705184126
0.8246131770017828
-0.56910155973113
-0.554716036259549
-0.5450026168645369
-0.29867951104034385
-0.06253233338536668
-0.49350439512359034
0.8139308620040103
0.4378969052014112
-0.48528538941211974
0.7583819420666178
-0.12218266451092141
-0.551234881895082
-0.5455569086729561
-0.5163425355221102
-0.07113502238561908
-0.5097892083583228
2.217667144816781
-0.1296943582804274
-0.51100242984493
-0.20497258158097975
-0.052765567168938876
-0.5623017217317312
-0.5360265814731815
0.6487310203523232
-0.5376319277134041
-0.5503672726164367
-0.5676009671583995
-0.12292401477312043
-0.13201588181843116
-0.5986077615666104
-0.1282053276763755
-0.5125602671829935
-0.5627751008556668
0.7956006992405958
-0.5436299680519572
-0.09662954409506508
-0.5484109990272319
-0.5411170690768263
-0.5369179397500381
0.8509237321992635
-0.5259068376783056
-0.5590898703597649
0.8145297691297658
-0.5622544110202892
-0.554060594527988
-0.5445895673521304
12.292803103816915
1.336046896741953
0.4488008289334724
-0.5192642663509379
0.8564679039799105
-0.48205719095365884
-0.5463715695020419
0.5795569790868456
-0.10982190846943152
-0.503563277566265
-0.5187358905157884
1.3217395347679846
-0.07915786173009376
-0.5442027376275431
-0.544981455684896
-0.10998720795643224
0.769719374842662
0.41493330680850105
-0.526144201223128
-0.5588570711448931
-0.10739770704593898
-0.5438096236005361
-0.5539359382998321
-0.02069367243805398
-0.5501936604001443
0.7872995465363457
-0.5514036954779731
-0.5595843230008577
0.8160619144532053
0.8587928061110397
-0.10910525552652584
-0.5491976359677224
-0.5217387531937143
0.8167177831359314
-0.11793392960686722
-0.5473423010964095
-0.5456367086331342
-0.4798016498057396
-0.06730521082519869
0.7602731531602641
-0.05991057325147342
0.42583551481022797
-0.5445758385021552
1.355321264509912
-0.5478935851952915
-0.4996680607269419
-0.5114641472585821
-0.13642856579155427
-0.5334529946423133
-0.5466914901424489
0.43663578727915997
0.7692437473225537
-0.057685089706912995
-0.07481537153974416
-0.5438218037275138
-0.5018636183851475
0.8364358546434663
0.8611618398688998
-0.5399148381649262
-0.10430173808304222
-0.5459869643179524
-0.5120855728131216
-0.5232955538075833
-0.10719202680939832
-0.50681141453227
-0.5508698609730349
1.6832071814613079
-0.5382605152540777
-0.5949261031075099
0.6096180352319186
-0.5660528409762993
-0.03966736102810331
-0.5443447325679238
-0.5450863386795742
-0.10125606190193104
-0.11393554279602236
-0.5467904704351809
-0.5601848208452892
-0.05869878813112028
-0.13050245094139312
-0.5171940461853914
-0.559560172575798
-0.5446973362933729
-0.49271740132440356
-0.5467441698564788
-0.4886776808356381
0.4262119017156536
-0.5444615198375342
0.8696167956822541
-0.12453719736940572
-0.5355709813232021
-0.4970200841178526
-0.5143711336829839
-0.5503006495062379
0.7703244025308973
-0.5435290331084865
-0.55252614660228
-0.12277422143151384
-0.08907336689657575
12.352957406732102
-0.5522961581814428
0.33089360324159006
-0.5651976451127467
-0.05547442361664723
-0.5080106194506794
-0.5632509421648552
-0.5117353054122462
-0.5485365033821016
-0.4932449432613345
-0.10493222161644422
-0.5584481910917225
-0.5181325482742388
-0.5183926844259503
-0.503644778181467
-0.11090286499950541
0.4367778911274609
12.31678951125801
1.3618362434364155
-0.5498990833268642
0.6250474673425325
-0.5475111904340618
-0.14258656337823394
-0.5473001778036792
-0.5464355307031319
-0.08533332382966974
-0.4789216423528868
-0.1297023961707946
-0.545811313807809
-0.5576205281008555
-0.5536213691228217
0.8390681554951218
-0.5147474559256012
-0.1151852616603194
-0.15308984306867268
-0.5486879474586857
-0.5612949567536496
-0.49552469726247517
-0.47448474526173157
-0.07793252430161635
-0.0669251363610448
-0.49468254303345827
-0.5511364550957614
-0.5619510516554719
-0.5104934420075342
-0.554332332551281
-0.5036695910135042
-0.5583918218632089
-0.5946723820415847
-0.530949481085476
-0.5527156864060501
-0.10714691710580304
-0.49891162191805827
-0.5266253952970297
-0.5434499985524546
-0.0674010737499553
-0.13042661597569216
-0.5486907303033619
-0.09853285970622794
-0.12008582456591865
-0.5314475740869089
-0.5202210325102865
-0.5222775639477529
12.362409065349574
-0.5433309026487976
-0.5131822250979988
-0.5442515820731579
-0.09959392013083546
-0.5538707659385314
-0.13681172358695215
0.8201147229419512
-0.2563457491630835
0.7829512017541487
-0.14075671445963078
-0.5632682366387816
-0.10698742290274688
0.8084562840478673
-0.5710643295125954
0.5351755938517992
12.287551764342332
-0.10787830644531093
-0.5624992655269421
-0.5410633279592564
-0.1067953817147016
0.8194707803688853
-0.09155681928623727
-0.5469987807475922
-0.5053517225616929
-0.5541365759838964
-0.5584244465574983
-0.5198633920515954
-0.5564957494893769
0.43171820329106114
-0.13987806172198858
-0.09890119900035088
-0.5499382766676849
-0.5485105736258323
-0.5011833688466696
-0.5488822788004001
-0.027197414543395637
0.6132961354753892
-0.560771599283364
-0.5418613718257049
-0.11503237499772745
-0.22025403288082612
0.8396463733696742
0.6305626847218084
-0.09649683260133635
-0.1410269834710196
12.306663116389311
-0.5474114656637699
-0.5553996944239838
-0.5522608183230698
-0.13692299688451948
-0.5472898596104198
-0.2035901840474178
-0.08354943726603903
-0.1623138505591044
-0.12260752226413363
0.6122715918261341
-0.5598857761604528
12.291049823904721
12.331140297969954
12.313916420168015
-0.10026965597213933
-0.5653342787543671
0.7731866835619432
-0.5481158097334344
-0.11989072061544881
-0.047597242317737876
0.6491211901204529
-0.1224718462302633
-0.22315357507485056
-0.10213707297454822
0.6390978266621545
-0.07733783364620217
-0.5066219135480055
-0.5461537840034705
-0.12082716008175232
-0.22826635810691132
12.320826639555296
12.322690492743343
-0.052708227136886276
-0.1101183996252475
-0.13393273318186882
-0.5586426787805538
-0.12347016054027582
-0.06877704574834864
-0.5737676450708318
-0.09554478320563453
1.6135169757081906
0.42043669252702354
-0.49819634093001197
-0.11246123573761979
-0.11484050626714482
-0.5616452052445688
0.6097844451537446
-0.5093445162827295
-0.5378698011113481
0.43951514731453356
-0.01792075398264581
-0.10592495754945674
0.4196134272200729
-0.128999989575874
-0.13852609325790055
-0.5556090854315631
-0.06518759557178722
-0.07485055963601828
-0.5561270392511759
-0.5077248535693717
0.8140601613386186
-0.5507402332592435
0.8954232008939547
-0.5550629119627697
-0.5486502607583763
-0.1288362991186276
-0.5492424078432196
-0.11628015841594086
-0.08465313515870687
12.303443968854815
-0.1269551392833166
-0.1099121853811601
-0.5437938229354067
-0.09141280490270531
-0.5524270620222804
2.0014277457431495
-0.5213857299549216
-0.540313543421264
0.8250360789158602
-0.5592724854882963
-0.06068440328931135
-0.12276132998377243
-0.10584298798089786
-0.5349895095005587
-0.5481114053242961
12.316994383117759
-0.10902185646632434
0.8174556434650089
-0.09830753893493505
-0.556451691841621
-0.5339080057342669
-0.5550068564951716
0.613506354065368
-0.15496967241655424
-0.5495558843942528
-0.5004897223660927
-0.5223051659601807
0.8373851406227361
-0.07133600560083986
-0.10868320216020444
0.7744038929572208
-0.5366729669934835
0.41966436240645644
-0.08911919773258681
-0.051447245714984935
0.81908168722939
-0.09581309627334722
-0.4840448900831912
-0.10615405508294329
-0.5033417483758261
-0.05567602102329994
-0.07016308769410007
-0.5021044742686867
12.320731871142574
-0.11351501416068233
0.8747563305530079
-0.5504309394149737
-0.547761569790281
-0.5485251946694668
-0.0969037361088535
-0.06482584188323981
-0.07506915261331293
-0.06407409586120338
-0.06009900708382798
-0.15514983051153552
-0.050039197156769744
-0.5032433281416165
-0.2220572968188803
-0.5523373751970326
-0.5477123713448602
-0.5482841938414198
-0.5523851725827246
0.45425200608480254
-0.5376516996203078
-0.5758486931850442
-0.13223334920863083
-0.518221123336488
-0.12074192121382643
-0.10583343070084583
-0.5208402163417162
-0.5511422651545861
0.8470964824844673
-0.5618704306027774
-0.1139315141179672
-0.05184822611897966
-0.5111030225316278
-0.5585514286070642
-0.5410468586968967
-0.5474563792200093
1.6869918522357628
-0.062004989439262914
-0.49533191260014653
-0.5192240508503971
0.7667679300005007
-0.5341397973052162
-0.1841973879452401
-0.08441895166195923
-0.12523644658302557
0.4269101330193763
-0.0916719445219698
12.377688113493802
0.6100229116766677
-0.14574335111123882
0.8532047545258337
-0.11925183914898119
-0.13110358070835237
-0.49181448093166535
-0.5235615204421685
-0.5012154109036324
0.42775202114811006
-0.15352625094295347
-0.5525332115185477
-0.10433307505318568
-0.1094046863601843
0.6305585317247338
-0.5456823008512246
-0.5578078732379094
-0.6085501293961986
12.383992281008132
-0.11560475525118208
-0.5160293936154366
-0.0903653607884205
-0.12170038983378006
-0.5946373918112655
-0.5097620346222453
-0.18897758514527674
0.5993518898228376
12.307936364309057
-0.0974390282628318
-0.5604101653549154
-0.5405837234605155
-0.5206378422296074
-0.5460358736274409
-0.12006055146721173
-0.498449465096065
-0.5616592538045837
-0.5359334699371171
-0.5609707778249615
0.8523084735811775
-0.16707498554980704
0.6319111458775373
-0.5418353528364982
-0.4920408615293186
-0.1842080275792617
0.7998801363872303
-0.09764291583004847
-0.5159404547315174
0.6337938351762749
-0.09740299791531604
0.8566831257169191
-0.06995864254633344
-0.06062003937939697
-0.0659077842706074
0.4965121725433288
-0.5468247058053226
-0.5564027759316431
-0.21645428903220287
0.4242245250748162
-0.1807589232676915
-0.13095321541809302
-0.5486127397143403
-0.30193085583186163
-0.5499461916586732
-0.5441085052362991
12.3399287249531
0.8489044131556727
-0.5498815071571492
-0.48032653630304933
-0.5199339707020364
-0.13112918826696507
-0.08627384234236579
0.8202958768273719
0.818724919779977
-0.5023067241347395
-0.14210079561154043
-0.5510779938206632
-0.5100926183867198
-0.5510432304821351
-0.5625284518293552
-0.5060816037695413
-0.1332112064044828
-0.11515131069363882
-0.5508632951357356
-0.0676353598006203
-0.09701631817132794
-0.5329164766932702
-0.5447318929312875
-0.5547460021782311
12.337271020318953
0.4365927917006529
0.4676078753518498
-0.5391587927794934
-0.5508181249959094
-0.5097179758896307
-0.5202198091313639
0.7883009705246196
0.8436241053769009
12.356304989662526
-0.13877021733304507
-0.5353667566222473
-0.5368660966966035
-0.15029797481721674
-0.5071363445575005
-0.5151390117922842
0.8977029524532462
-0.5504423856090117
-0.5112173692663415
-0.11827212679028565
-0.12467517584368815
-0.10051557450984394
-0.12304609856752158
-0.5550610546915756
-0.5409737252648026
-0.5543197737548653
-0.0715026318461871
-0.11848590548958571
-0.5465217446243684
-0.12650430963946446
-0.5531687288320655
0.42944419355998065
-0.09378734345683815
-0.11682583553473225
-0.5295557619678952
0.4399603126316034
-0.5452039493461015
-0.09203542999530556
-0.548749195375969
0.4590835256665664
-0.5651502146553125
0.6431974127911713
-0.48027287592718704
12.32425513159512
0.6511682765762019
-0.5072148541288126
-0.5582690584186523
0.753919379080666
-0.4930408306021197
-0.4983043101118718
-0.0707474343911263
-0.5262716144784965
-0.49668009325077367
-0.4772810104658446
-0.5375674532562091
-0.5336883474306005
-0.5505606691519631
-0.5037196749418655
-0.5711757610222943
-0.14672921222604063
0.855716627896863
-0.11088015050621514
-0.5401856885624898
-0.5202708650559753
0.42439651413303703
-0.525446742960724
0.8200046011136775
-0.5223814879486165
-0.5530778990904412
-0.5419686816595228
-0.5295843893087618
12.339926752592596
-0.11950565485744091
0.7956373178709074
-0.5485996717307167
-0.5505480414499344
-0.5042249651132711
-0.508225877404388
-0.47903364229515133
-0.5083388758498495
-0.541168839649037
-0.06715270967788167
-0.5579990031605601
0.4892615124474333
-0.07860747586735783
-0.5635479230661566
-0.4965304028193436
-0.544790628714646
-0.5502440794911927
-0.550299594556066
-0.5516289848226457
-0.5578377273385318
-0.060896426597150666
-0.5436098091851853
0.8150702574764238
-0.03529537776434544
-0.551765692936175
-0.5552917358972036
-0.558552043774809
-0.5095774431287023
-0.5482539489081412
0.7676944818707025
12.357140857960218
-0.5318466031854119
-0.5504084837252758
-0.5474235516389176
-0.11021872921465103
-0.04914125671730085
0.8179170439044966
-0.5238244714116762
-0.09240515580434494
0.4161085799601527
-0.507156285019599
-0.5065767613062608
-0.12590811773591926
0.45686210231749547
-0.5250676625907411
-0.5580073669390985
0.808691201284872
-0.5436108526921224
-0.5515159524380935
-0.0852967446900118
-0.4988266217931189
0.6233518984950986
12.290390815999132
-0.5379889477150273
-0.5478600251178005
12.3533337929025
0.869868166875288
-0.5517006056267495
-0.16911804772033412
-0.5503126027143829
-0.08119538495674761
-0.558864084222861
-0.46783519204866464
-0.5094194423166698
-0.5510395043549295
-0.10340756172682863
12.347349032285821
-0.029576684004766318
0.4529903476890105
-0.05247322789965836
0.8486560134466782
2.2619068834087876
-0.540314952482766
-0.5255358477695616
0.40249299284792417
-0.5247425202058196
-0.115625664873787
-0.09733971694185772
-0.5204067703275705
-0.5308028719503732
-0.5135500261995436
-0.5565756899798966
-0.1388859556188411
-0.50964331314085
-0.514203836919436
-0.4823177089549472
-0.12255352003179065
-0.5469217986562607
-0.5489437163949691
-0.13014286636714778
12.357435665396608
-0.549150971922949
-0.5437759227421382
-0.5605251610999659
-0.5686197757734905
-0.5170125987636117
-0.1859726351270683
-0.5126346882789418
-0.0941171744810626
-0.547386243213472
-0.5139178965478193
-0.5460001069908766
-0.5574318647434324
-0.5010868591440252
-0.5597588457155074
-0.10426362149533874
-0.5067205539349368
-0.5421146579204077
-0.1250534070019188
-0.14298122674789338
-0.5810199569693234
-0.12654542918554745
-0.10725402066839118
0.48208620997846907
-0.5482778018021258
12.2629945262108
0.8272102664333584
0.7877967527902314
-0.506137657507286
-0.5570820919621873
-0.5620353333750128
-0.12730625219215252
0.7741533587305632
-0.04477145442665009
-0.07273495610308667
-0.5474313898484918
12.35133991631233
-0.5434826337262983
-0.5137069983420617
-0.12934755477962334
-0.06996660696613632
-0.5491950890324624
-0.11346519566983493
0.8737768792001269
-0.46568049967304304
-0.0830567224592772
-0.1269558486669684
-0.5447519534229613
-0.4812293347832698
-0.5417273651266403
0.8202522114460773
-0.05164845415749575
-0.08878106592135904
-0.4831920726393265
-0.11614554660018406
0.7863566146593965
0.8086185645822415
-0.538494554770925
-0.11556187497122472
-0.5466586167522216
-0.48405040544825095
-0.05914437936765171
0.7715027095928463
-0.521844449791443
-0.5467980052365147
-0.0873596995108229
-0.5076338305301691
-0.0723179252394307
-0.097297258449628
-0.5039106871247431
0.8477696431955737
0.7756057274907111
0.8442448832320403
-0.12239150057736026
0.6534605288298247
-0.5616315625829693
-0.12517031395285505
-0.5114286927881557
-0.5584517647278072
0.7991518428160753
-0.493279577799551
0.7681780749963656
1.732529874807248
-0.5402616387390631
-0.5571126073763151
12.275462742259917
0.809406183030025
-0.09555499630083408
0.6392404062048554
-0.07086355980136616
-0.13358299315385924
-0.08465017602940428
-0.10879322106706579
0.7096493460397724
-0.5449953792912542
-0.5533284453252968
-0.1253037179712263
-0.5114776614138109
-0.13430300413809215
-0.5443980296986299
-0.04716232534730458
-0.5303931460898672
-0.5448543936505659
12.35696775472082
-0.04404833953728904
-0.5053786195382334
-0.10955082959507945
-0.5225689052112739
-0.0703184193889439
0.3950386038495295
-0.5474527387340582
-0.5165590420484005
-0.49585048294589906
-0.11502385693605854
-0.5563583983991798
-0.12020639015561574
-0.5388387217841137
-0.49938237383472117
-0.5398837104409886
-0.54487861822975
-0.5603276431819378
-0.5466008327717973
-0.08736604818901073
12.350398489802188
-0.5021223725344418
-0.14064494738743294
-0.5484068652391557
-0.5463975709019326
-0.5298585784129266
-0.13029380379980227
-0.545605858423598
-0.5703621408779869
-0.023307322574107947
-0.5922521916024781
-0.12138015845179118
-0.5337674006450023
-0.5445028697699517
-0.552472926759648
-0.5610200324103733
-0.13160928233483182
0.4156157580399438
-0.5386247000145901
-0.5137937586485773
-0.12324175360293976
-0.11682349889063359
-0.11466051776306296
-0.5474929185268755
-0.4927466894649668
-0.5510378622718917
-0.12024430638159067
-0.5472651911224521
-0.5315582748507867
-0.09554130233376223
-0.5046102950023074
0.7629129366176186
-0.12389467502353446
-0.558461383509123
-0.5522075104082511
-0.51149856691925
-0.5615265195004785
-0.5481851656187609
-0.5438268807511278
0.47120696842286813
-0.07788217110009132
-0.11837616335929213
-0.12471103677135353
-0.48859628368601404
0.4951802111694741
0.4976363574791036
-0.06299026837411126
-0.5233434923942941
-0.48374731154539485
-0.5411875807671123
-0.07492459266727358
-0.5111256381907353
-0.12939748440675758
-0.1506250181309723
-0.12839896740358314
-0.5088967490668111
-0.5493928486941111
0.5690458724893406
0.4012773714474225
-0.5477107516965539
-0.12335560003840207
-0.5790092375754152
-0.496164926956725
-0.11225838112790665
-0.5520408749298217
0.8283212942501753
-0.5457235743492723
-0.5450380326850983
0.8349743917698285
-0.1003059258964556
-0.4988674475422622
-0.5444817960463081
-0.5271373246740801
-0.5337927501648907
0.7626733849459767
0.3217970336788973
-0.12714997457998123
-0.12124610511351719
-0.5392999997644565
-0.46592881395476715
-0.5292269527903655
0.8168522002854098
-0.5440048440714242
-0.12423087864037674
-0.1292507290461885
-0.5486706967910355
-0.5358219785719751
-0.5315498180409997
-0.5561397702662462
-0.5376886839164627
-0.05259115257330982
0.8033378445949935
-0.5228134907852438
-0.5557355904023603
-0.5504179967559122
-0.0619556897162834
-0.4997875528731386
-0.06500006225850752
-0.546866600056078
-0.5468380332851612
-0.5424905948614729
-0.08173481011221262
-0.5720276430578554
-0.5213260096218054
-0.16753319351046236
-0.5142817683083071
-0.5126405210717948
-0.5739405565118428
-0.06658735382984426
-0.5432698925691093
12.391698874530706
-0.5380694441594024
-0.546985678399055
-0.5027558801545424
0.78636468648179
-0.11179118687170853
-0.14111973339489592
-0.5152101090368064
-0.14149705252956202
-0.20930337135800348
-0.49981694662263165
-0.49850540213981287
-0.5430615296713417
-0.47675645273903144
-0.4668180290646726
-0.10914184704744989
-0.54765561100016
0.7634983532305893
-0.5591689192464643
-0.48552803150445123
0.8034240208004289
-0.09232535758164151
-0.5480774745042503
-0.5483181388793548
-0.13356169609530721
-0.539461993132152
-0.5108971620438454
-0.5957574998799291
-0.5472123223928463
-0.5167419109687829
-0.538753472267004
-0.5451856595247224
-0.5566388517173241
-0.5417216516240424
-0.5467742399122653
12.391367901745003
-0.5715561269361733
-0.11396407510966255
-0.54125702353342
12.304673638158727
-0.48343403845557276
-0.5539061682516013
-0.5445869219462257
-0.11160727135838877
-0.5567388203352857
-0.5552471985537046
-0.547772825282912
-0.5194299069085138
0.8106959324514286
-0.4975658466144144
-0.5451419904845167
-0.5425389881826341
-0.08948006041587164
-0.4919320233397686
-0.5310265569512578
-0.5308846276162535
0.8551804995586743
-0.5170067923366728
0.6497683981503727
-0.07667130279533774
-0.538518596442938
-0.5519069977592626
-0.45232636997507625
-0.5238832269841037
12.323499106729908
-0.5287958940322204
-0.568361142070964
0.6659544277625424
-0.1362081980331158
-0.5367177871927815
-0.12923504075943515
-0.5102428372422017
-0.5362554863214759
-0.13109262348014983
-0.11603370390295575
-0.5519285110826424
-0.5423923913043943
-0.5578351756407137
-0.5313583958282648
-0.11689921806829295
-0.056839037359535105
-0.07716420265827728
12.315930231568242
-0.5937417900809585
-0.12671150084825056
-0.545016856484543
-0.4870083734852416
-0.5440344380128558
-0.11709900143101792
-0.10875816636795155
0.4180201091065465
-0.502083987057131
-0.5169648155965156
-0.5464902099565161
0.8083152698965984
-0.5204412455689575
-0.5244474787919026
-0.5711295561712522
-0.08988450105563728
-0.5095806089854946
-0.09562651314724113
-0.031973667409407325
-0.1216176431418533
-0.027679018167600322
-0.5417838784245032
-0.5613649200311954
-0.10699766271026279
-0.5465182234810808
-0.5548979307923638
0.8316613717996797
-0.09692098868899446
0.8346733805535944
0.8235421770282549
-0.08312736005323151
-0.49205233883222677
-0.5461611096830207
-0.5449828775306338
-0.5087537098482842
-0.5414997546680045
0.843588251216486
-0.13553365100056403
-0.5405539152243197
-0.5469636098808479
12.345628148537276
-0.5117794532259587
-0.5480292094587786
-0.5462573687702783
12.306590295871839
-0.5508578702334586
-0.4796648371105211
-0.5383945915453356
-0.551402832208191
12.348485433940155
-0.11928971757459117
-0.10735715272173174
-0.5391859454693873
-0.5499766110225817
-0.5199638889409162
-0.5163966425311779
-0.5399855344790645
0.8271120820696471
0.7529576767655463
-0.5472023254904986
-0.15708868708432322
-0.0407558566229107
-0.5330552906927633
-0.04819710402849531
-0.5273334337069302
-0.5601309184322417
-0.5665104886124623
-0.5601508149170584
-0.11508958088812338
-0.08276461606471897
-0.5434436551457807
-0.5971730244751494
-0.5448675321374292
-0.07580157315283176
-0.4917957051144358
-0.13220193992171514
-0.1215695914587529
-0.5207193934607898
-0.5530172113206699
-0.11567445357357453
-0.11766502855126304
-0.5284484527060884
0.44443281154546854
-0.5512971352485934
-0.08132287689032802
-0.5517351234691616
-0.04532607060224125
-0.13359611225857426
-0.13300711084067363
-0.11898617247847765
-0.11312332500330491
12.289617234674711
-0.5462079071463031
-0.4748684663586459
-0.5476402330353403
-0.5652214176954058
-0.10640580119148213
-0.10958810924957152
-0.5354774621223375
-0.5162211269121397
0.8200444404701429
-0.541355037895206
-0.1271433086458933
12.344834985934229
-0.5452919286235012
-0.13451231843924527
-0.5391079188775347
-0.5516295721277047
-0.03406333642513393
-0.4853094048565393
0.8216804892258057
-0.5291681388163902
-0.11456219769274578
-0.5073251085236067
0.8563140176477588
-0.010540819113431743
-0.12243147190588566
-0.5441798246712879
12.313553095778795
-0.5509960193039309
-0.5602607934142121
-0.06289077536381793
-0.5502319796009004
-0.09751567897852575
-0.11901238378418222
-0.5452413416726489
-0.5426438717535491
-0.5493798161113261
-0.5475740945943877
-0.06077308508921653
0.8151777136689845
-0.565214327525634
-0.5474523467679301
0.741398816974512
-0.06987368805160543
-0.5238145895768828
-0.5130908767671198
12.323553123523755
0.8925345238695107
-0.0874715525805132
-0.5529618128619045
-0.07341396636501663
-0.5474146964968906
-0.04841252624034198
-0.10354394274329637
-0.01699986386751684
-0.5507634480407028
-0.09921350774254789
-0.13419482662472182
-0.1735920263975922
-0.5681649883651052
-0.5529526476187272
-0.548189748397163
-0.5469911529365188
-0.5371088423402579
-0.5137540757436339
-0.54546102766205
-0.5321672460695497
-0.5319964067029384
-0.5153830455070196
-0.12777434747060856
-0.5517021043576629
-0.5258645461065847
12.39582625513782
-0.5185207023120004
2.085452427844399
0.8073961642807574
1.6985866557686247
-0.5272674754799334
-0.5128079923649609
-0.5406040361956728
-0.5484955774911604
-0.5392702562851579
-0.05405543565672277
-0.11764722684311191
-0.5496437988813274
-0.5895144818041722
-0.5501992623433742
-0.5520148891300689
-0.5166541548790988
-0.5447742970890308
-0.03591489883253207
-0.5449062989238189
0.7671226509028145
-0.519825086479472
-0.09874765686817855
12.296155882244115
-0.13775308887741822
0.8523335286319634
-0.5385311556486098
-0.07226414591646002
12.306962425765711
-0.1482973350858786
-0.18403998336006955
-0.5474116389370653
0.44576701945000674
-0.4879931773120463
-0.5665753936439024
0.8237491410172888
-0.05044799672797007
-0.5768025296586861
-0.5045477074792744
-0.12886099645662308
-0.5576604430504307
-0.5164863715389314
-0.49829030982507283
-0.060655652178953856
-0.4769910051701891
-0.4775036146447108
-0.5129890070523132
0.8027212304974172
-0.5510837141546233
0.7941651169078116
-0.483869999544264
-0.5485974442771535
-0.5431645444504071
-0.08263432636446189
-0.5001254765453059
-0.5206326329535057
-0.5591565634815283
-0.5575247391448844
-0.5134604453471199
-0.5224745979893617
-0.5545570768972294
-0.12531440820232953
-0.12329955000065707
-0.09036025572581763
-0.5062302688836959
-0.10599690697193309
-0.055522898742408455
-0.07994450367093486
-0.508142148506282
-0.5378019993634453
-0.07339790946370095
0.7752332700976435
-0.06347159939319313
0.8906203644233075
-0.5101264732186906
-0.14407683198559706
-0.5258250734480097
-0.5412978904780328
-0.09106800113764146
-0.12373904486192688
-0.5084099667679463
-0.09118728240774288
-0.48173653793409976
0.75392975832082
-0.12120737413177729
-0.13158448918279553
-0.09996006923958256
-0.539965320058462
0.45594714850179563
-0.5572859170837272
0.824796969328212
-0.5335510804076197
-0.5421556168580299
-0.5622439203693943
-0.15108642321501287
0.8618494022964222
-0.5121345861882217
-0.549829784565807
-0.5444170000201848
-0.146988627265338
-0.5410087498619266
-0.5619546977743376
-0.12264396583145531
-0.5644501960940268
-0.11412436407504956
-0.5506098323869673
-0.4731838029529276
-0.5386063562745439
-0.5553662486700454
0.8455092332936941
-0.5549949909712524
-0.4785483545258645
-0.0348499357853983
-0.5460901437228316
-0.5085123286492761
-0.5344502370404904
-0.13263332851918352
-0.5406320832729555
-0.5681599799243394
0.48156716542138733
-0.5453364413630153
-0.5436876254470374
-0.11312078706948903
-0.5206692896532639
-0.5269297427642269
-0.1265907736404558
12.312487476356104
-0.5557622806654536
-0.1263130361143301
-0.5479246188240776
-0.5300277549363004
-0.12772147929331268
-0.4956196854709938
-0.5130776721775647
0.8210124607883658
-0.5235637114243145
-0.5713659092332126
-0.5200149646097973
0.8136060434406266
-0.5124183215094344
-0.5384988690363507
-0.0586110467737031
0.8168973422950805
-0.5981252831953594
-0.550435926560263
0.8266832319479639
0.6466882307057643
-0.5437589001830659
-0.11821054428141953
-0.5035071026015266
-0.5178503857768988
-0.08060166204810049
-0.5347402380093584
-0.5186106285560691
-0.5408329232128889
-0.5494861832864437
-0.5474396284700586
-0.5455481157221599
-0.5434993400947021
-0.5097118587551286
-0.5452957234259838
-0.5499319939669988
0.812605206297017
0.7599399387494952
-0.11780509433100417
-0.11850102996086598
-0.4992763877374309
-0.4909872085118999
0.8100983910778714
-0.5127840415751472
-0.5837570843447355
-0.5608887334813233
-0.5853336198052841
-0.03532736567399586
12.365356379333889
-0.5501971583007403
0.8152229041734202
-0.5519683202176537
-0.5129773084337845
-0.5347247405163358
-0.11505596078364655
-0.5223739304682249
-0.5196502342279974
-0.5903062063423711
-0.5066787293794873
-0.4861708401159932
0.8202619566465531
-0.5618268740012142
-0.10262843528798316
-0.07427252229948278
-0.5481999529727422
-0.5487559273116396
-0.4988953698598303
-0.5166299992728647
0.815397498128705
-0.5310493236557641
-0.5401006991513402
-0.5493575909940929
-0.5332712619920004
-0.582109745355736
0.7891626260919073
0.8050308316518949
-0.5382315685131179
-0.5559124980283483
-0.1398110189787094
-0.5493328106310003
-0.5668291354637055
-0.10079931614083659
0.6513541160764583
-0.13299414283928512
-0.10590325661332778
-0.5548102340080131
-0.10730497119426297
12.285349823758214
-0.13244658078113014
-0.06076897571813422
-0.043915222674791976
0.8016981274837108
-0.13320058313293404
-0.10483268856911654
-0.5299508386792756
-0.05303966662041315
-0.5341157679308489
-0.09072707694068183
-0.13077765783205253
-0.548012469503966
-0.5577603508193729
0.8546217499586694
-0.5539947124537473
-0.5065200392594463
-0.5540491014798383
-0.5137934418859929
-0.5002939268487225
12.38625700628854
-0.5069767810444945
-0.531595147065869
-0.5484001985320518
-0.5100890861154335
-0.020318377748702487
-0.5119725321475469
0.8271071324422854
-0.5573576597680202
-0.07662397971693435
0.49115345444706926
-0.12985693603973847
-0.5097037233786832
0.7632948201660834
-0.11684594502010937
1.3426163726573717
-0.09602062423239488
0.8554501203823721
-0.5482647379806597
-0.5432038241096976
12.30706753948133
-0.5417567033387918
-0.5450892270229485
-0.49248094302865775
-0.08058858194324303
-0.5489192627987376
0.7551621551669525
-0.5409760739107834
-0.5419567864454209
-0.5260209477241272
-0.5402702888655277
-0.5699315847379899
-0.1204248600693344
-0.09179419652468934
-0.06654602826710576
-0.5321769354880908
-0.49596298358712
-0.5260511554336319
-0.5406057478122893
-0.1181251709295088
-0.5476913793509333
0.7625495902938869
-0.5008910943977534
-0.544964009120952
-0.47216952246754496
-0.12155150195050923
0.4461165933746509
-0.09098645453212328
-0.08873020923291586
-0.5499956333562519
0.6534037449080646
-0.5492108080791454
1.3780502449784606
-0.596975004852754
-0.5517047883061696
-0.5486338566509051
-0.5466487382309527
-0.11439764653940798
-0.5218819362983684
1.369248232509352
-0.06561693303248262
-0.0637474863199865
-0.5387525513374695
-0.06284450991902524
-0.5390187229030095
-0.5120924795137931
-0.5969976297839433
-0.5311884431350453
-0.5512574179223847
-0.5529973236501501
-0.5172499725729267
-0.13878896544941832
-0.49561622154053964
-0.5494130248484105
-0.5281843401033517
-0.5408434575473151
-0.2514873098840783
-0.5444189338057758
-0.5596656611310497
-0.1276004973579341
-0.5124479747546182
0.8096069561811299
-0.5492208605139262
-0.11868871643754053
-0.5684707791866106
-0.5163381424019364
-0.5326753668743518
-0.5527674799936453
1.334304666456119
-0.07042949544095545
-0.5610255988273823
-0.5268667144264367
-0.47154955788801256
0.8437338681693652
-0.5334447985385639
-0.13055523238474442
-0.5468015078141726
-0.49568167860139467
12.338840395110296
-0.07875791596358972
-0.5399050255243416
-0.10133287217673459
-0.5025353982079384
-0.10261052188181907
0.8085711839308526
-0.544226333705651
-0.5499875509038925
-0.4587037567004063
-0.5371711465863582
-0.5631532271106344
-0.5308916991986063
-0.14075788965499791
-0.5090383257040018
-0.11213214066959731
0.4099709821108255
-0.5442915026789326
-0.19355401687152984
-0.5527332443079584
-0.5493596526366642
-0.05272285239960317
0.760238504436007
-0.5492634316487199
-0.5187271745000392
-0.09080910020073385
0.6533806840947672
-0.544461926213178
-0.548779483266832
-0.1082317610497715
-0.5547238744733451
-0.5057321748671336
-0.11156802614311367
-0.5032216331376973
-0.5972489993159822
-0.17198756155299721
-0.11818152721579611
-0.5403412264246068
-0.4906092755042023
-0.05399448077138991
-0.5156104570126228
-0.1397256355296146
-0.09925749667408879
-0.24528399027814762
-0.5063974547433948
-0.5430636582175452
-0.11157079783004498
-0.5470475946873936
-0.03686636581982017
12.309312856147589
-0.5968778840262793
-0.550237552970808
-0.08051164999566252
0.8305331333695363
-0.5633266300185241
-0.0536109033788863
-0.5571823065082999
-0.07703858384731288
-0.5442879594383577
-0.5378720340803931
-0.5427545078941683
-0.545123818296648
-0.5169336417544674
-0.5409683041704061
-0.5605743007588785
-0.49789025866069003
-0.11142218233587409
-0.1295762498487687
-0.5399931584581741
-0.5666647520590413
-0.5242045296445497
-0.0872378281121976
12.356046112617651
-0.5420515532346768
-0.11630460800854137
-0.5453788360901924
-0.5499694442512884
12.3737518800637
-0.12169885494490174
-0.060778887284507754
-0.11558823345422631
-0.571686540356917
-0.5487026434173565
-0.12458514453105818
-0.5287806626011615
0.8165962711013737
-0.12285542904484037
0.8252376281078543
-0.5473164453736825
-0.5899941009779639
-0.11894872024854919
-0.12484589552099534
-0.5438046493884314
-0.062261948436380554
-0.10537619563528478
-0.5438616527310469
-0.10610263693722255
-0.11675130741563455
-0.5493818007237123
-0.06958042177698764
-0.5480640621368973
0.41261049557919405
-0.5403385222622195
-0.4977553616789079
-0.544639294442284
-0.549900984008676
-0.5650797740642193
-0.5426975035178103
-0.527464571764657
-0.5489648052191907
-0.545995007873266
-0.5275277563903967
-0.5033601975522903
-0.12409531116371764
-0.061208217817607435
-0.5559981474871409
-0.5347957384676487
-0.1285114772339726
-0.48906939539414707
0.8347529535904801
-0.5430835527927922
-0.12847450187749
-0.5483449049543843
-0.14244546940016323
-0.5048631564882939
-0.1281392423749086
-0.5204292560889968
-0.541468283721386
-0.5415066262580737
-0.5616290785971341
-0.2303839222631825
0.40515871583215546
-0.5686676499414318
-0.1135706376553488
-0.0727574380369228
-0.5264918188091873
-0.5303974938231806
-0.09132992951425944
-0.21726991834717213
-0.5567578212958337
-0.5324973094713074
-0.5104002791362252
-0.5512788226960854
-0.5382562395669769
-0.18680507256640755
-0.5457029090111571
-0.5005082529592884
-0.07428592635866527
12.303873551130163
-0.1301831215599124
0.8399645430058336
-0.5768608141244087
-0.5562540316929173
-0.07676989668492107
0.8746328519020479
-0.06488702272521185
-0.1636557019245013
-0.10692617899830925
-0.10366259903903186
-0.5456231390960045
-0.5511892954846318
-0.5074398664746724
-0.08652888653080781
-0.5720329318386288
-0.5612689332261237
-0.18715710533693608
-0.48646429211572495
-0.5459829955430212
-0.11018603423192141
-0.5527305422254358
-0.5085742128149069
-0.11180878385522952
-0.5516360879525852
-0.11991590568479726
0.8860996476390325
-0.5598101976934865
-0.06374449973457041
-0.5602841409169343
-0.1554334192361494
-0.47284129617922754
0.8217894546569167
-0.128413888158589
-0.5443802029743072
-0.47633936110549446
-0.2925304021718308
-0.08726862778357303
-0.5534011369853278
-0.5500168128962738
0.796731293778515
-0.5429903165471984
-0.13317239136948922
-0.5396597169669477
-0.10820131364835284
-0.517067149066844
-0.5473484713966645
-0.06395645399919714
-0.5421936468525846
0.4852675578560022
-0.06931104637300134
-0.5528877701085648
-0.5311423038842584
-0.5473013228041211
-0.12627754151980852
-0.5375446914627151
2.18635099969092
-0.5291735324287477
-0.1540829421394705
-0.07541497642703532
-0.487550022943095
-0.045932659448361
-0.5383611837170376
-0.5054042681059572
0.43903178982300317
-0.5389220666617114
-0.5394475208383809
-0.07273536786065316
-0.5325338888669102
-0.5446681220630656
-0.1284381517326677
-0.5380236634234294
-0.06410843799015875
0.8226364887641455
-0.5738462136115043
-0.514588409820024
-0.11577838817363251
-0.2542784352232901
0.42268613776700503
-0.1211471560869739
-0.5141714663741981
0.8517163686194561
-0.1121878412930527
-0.10614499875578909
-0.07173781079040598
-0.5126156318690542
-0.5166029581235223
-0.11783590455813009
-0.05516417817822672
-0.5496185281432194
0.7615781081442754
0.8387361452315487
-0.5467392122945645
-0.513883470163474
-0.24941627434854563
-0.03977419320213105
-0.49312794321596576
-0.03481263692450243
-0.12245395840574269
-0.5446209740693544
-0.5552069264619115
-0.10391717396742928
-0.11308073694798315
-0.5291516746547738
-0.5283007742342765
-0.11961542468926012
-0.5391513542529865
12.328578639749107
-0.5536672821767379
-0.12372404040214202
-0.1171427789952465
-0.5432186849641898
-0.13673043905700477
0.828723895568117
0.8611794839352215
-0.5138696826170968
-0.554078706269938
-0.5429713990486129
-0.5384557695982832
-0.13436235485132642
-0.09566503918081648
0.76893051301437
-0.5501789192145559
-0.470754270164811
-0.5361429868777495
-0.05578305525610183
-0.5450476317569954
-0.0927681291082455
-0.13102665397225766
-0.07449873086965508
0.7976116198517983
-0.06321735232648917
-0.12015384049373046
-0.5417367026301165
-0.5498592221071601
0.8166933027176004
-0.5536894805738086
-0.6118036240553952
-0.5060223948811015
-0.5054141362865221
0.7956700727296508
0.6275765722840325
-0.5593868113442959
-0.0837076270828705
-0.5131158496081789
-0.10020272008782616
-0.49230804381203663
-0.05570209217145672
-0.5632721456376271
12.339040377025718
-0.08212978429328266
-0.5187676191277133
-0.5557661496331292
-0.5538731810244656
-0.5461066210284091
-0.03997147034866588
-0.12470673763756202
-0.4848881083729184
-0.492549099659074
0.8272166239581326
-0.5506245718062381
12.329198771210011
-0.5384688312495054
-0.09872986181917476
-0.5464378406292876
-0.5655534700845269
-0.5445033665234675
-0.48818509177698366
-0.22911701589129685
0.7996405138739892
-0.12919783667342888
0.8257341358471212
0.6407373721618054
0.763644546373182
-0.501292551895433
-0.5209925853362121
0.8569670355511606
-0.541083259704514
-0.07229941295964981
-0.07733359072535295
-0.5688967043544879
-0.10859525818159155
-0.534212257736024
-0.5706189357605134
-0.5283759286343166
-0.5482776632355977
-0.5058291777106871
-0.5879091957481649
-0.5476475877512577
-0.10041040774506182
0.6690445244562959
-0.12238052759033358
0.6483943959638858
12.327081607860478
-0.5421594131251599
-0.5598603829925313
-0.5730583353749243
-0.5840946230753334
-0.4865938325118344
-0.5442893441669461
0.8201508312530444
-0.548927742437701
12.349878857999885
-0.5048685619918098
-0.11836800838564632
0.7816481024638264
-0.5501861676406812
-0.511109802052571
-0.5561874891849715
-0.06905102477997482
-0.4953639287740105
-0.5459006206690624
-0.08772767819052874
-0.09349526223746918
-0.1315744792120298
-0.09886830771902022
0.41793079833490165
-0.5414385969989187
-0.5489364908579133
-0.505647753555604
-0.5453220106950518
-0.11129564362403765
-0.5584432383314912
-0.49073379828792074
-0.05903212346178155
-0.5016763985378785
-0.5464053941850437
-0.529103812509122
-0.47174204235742045
-0.5280286779159987
-0.5511047471214308
-0.05333332317123063
-0.589341299208478
-0.5404643803813411
-0.5501207542651101
-0.5442450152822552
-0.4599602908826702
-0.5210377470872876
12.309530139074655
-0.5653372210692715
12.318836078055417
-0.5392290273903361
-0.5696972338416565
-0.5348691394531836
-0.07083522333444148
-0.12603793916627737
-0.11847830713284968
-0.5481771315240536
-0.49380228811002935
0.8788057350102791
-0.5501408487313844
-0.08084782499750187
-0.5484189048752837
-0.03827463850530699
-0.11414875744979136
-0.5452909770317965
-0.11737674336834891
-0.5244299547699628
0.8600703121764901
12.334228459601245
-0.543550311226085
0.8406502846251868
0.8437139619987053
-0.5507643689664481
-0.5443279591631562
-0.5852322192606494
0.860392544280147
-0.4702153559165583
-0.4838408290984815
-0.11252172492542134
12.316783286531948
-0.517784313070115
-0.555248065355529
-0.5480476307079383
-0.56984849208579
-0.2277743223347377
-0.5262870512579552
-0.5222274209674476
-0.07545237153279405
0.8416096691332383
0.7617345522812915
-0.5513408657318586
-0.5008184474345645
-0.06923439034021417
-0.5450662610275121
-0.5586243517083876
-0.5495974919003352
-0.1327512761215638
-0.520675695788575
-0.5478337386626791
-0.5254582811457607
-0.5073904938921125
-0.5463380299776954
-0.5456269473748115
0.8037308256870431
-0.5440682778379959
-0.5537727606540419
-0.5586486961124848
-0.11854695447838681
-0.19596239919879965
-0.5051143102566528
-0.49398946681539446
-0.0687119153913599
-0.13255661006517472
-0.5126112013052502
-0.07158495080113692
-0.04983924371661108
-0.5482718478441595
-0.5050247886493235
0.8212608969473827
-0.529064932225281
0.63936312380955
0.8576549835071722
0.7697716944955282
-0.06582531924485746
-0.5459630811542742
-0.5708156478829256
-0.06411798070714614
-0.1523459615149939
-0.06626484314243208
-0.08594191631331816
-0.561168964492395
-0.07272892105138762
-0.08595512104717651
-0.518559638282443
-0.5455615738216026
-0.132669061450582
0.3965307750908089
-0.5471778886059113
-0.5484402922510029
-0.5159121992232089
-0.5490518860871165
-0.5513692179951406
-0.5517743854774495
-0.5462485632048416
-0.515104261574749
0.7680752409086826
-0.5352372980303302
-0.5483156706281505
-0.5253220580031016
-0.5481425245678672
-0.12104625226693111
-0.12728677154977408
-0.4890871794518348
0.817887877532043
-0.5461504355423766
-0.5437701915721419
12.319858516043517
-0.49709922812493734
-0.5673048000218411
-0.5415549003550524
12.367664122196262
-0.5375211038416943
-0.13047158536992176
0.8409511910704922
-0.5615793423592479
-0.0694165263919454
-0.06301757415585574
-0.5473731415598738
-0.5451750104256667
-0.5492123177759052
-0.5454522384872601
-0.5560570707780088
-0.06139938478323592
-0.08510873336725466
-0.5440787695241376
-0.11097205708528946
-0.5158999733738256
0.7900123626672964
-0.12081678595487644
-0.1193169708088222
0.8367552562634093
-0.5465387082226301
-0.5475296641862181
-0.222431314603589
-0.4929996952949467
-0.4981266937212081
-0.14765642615452323
12.273862373786805
-0.510861735941769
-0.5124698122632119
-0.5531352858345109
-0.5543488948086921
0.8010556722143982
-0.55159483827831
-0.5006882322622671
-0.4912558201370557
-0.06494561178940494
-0.5045424576354969
0.8196491321004155
0.46344764960320584
-0.06753272977477276
-0.5557916322169533
-0.5454138476342023
-0.507643372454366
0.8785460309971247
-0.12055621870490152
-0.5502850507883057
-0.5690773236317466
12.298903736476689
-0.5492801563245078
-0.551484290989285
-0.49230205383376957
-0.5092943266408845
-0.5426105157317072
0.8397555948113881
-0.5145378873151376
0.4818064865208922
-0.06872015103414753
-0.5916621661434021
0.8056682710373472
-0.09362171438119804
-0.5459385321577908
0.4109669162705112
-0.5435653440442518
-0.4863537176203736
0.7896016760658736
-0.5479526713347763
12.316012463047084
-0.5254104823792909
-0.0649899035868462
-0.08552710345301362
-0.0756509584787396
-0.486433376747468
-0.5509948976367071
-0.5580368088909534
-0.1046675981893802
-0.06533806703039602
12.331770830257671
-0.5539698708119389
-0.49050185987906514
-0.1878712437706317
-0.5593729094191133
-0.5351677075904764
-0.52179605381747
-0.47464315978377436
-0.5117547291892203
12.330191829239752
-0.5984610308772556
0.7589701795742765
-0.48788544693125835
0.8523214090318465
-0.5458387952567509
-0.5445587911708195
-0.4835551604179781
-0.5505536200710612
-0.5611746371539368
-0.5727999303959497
-0.06911603315678994
-0.5032237111368688
-0.5092089207091627
-0.49999874007888934
-0.07280468056849165
-0.5413535075743664
-0.04907968254811812
-0.11425019557876959
-0.5517926682430309
-0.11454189872306242
-0.05526929491355426
0.8318012838218619
0.37068864107742394
-0.557097590353413
-0.5452080378063571
12.359593859696798
-0.07201953519144333
-0.5329897416220221
-0.5416462400841994
-0.5069635024764574
-0.47145874798807186
0.6143613811729572
-0.5525179539590941
0.7900004019735789
-0.500831439368589
-0.1118371735374184
0.6493654642292288
-0.5456247674711644
-0.07459102368215786
-0.48760020015880934
-0.08929867989918683
0.7978144331013576
12.318034083177107
-0.06170925568538199
-0.5667014000693684
-0.06651791956568065
-0.5448025197832387
-0.4675437480682826
12.324767424226117
-0.1246739572620057
12.323525442115399
0.8292517487760287
-0.11924366665590469
-0.1374924703995548
-0.47433358597370534
-0.18144646019271848
-0.47579308902566797
0.8262329016426356
-0.54696326120598
-0.08457374576342513
0.49151440856458484
-0.13020736724856152
-0.5079090184357586
0.4722892358446704
0.886230450786778
-0.04311214105451333
-0.08707471779942577
0.6180764399846516
-0.5487490416171803
-0.4934188775846833
-0.08813468409748326
-0.5388960229056596
-0.06138557914841125
-0.06439339729968208
12.315880307668365
-0.5470467997697792
-0.5198714062772947
-0.5138055195009275
-0.0856235213356703
-0.5410350990524886
-0.5476389280305713
-0.5532526985140102
-0.5522870775721196
12.282411494830825
-0.11820941165465404
0.8124254084831648
-0.5106636408243717
-0.5496775682618602
-0.60068621747656
-0.13190447121587556
0.8137275008519504
-0.5408411407650181
-0.5463102401277258
-0.5585937243924577
-0.08891857897391131
-0.5519970562684503
-0.23105437497843406
-0.5491536439461804
-0.5480689162464454
-0.5026697756453302
0.7933583543182108
-0.06371173882201697
-0.5428112673171753
-0.5048304130352907
-0.11934035405508514
-0.5300339352099617
-0.5471364989553054
-0.5497489095436741
-0.5631388985480278
-0.5528630552063782
-0.4941789735090407
12.296487017316782
-0.09890720243177209
-0.5134998622820681
-0.06788649398140001
-0.4933795153439883
-0.534429334769281
-0.49395120047364727
-0.5168330184908534
0.7866437005810697
0.8469433251188587
0.37351936123249785
-0.5542964818230081
-0.5680939266996724
-0.5424561745916396
-0.5588429593764992
-0.5359324206992412
-0.5519130151577389
-0.544302951511025
-0.09911274603141951
-0.05790328290461144
-0.5205772628775244
-0.12102974662907551
0.820586361219832
0.4024220413544417
0.7666640186694513
-0.1165116740737181
-0.5917152758514377
1.3653528038677563
0.7690271528188617
-0.1326152300935981
-0.05113145761615501
-0.09393861643521495
-0.13225102912370612
2.145592898980787
-0.5472529391797623
-0.525935312072894
-0.5324848278801824
-0.5530218683188352
0.8444137252901969
-0.5097320847151559
-0.12919588337053922
-0.48608570543473617
-0.06524601892868798
-0.5469624458524631
0.766829162826272
-0.49468893038982864
0.8600411995809482
-0.5373770131702031
-0.11261496694099649
-0.5522261942151993
-0.5189135430534656
-0.5475570308910134
-0.06552968809554494
-0.07739951291719427
0.8249290469149951
-0.5489507775459099
-0.5559731007043744
-0.05849139767811595
-0.10491013465144494
-0.521248424890667
-0.5458037872286265
0.4517355494280073
-0.507105664914881
-0.5412668520948462
-0.1752838313222711
-0.5460643109945551
-0.4883661939717244
-0.5350662645110444
-0.5351399499848577
0.8501830839801774
-0.0659954896015017
12.318730573076394
-0.5346097183185692
-0.5500521998659572
-0.5152929114268937
0.8095614568892363
-0.12491721066627637
-0.4882488317545428
-0.05349868420624948
-0.5444253133152119
-0.13598456373216927
2.2036184697095424
-0.5333482503671672
-0.5335457774792126
-0.5567780448474835
-0.13057615463617134
-0.5583086370979515
-0.5705809207113809
12.340905569449125
-0.1678233999243801
-0.5392234870780911
-0.566504157409781
-0.4899379533225866
-0.5493224289316287
0.8223299224052638
-0.5096940214981978
-0.06839267987683795
-0.5263423765341431
-0.5238299631974215
-0.07828657025752628
-0.5465599709950777
-0.5097999810162069
12.350775369896219
-0.5409143090542916
-0.047535040505050086
0.8046296478017214
-0.05053691609060118
-0.5103363690648637
-0.1250290861392559
-0.5370748449985436
-0.11108666013770507
-0.5161934603472034
-0.514348896699488
-0.5509720190136356
-0.04141415665282355
-0.523321140321496
-0.5069670317374264
-0.542593045833246
-0.5467995008557349
-0.5561775222618849
-0.576642771836535
-0.544752713296159
0.7641314155484894
-0.5601527300786159
0.8188020735104393
-0.5388487897023236
0.8257412700437153
-0.5504957293564068
12.390501696001072
0.8427484318559475
-0.12761413443323555
-0.526121400324249
-0.5456824439349234
-0.5459327136761504
-0.5522772355876466
-0.4962509894199748
0.8019278117245356
0.814111240417957
-0.4960884191084163
-0.5415320056448584
-0.134301829242645
-0.5308468697256149
-0.5250734644905429
-0.1062237436800787
-0.5495427507770891
-0.5274209149135356
-0.025316991693992597
-0.10667885847614889
-0.06904976312525735
-0.05668081078127518
-0.5514202908906711
-0.5505448169689044
-0.5241894176584136
-0.5588738100675237
0.6612823704370776
0.8544613337402687
-0.5479209670945832
-0.03787189813076086
-0.08108023478826543
0.7542478923298903
-0.5057078648600047
-0.5374671142140901
-0.5487453220868375
-0.48951537218957675
-0.46261948800081876
-0.05960528951951316
-0.11675996863749072
-0.489375843114109
1.354386784328804
-0.5185903679107082
-0.5435176864852078
0.8679582643831858
-0.11874258857249786
-0.5428422903243973
-0.5457479540764609
-0.4853606375647318
1.4325402051927836
-0.09851134686646235
-0.5524693496913471
-0.5418265751145381
-0.13127654450736137
-0.5280826017856253
0.8321069108185235
-0.5467814018957637
-0.05670887104984357
-0.46004493078759046
-0.547591322534852
0.8405472222932533
0.846256906285438
-0.5494168057817305
-0.5637087521577051
-0.0757785492179055
-0.5524317259091536
-0.09523663333967824
-0.03985203819755678
12.327333675043517
-0.06465194602343549
0.8566600856257571
-0.5462717209631542
-0.5489636370135983
-0.5227579035797026
-0.10551906471352568
-0.5418968138424276
0.8384734313999002
-0.12548534661893218
-0.5322925785854502
0.8379030878690428
-0.5195628329470471
-0.5391744653386732
-0.5456313684080651
-0.5141135646720397
-0.047808198812323455
-0.5509806298444414
-0.5505450716345305
-0.5637158150707468
-0.4983606553846134
-0.5219274077902416
-0.5242332182949045
-0.11182941970305649
-0.11944778229471587
-0.5157149620745991
-0.11482301891407964
-0.5495189034868795
-0.05360685273358978
-0.5530801557309811
0.8298096961700079
-0.5022806894032099
-0.5213871388084521
-0.5440298663988969
-0.07316476699344432
0.8434318942888416
-0.5417698640477742
-0.10198670386624265
-0.5438433303343789
-0.05700543806114289
-0.5062144244315558
-0.49556715632945814
-0.5148511600449612
-0.5666081719997476
-0.5463663696636645
-0.5400299058268512
-0.5263118414222181
-0.0430054602390505
-0.5170147294832783
-0.06195706392178946
-0.5479241626665854
-0.5140237576560616
-0.11265626145490215
-0.5302241420935531
-0.550410062275245
-0.07626395076388937
-0.49704603332511454
-0.535724571412354
-0.5411117353457298
-0.5459259000911715
-0.4800941667127052
-0.5473178437645935
0.4290769647928754
-0.49484376728155766
-0.5175796428119387
-0.5018828475402484
-0.1294826091196275
-0.5398769881876885
-0.5480765617358168
-0.5042216714769061
-0.5602249113903277
-0.120710347468169
-0.05073191054760595
0.8085849519146189
-0.5385933010402927
-0.5540251859342532
-0.5424266098577679
0.7568045284573324
-0.5015266026811297
-0.5480741185408853
-0.5131111140817337
-0.5483031491421855
-0.5245982925094386
-0.08229225051304223
0.8088969077839494
-0.47791758818637375
-0.5436455867491088
-0.505401378318582
-0.5471247102553753
-0.5407490812540587
-0.5424415847344746
-0.4937339590270734
-0.5293998484107201
-0.1055343705790478
0.4632842274870894
0.879889325988159
-0.5644631328028049
-0.5563502047074649
0.8802291862756209
-0.11956200775455472
0.8524139167616593
-0.5784043648163935
-0.5535244612674163
0.442934264093908
0.7905116958411375
-0.07791081599826621
-0.48401231196535877
-0.5509483271476856
-0.51882150231145
-0.11190361995340858
0.40882109371173314
-0.4845418940226326
-0.0812639171931826
-0.1172245508661579
-0.5519146215047868
-0.5054972916473224
-0.5559726033640164
-0.5467992076105563
-0.5498596810964095
-0.5089380459241917
0.7623004533702675
-0.5488742984227144
-0.11034797281741326
-0.5365200819345817
-0.5095951365334812
-0.4971454472936099
-0.017781386106704766
-0.5042061131240164
-0.5531816604825621
-0.5520085170596825
-0.510135509015143
-0.5294378819410668
-0.5249644280659784
-0.5220925624306287
-0.5442831599054397
-0.12097824085415898
0.8660734618716917
-0.5449848191713678
-0.5555178543350869
-0.1653813055685529
0.7902284586630597
-0.06823361109020953
-0.20362723375937508
-0.5197281465606758
-0.5579008138552308
-0.07764824908285195
-0.5153782754117608
-0.5473542530439751
-0.5451615811165322
-0.5532598190897066
-0.49817766446081213
-0.5433554826193838
-0.06156449022663868
-0.502434402919105
-0.5553112626160417
0.8292721878052409
-0.542572377147755
-0.5281311970866424
-0.5458860080669343
-0.5073988614451292
-0.5475985866676879
-0.5464680221621254
0.8370582877564517
-0.4833090081794681
-0.5477873685202865
-0.4959062393946939
-0.510811642762438
-0.5512475600504341
-0.47305752938175494
-0.12587574152643732
-0.11845529659807674
-0.5446753795209645
-0.5347222973238239
-0.5172444194621602
0.8229655283177216
-0.533536026744947
0.808778459090825
-0.5458257512265569
-0.5952777860357183
-0.5536306867747651
-0.5642222593990084
-0.06175100822176294
-0.0853644251050335
0.6343324097440642
-0.551089489151656
-0.11572054411903265
-0.5205656862096469
0.8373763850233624
-0.5452554998236341
0.8529424172390637
-0.5255595344310742
-0.549220473239702
-0.5423612398838369
-0.5440631155978035
-0.476131148143319
-0.5424818432313238
12.356833598534006
-0.5479750398423768
-0.4735719987142657
-0.5446984886995783
-0.10031434240250725
0.8782039703139276
-0.48418546122369444
-0.5520093556853845
-0.12171896644989755
-0.5187987083417742
-0.5239510987690843
0.8496697743006
0.8260595618612468
12.321816656430574
-0.5428275651599024
-0.539974925467337
0.4596892794238545
12.283145211276294
-0.5217810871613393
-0.12316794114718643
-0.54408856837037
-0.05689812387354021
