-0.6262664155573375
0.3898203520881998
-1.687078312653422
-0.38371841504850657
1.4292632549513469
0.3399888052211335
0.5411300223784814
1.9023037000856835
0.44880731882451963
1.7570723122370946
0.47726671135611953
0.80738073894925
1.3449501135112554
0.5406204654931952
1.9018222156284188
12.40870101160515
12.376005508036876
12.400013746404511
1.520881485114398
1.7137252116620363
0.7429585238373189
1.9641522484313703
0.7752639210283381
2.186166863137238
2.395639809651463
12.45080540049905
12.380849186636116
12.435263205897282
1.7667283073896114
12.412284101520674
12.366887281684017
12.493995598207878
12.454925831409582
12.370511795998118
12.40444815270834
12.429296598459239
12.366647809117623
2.275161147823875
12.44069260324043
2.2971745467411564
0.6999606654214245
12.421501846409171
1.4111048614037633
1.4663408459948077
1.409948030166276
2.158559260230516
12.358111308177284
2.3644540385282107
2.287408113097925
12.432027681878699
12.487492626488221
12.399184286383166
2.2729752089442026
12.416304797307795
12.449473674283649
12.31459028929603
12.415968756977364
1.4003738452465364
12.406309831620318
12.409663794893289
1.9779206314574178
2.170312402610505
12.389071036308295
1.4066672733677863
1.4459202298550113
1.4652497506537618
2.2368463969963317
0.5943579552312044
2.357374572846453
12.381917573905774
12.424208244646895
12.340146857389353
0.5945473892243478
12.357883473859523
12.372844018179386
1.9905550099601765
1.466893882553781
1.4820941111540127
2.0555268601195964
12.383516716055015
1.4722365157211104
12.467817739216956
2.291755343917962
12.447013867560743
2.2684208653625815
2.256562444378057
1.9753432403874738
1.8851231825419956
1.570367710231938
1.9654115030605475
12.417035623323411
0.7439322960361425
2.175698818859139
12.393067683746914
12.373112883852926
2.3485883254381354
12.44170747491993
12.440229665633147
12.420556149935248
2.245607706649805
2.104349050330428
2.4192970735953874
12.365501898626446
12.43155984157227
1.6414206831314615
1.3827972841675047
2.039326892395181
12.412908840776751
12.386843405993535
-1.5698010545956516
0.9209145959707734
12.445076083282837
-1.7963028032547346
0.6264162127439383
12.367865106062087
12.404525142571462
12.40007123444714
2.285456049313297
12.393429683028629
12.37811029174333
2.249510389089499
2.0046933790232995
12.446685351950652
12.423099566217509
12.410906681294572
2.1895935322338165
2.1261564478735324
12.46318976452466
1.1552984822349455
12.369620941544682
1.9487138476077999
12.433594971324423
2.1543690205788932
2.0357257607344525
2.2157186827537476
12.376599387472293
-1.6727437086123933
2.304081530289373
-0.311866368951547
12.36395285514174
12.409405642492551
2.158741721612651
-1.6175193928431117
2.0161899587368617
12.429713173458211
2.2626869219792507
12.413390566673412
12.436153517360973
12.422871052801574
12.48089232348644
12.472883949004979
12.342371414461326
12.387517043882138
12.439163292184222
12.42551437588368
1.481560564304969
1.9994841991191257
2.1016192221129164
12.311638971868263
12.422720064572303
1.3794408315426194
1.975723417243771
2.2988715492775826
12.462680984792222
12.386627414774434
1.4478060092879774
2.3000870594869665
2.284197086416188
12.405187656872242
12.448996958266957
12.36832384916129
12.44558906090515
12.43184654597689
12.315217260259667
1.6742967422586106
12.4548559246201
2.118891954866666
12.373007045112606
12.380427017483903
12.378364033533925
2.25045068980852
1.6336631826530856
12.446563957683338
1.7995973357329154
12.4179082216939
2.1473150863241135
12.438008634688273
12.440138593207761
12.446565408844982
12.404398173655089
12.437143604612917
2.1285069927857756
12.436976332679262
2.0798012453254926
2.280735484597052
12.456607707746455
2.3608723198306385
12.423012760870815
12.413089956195847
2.0340159264929443
12.349208966211961
12.446258155071854
12.452380387863702
2.299800997729784
12.39524177106226
12.438192869267146
12.41561242486863
12.378644484840304
12.424737143502162
12.332112338179432
2.094244392695696
2.3524054860785193
12.441087844887107
12.452541611635752
12.428484138645546
12.406516782815656
12.451847808897861
12.410182200279374
12.322176627671338
12.346600264655827
12.455331984098327
12.367340430841862
2.311045870510045
12.37931273576871
12.400030435510253
12.417866767388869
2.1721306125265687
12.375050821050813
12.425089305363922
12.389509353591011
12.44979647092768
12.386332099201923
12.39609895072501
12.433867037501596
12.404433971228002
1.4052431721186285
12.454068738600393
12.445616309435364
12.437329695133064
12.445317372699913
12.447744593140193
12.411194371864273
12.439183177807978
12.488864705686138
2.1488442594419634
2.389366202952238
12.442594690417952
12.382047165982865
2.295988777541655
2.3449795067860366
12.439131839175447
2.2968149203612036
12.434981633695934
2.376989316119418
12.375476723706662
12.451293738399146
12.472230362367108
12.430100582356626
12.418497281119706
12.43704253144666
12.406116350523213
12.420981364711157
12.430208426686114
2.0616942052318206
12.441065543796853
12.401650951893117
12.403826908595894
12.368680992863634
12.405992002202716
12.441407945694861
12.424511522538072
1.4496912526870065
12.398522112003176
12.38226412033826
-1.24563713464088
12.379086532802283
12.436361727418292
-1.1940736211527805
-1.2986551268905049
12.351275318049591
12.404481658290377
12.438513435649025
12.406361941706239
12.384162894091952
2.3127491510845544
12.391627926819154
12.385617703627139
12.414311509487987
12.428343296418113
12.40298880108723
12.394710446042833
1.3998191153115724
12.463294728318607
12.419776822039532
2.3964527098486705
-0.6222099717781995
12.430698710812761
12.387018254942571
12.37895383246394
12.412382006867439
12.444819197641113
12.40646677563118
12.37924449849168
12.451545747236988
12.415638994527821
12.451322035840818
2.3279685295556747
12.429234058213844
12.375581821422537
12.446674900203401
12.436077877545255
12.434652902659762
12.379249743452146
12.400764428562182
12.460007255501147
12.426782605900303
12.437807609049209
12.409821197576244
12.34956842856343
1.4410903404603232
12.407349877569501
12.42323852006253
12.456682532988546
12.350864447489354
12.449721254804285
12.415676381503864
12.393509186409098
12.34327089034983
12.387782873765897
12.401259124880859
12.406856693132706
12.400023990764165
2.1750181981221384
12.45868190180509
2.294985729258966
12.382696382195869
2.092456575220348
12.433553410814238
2.381453334031384
12.420015004245645
12.42296485940937
2.3117204811138437
12.459874107265364
12.369547993707396
12.38945238709546
12.422543648257628
12.425366712672856
12.408436213566457
12.334631920404739
2.409696841573422
12.446182349347222
12.428584939613753
12.42455579383395
12.391117953230328
12.421261665178694
2.281245910239315
12.399634041883088
2.171980952378508
12.4966862122727
1.4650471913655208
12.42153234848004
12.34569690396551
12.417793764544118
12.425727959415868
12.362168085313272
12.433893720707498
12.363683732686187
12.424675639538103
12.375171556890052
12.395350962501823
12.345893993743411
2.339291028768868
12.429851430064296
12.421708272193454
2.2782486454401494
12.450035735399581
2.211934542009898
12.389803422178634
12.464280507513285
2.3516656806884466
12.36037524429163
12.385254856346483
12.43398553383675
1.482678894027028
12.398792740527133
12.42248692481473
12.48400507154668
12.422060462836459
12.354266641626502
12.43756287847237
1.7652957386952441
12.431788121579245
12.428660278691288
12.435524523262629
12.387822348399993
12.42146454663862
12.470479161789202
12.478482381548035
12.417303177653396
12.422809703234092
12.459088946997532
1.8127377594590288
2.304780863559308
12.447825928100446
12.404008812495695
12.412919055952957
12.401270043855266
12.466408250773897
12.3948599912733
12.431789068359851
12.419006933266257
12.418940068003026
12.409170267214224
12.429047968230101
12.417771341819329
12.454803340254529
12.426711757130331
12.39913546599707
12.419422810163693
12.362671604518995
12.408510181723605
12.391167445342706
12.40984075566127
2.4072147798214316
12.382327314738088
12.3506162577924
12.447701927811218
12.447412314918626
12.434684185373792
12.464745834528657
12.36562077793166
12.43527313278268
12.421451834229465
12.45801401835471
2.3094299904971827
12.453145665199692
2.3318451211194247
12.46198014318999
12.41110750054482
12.37035043539358
12.454374234256576
12.431193779425545
12.395181281354903
12.406228040786344
12.449334453672687
12.39356979673586
12.365484592760481
2.362496703359828
12.412706685345418
12.42641606201598
12.364663262704939
12.40398559439343
12.40381759919481
2.2914255796646845
12.43221535887951
12.413661252342726
12.4399958022735
12.412528742282515
12.398750003593399
12.418550916605307
12.412733162554984
12.423677945925999
12.381592298091922
12.414391891042484
2.156336333486226
12.38193912888878
2.047990525405073
12.385900842111969
2.34131099391167
2.1797573266017696
12.409459285185267
2.426147701478227
12.416746044650914
12.420910616413394
12.396713357339365
12.419586447655913
12.42444391453881
12.37699152675226
12.439382631675018
2.295712794428963
12.399865771120375
12.436631906164394
12.384298368373269
12.41920687915703
12.425631663356636
12.412798078948697
12.414649033707436
12.401316644803273
12.434877577044963
12.423058940222827
12.443599601167323
12.427412444867365
12.388572167581412
2.11064320760495
12.4566165448296
12.451304035623016
12.43389704678123
12.418395957777534
12.382170935348077
12.443008051558756
12.422987976415694
1.9792400616950219
12.361855143139177
12.425129896272953
12.401154705804784
12.3268949525072
12.396681017891849
12.467304000256394
12.43905358702806
12.429075521154438
1.8383629511915514
2.1666053448720537
12.369587132384748
12.401430281304904
12.441283307587849
12.378985481657315
12.450358225635647
12.42826703374635
12.432970866425102
12.452275257960157
12.40319245087028
12.415343035818415
12.444384996329868
12.408692807895013
12.367769225663533
12.42146888165304
12.371218238862877
12.43896381903404
12.370634420833062
12.438386793190439
12.459598293364582
2.074391041801825
12.42041756588991
12.428586845111194
2.385227832195379
12.390558104180283
12.42117970884713
12.399934494309285
12.3955988583274
12.408850695346123
12.369999189714004
12.447891084152175
2.0218723542113906
12.413574995818513
12.406184811231753
1.397981911366602
12.461999413219774
12.362235189014713
12.363065642598619
1.3880989385446103
12.444871183702814
12.475573196480095
12.36604544641086
12.424630881178922
12.444718967252586
12.45108467703096
1.8143563851018334
12.431199951997401
12.437837806497686
12.387208217221694
12.407773572536243
12.414389171611461
12.428328006932222
12.401859389980647
12.423922654107495
12.43027605440058
12.415426594727734
12.407670227707287
12.45051468474566
12.40936179752438
12.403573227196686
12.398126708128578
12.446109669463407
12.419770876520689
12.42544043516069
12.494824759601258
12.455253267757946
12.421900815087703
12.457177381229135
12.462735704757254
12.43482910160778
12.386303026946294
12.397451321054904
12.481606781281005
12.397461685042312
12.362180529944066
12.451801715818501
12.458946025609002
12.398251898420733
12.410443152052883
12.455048174394415
2.377393070297459
2.133629804322901
12.39337705351631
2.0593373819512575
12.428234359309414
2.2865523083556485
12.377969902396854
12.423403378884561
12.41951607507525
12.483904326707417
12.441619147142344
12.439600966886164
12.375412338819288
12.414967950171958
12.443920838610651
12.409593625116502
12.35906656520935
12.415446165541676
12.419104117135825
12.439205323395756
2.344385143927421
12.410093543408568
12.45728563566866
12.430148645476159
1.8808218947343112
1.4698389665484188
2.1178824866954207
12.41302239826791
12.402152314232495
12.400173562982069
12.385063773388708
12.369578466980368
12.352057575401428
12.444511151864436
12.474933801446037
12.394738776977821
12.447240377498202
12.415413098164262
12.410964853260625
12.393037092431896
12.381175607250945
12.409893583679667
12.433412552772637
12.391122311815787
12.45439496554067
12.371132521691758
1.4301479613718442
12.430250697093415
2.3334035572863194
12.438295489616735
12.414262276107516
12.427143999957263
12.452471772474087
12.421605595953396
12.414664241261022
12.35656676256982
12.345000926293464
12.362408228410573
12.44823875886627
12.384434899365665
12.376903952090306
12.417335488894732
12.37445400286922
12.37416967748746
12.420072502622595
2.3459537800654773
12.374277465990065
12.447432471958225
12.38062046121721
12.408288241377218
12.416136479213606
12.402344192634239
12.441667737520044
1.3753611487115847
12.418854576739536
2.092588950191864
12.409361957798584
12.450345902338142
12.501454492969579
12.404618625279108
2.1639297037550023
12.421252610203318
12.422537572039035
12.436123374445703
12.448502015021813
12.40000245862454
12.388092283389412
12.426531494830382
12.469774565318534
12.45841695257399
12.464554503017279
12.43082321115812
2.152056694669597
2.3496082560778424
2.1186186544221584
12.414896388563799
12.443379099333635
12.420855865905647
12.435091664171825
2.0814761391050767
12.388944934155464
12.412433950923475
0.8322164608449711
12.41259295515177
12.40459787110066
12.415634743835058
12.39650306813889
12.410113853118231
12.418590220501185
2.304144959849667
12.441462646297758
12.424396397961523
12.461094640649298
12.412971897797636
12.392304450835208
12.359729264670033
12.4019916308817
12.429378680071615
12.401091798540973
12.37511849270211
12.377358734883295
12.424144988965715
12.46637523100254
12.46899125140634
12.373426504128632
12.39365538530636
12.388484130397606
12.472154612172485
12.454715120073637
12.464944228038593
12.472306913730682
2.013743294247189
12.466229425412159
12.433834506679796
12.454544323132676
12.446499436461217
12.391073857680874
12.455718275271233
12.409615482654075
12.424774456073573
12.408478409351758
12.477956010432381
12.461034212883128
12.454720790482025
12.392636770542435
12.447022362215291
12.394032597892119
12.410343239578342
12.434993829473003
12.464638155704153
12.473308290503642
2.363684996477496
12.387460465830518
12.364578112340837
12.406869237856696
12.466733642477156
12.433925039080743
12.43084739457576
12.438559842882873
1.4392184709621716
12.435817659442385
2.3111958188386517
12.383880745440226
12.45519085409023
12.423529074907943
12.479405820592081
12.43280154764739
12.416591336922163
2.3299743369765293
12.441101057180326
12.426350386526991
12.381599994743869
2.3032154705447105
12.449793403100665
12.446570820494603
12.445396782600957
12.405833496668944
12.446850576217091
2.149122787154668
2.426600783311609
12.43421650365915
12.454005059452282
12.436898699467166
2.369306817045682
12.424750436033772
2.3256344191718896
12.416443404612272
12.461198188511254
12.43431058281999
12.446213503176617
12.419811464795208
1.4688080222606044
12.461814167626638
12.385545362175815
12.427920560341429
2.4135834992759455
12.46681450949018
12.43479667329519
12.428549843527781
12.47710680358404
2.107568886412839
12.438370974430178
12.403075526212781
12.405709332133622
12.447173158459972
12.401212439663036
12.442048988509207
12.428501573632698
12.455237578196648
12.381509629398138
12.438374368123064
12.449392364245366
12.366800747699438
12.451499934196923
12.420186467104461
12.398108982459949
2.371902285227438
12.409814716658095
2.259118016172526
12.452165956999082
12.42493183781383
12.392071206703793
12.360184673895631
12.406646014827212
12.371092212043056
12.392155351227139
12.460207943147848
12.43623839506543
2.3696011081317603
1.7972875212469208
12.415246855945668
12.391062258189422
12.412400341490649
12.446260809335067
12.450497750905674
12.414926688389404
12.398472386977033
12.391000646334703
12.389218384121824
12.384852417232228
12.436591654144404
12.440736854277844
12.334266022900334
12.411243218923497
2.338343320157717
12.430570663801403
12.451220436976902
2.3156495807604816
12.449140775422553
12.391869278345231
2.232726265149833
12.369801957049084
1.4800531796084058
12.386061101265282
1.4331253302504612
12.400106396926478
12.44547751813197
12.39326608675839
12.42612624861534
12.401232462398712
12.465810273326644
12.437711006593974
12.411087320461977
2.3973132568852695
12.442760637412754
2.3294285116555713
12.45553319042753
12.421722865591189
2.3475760565663344
12.409056748060404
12.431559558456664
12.428964751354325
12.436853578485476
12.435259790849482
12.373549409449106
12.394338504790703
12.404083122819612
12.4462687169943
12.445160313064285
12.394963759223904
12.448274099276924
12.397159579186116
12.40144255754803
1.4283913566778443
12.405733459084844
12.430428565285034
12.456586199212593
12.498698418677696
12.405488643548699
12.46343177592979
12.370682335163927
12.465044092882003
12.428488643322085
12.451840136256235
2.3838470431202814
12.453059844511639
12.421128761315682
12.432259080144696
2.351108696599195
12.443936257113144
12.46273642820421
12.408944378913361
12.388039853678563
12.410999443523302
12.399232067061053
12.44792494144944
12.452791187743008
12.47281151572105
12.42220838475563
12.372929454550373
12.352028946269328
12.396893912878301
12.43227037351961
12.414933431010176
12.434571098918552
12.434801927256245
12.408590925250557
12.387699746511148
12.436922182770157
2.298707014977914
12.413716589687237
12.420255276249646
12.426245097776336
12.415990713461245
12.391968090780615
12.416148047938744
12.396602933618272
12.405616989596101
12.397749248240332
1.3895870225869578
12.407719641214946
2.363023820460226
12.460056154188504
12.31529058864057
2.0660214792755376
12.411521223580928
12.4040103069288
12.40890229538549
12.420390671235719
12.378204425238668
12.432339645634306
12.41546152867378
12.472146337542997
12.39929716034619
12.399514926354467
12.423565390395936
12.48318209534232
2.185223900179099
12.36616061700045
12.456613808505955
12.38472186309387
12.400124586684889
12.411869149566424
12.431041104342706
12.392659481108712
12.492879417172542
12.386014715263038
12.39095021011858
12.452792761182312
12.441536811178892
12.44234495532826
12.44005485721393
12.425942539493017
12.393678685743991
12.450468694106808
12.458604788408186
2.299550334999207
12.458432247801564
12.443211865287925
12.43638070583596
12.427510527489563
12.399115084664938
12.439034182337313
12.35025686820176
2.3467512326577307
12.485569563892897
12.467186236783611
12.42938120345597
12.440780971813961
12.389589327684764
12.416764115054766
12.434293395073356
12.410933066896622
12.40914710622971
12.45977712339571
12.382076097698931
12.49039468117823
12.416418096078864
12.44429474714884
12.426861251063274
12.401121750357756
1.4253058318332754
2.351521925777125
2.334978408763512
12.445732250909499
12.40246694435942
12.402674121964667
12.461769804722708
12.492164790040906
12.45037264733023
12.365273345101823
12.409360775767013
12.363776415446777
12.346726347383331
12.439179062101246
12.430255749506882
12.462068260569819
12.385963876034246
12.433043142826278
12.403804645225787
2.326618077230872
12.462124112944537
12.38209164745934
12.395106349554215
12.419813523833378
12.399248199707998
12.411488783457514
12.41435045150359
2.2971862796853975
12.482223007414856
2.40164422694979
12.447104919183966
2.3806084544769286
12.42509655516103
12.426249678622316
12.362058528716185
1.4571858062297594
12.460723988183489
12.409247799395914
2.308416955276797
12.41658541869498
12.433500277098826
12.457883923786722
12.411033391739945
12.500301445080108
12.479785374315936
12.44542041098953
12.407058632998325
12.388839638243503
12.406184725592599
12.385223380300966
12.49210857401334
12.419513402420948
12.414783892508432
12.4003625468519
12.420171814845288
12.473169592926574
12.459125737338507
12.414601787731051
12.392881078867294
12.389568087225445
12.440300026637544
12.404209259345887
12.381236154965881
12.40215429575591
12.448948785874837
12.40447579052236
12.401516430958916
12.42209455115997
2.3527724992357104
12.406015898603123
12.457034594525313
12.405987446835022
2.2947966443051033
12.396234739742926
12.402999086587803
12.427588302692994
12.439369397109676
12.399796019383354
12.41929780088933
2.3975321463419785
12.415031496195652
12.435006060963282
12.404499148434512
0.639354797649732
12.385811830042199
12.382835023669456
12.473344589557701
12.431378463374761
12.397294248341778
12.4380070232748
12.431918375682603
12.467671855066996
12.433954277627874
12.438804329980675
12.41902417360528
12.367855822147543
12.422442978424817
1.7341823272045702
12.448069642263615
12.456576702502572
2.228843138355057
12.404612686173483
12.411079058757013
2.251533989822842
2.3439673754414483
12.441152966232085
12.386763933301806
12.409364583127617
12.369129343672624
12.415142479961975
12.407979960868635
12.504540170412708
12.40080781158045
12.443801495266248
12.368493605468469
12.409620393900507
12.498223616828206
12.458905926031171
12.412969424861302
12.411810106629321
12.384458743197303
12.401350962688026
12.339918913199641
12.470252205939826
12.423382154569566
12.430884301364516
2.3413085316291666
12.430939207958012
12.381596038532695
12.478910146350302
1.4805999221707449
2.223395965183092
2.3095512885023988
12.43609863541327
12.442036682026039
1.4487142929700467
12.459760681681665
12.43491529266823
12.446869863355332
2.2837660806685083
12.469253082479096
12.4188297415336
12.428163201372117
12.410736049306765
12.395552317649473
12.395043777178977
2.3777466162691545
2.3198513345617666
12.411525075626745
12.386116728444122
12.41621689568343
12.405094069290028
2.2991468795461887
12.388927610997904
2.3107840487741123
12.388307589677947
12.473139824436767
12.439966008492593
12.351716568226633
12.415305550127567
12.383503782533726
12.427417538137899
12.463666962966796
2.3112477608062285
12.428242097630198
12.449687158659899
12.409720561070777
12.437641622809432
12.442578522544059
2.3936472604914854
12.468598406095854
2.1795319310257057
12.407621694539127
12.380452904653964
12.407773873649061
1.437432854863021
12.446238516157482
1.4752216345824514
12.386107426430764
12.479326191105216
12.414580920545749
12.422314872609878
12.451110508538171
12.403026332899259
12.407975027659631
12.40883072346865
2.3479962160646086
2.091814958494713
12.387021705454117
12.40175283081345
12.421767457368716
12.407527808477617
12.427693090628463
12.429377324293455
12.432018897862081
12.393279951043729
12.425337210029731
12.43249984948309
12.444831663755178
12.39375968661261
2.084214030593753
2.34414830777384
12.435942906940214
12.42119830433991
12.441611201040015
12.39592247863329
12.425598310078398
12.423349495691449
12.407159840083438
12.44964305670203
12.43144880014746
2.3680902389321092
12.454103049025171
1.4398885244916404
12.335581375832765
12.422830702388609
12.406035091478529
12.44928109940256
12.399924570879442
12.424058306656285
12.47918496012547
2.366668702172508
2.37489808981891
12.415253267964616
12.41852693242848
12.423523166278967
12.443737383679588
12.39896667531856
12.385140570421024
2.133820040648112
12.411844487124213
12.379900713344554
12.486004062666506
12.34952744836542
12.419948053801976
12.48272022350428
12.468435730558554
2.4161947518628546
2.104595116373383
12.415119454781632
12.394312069548656
12.434073077489304
12.35910125483048
12.381862245937452
12.443095341226583
2.3305639181309186
12.421326248088532
12.416655998610931
12.401061395750146
12.44986464240854
12.451548496411895
12.42005656741344
12.394271437575343
2.307701627244903
12.403393472670567
12.37716600717044
12.41600733482803
12.482575629706723
12.404902245016569
12.407133058636358
12.446602621671559
12.418385510720524
12.422203761857347
12.44836894862369
12.45144816846868
12.485717391075148
1.4362827022366806
12.474501642149411
12.417564548917586
12.385724444215336
12.432948445302863
12.400917759837007
1.4299601868230498
12.3935209203
12.41448994078143
12.391418727364663
12.384915731126448
12.461294964839563
12.445887444486658
12.463495046146972
12.396930758586198
12.388144136712137
12.441808004793707
2.3868885294842586
12.427905663676174
12.429659705594576
12.402941344868765
12.418274055810778
12.433969175265863
12.398697326722175
2.3553663298593386
2.283046483806619
12.428319581543265
12.455334857897679
12.440039036121526
12.379554189066361
12.436001667199442
2.326898238766341
0.7936245445981431
12.421785045471673
12.415404505627814
12.39678753463666
12.409658829399866
0.7031770155613881
12.356425626585038
12.417021082611361
12.449916266541232
12.436577928009573
12.421876437451195
12.440785373219864
12.468972740010338
12.455235254707087
2.4017550295315173
12.426109410066495
12.402070473641114
12.43828191352138
12.445212214160255
12.434269120326073
12.339841220022189
12.428210683184078
12.466396808829597
12.461519135822822
12.39649155421363
12.41706133852368
2.317707580181161
2.3439042756479904
12.422381556963323
12.359595725848575
12.380338233119808
12.445727595737637
12.40131011320553
12.43199247535963
12.439385986915028
12.43099859115021
2.1543730929009532
12.425320818690588
12.42241776406429
12.426282360165349
12.461793701920229
2.292039552297031
12.44168610056672
12.432402907826058
12.459379088082526
2.3230277786072446
12.43808711938519
12.401765803990529
2.381982663374952
2.2796671696726682
2.2522913927080466
12.393342784114566
12.453715946427101
12.437880585176242
2.354943255272902
2.3380455213614386
12.409644818392977
12.3952102549815
12.440818612071809
2.2945159096028025
12.468568956435602
12.39220060463744
12.455100638044721
12.47288990207147
12.386536291697745
12.424333007016372
2.038999960339731
12.400389922131682
2.29852867598981
12.41222760654133
12.400211122560997
12.381369321460753
12.441107260226987
12.416874531943595
12.424144825686366
12.482112338091682
12.457307592849446
12.410040389547538
12.479123388143828
12.421859526949858
12.434400023914232
12.403446675508071
12.453090612887427
12.467323263826929
12.371066776896487
12.463807718766809
12.372399233776566
1.4680614235202143
12.427121851112412
12.425670512950369
12.373454372606103
12.390922217889788
2.2738747794784815
12.451146704074208
12.404466999577467
12.396916923759699
12.476527190332575
12.408179638296033
2.3571832501878065
12.481382140992586
12.429270675229144
12.436905293600237
12.498833852648257
12.416890432533368
12.438195704650624
12.39663932212982
2.337628714326115
12.415943470497822
12.427433331248318
12.438606191278367
12.390109254980734
12.463778411241531
12.455538621331067
12.422041383358179
12.425126893654204
12.43204867137743
12.488559627489309
12.407388836230421
12.392467575111732
12.422234645835829
12.483442719441202
1.4156792095925428
12.40397970020286
12.473651091738192
1.4056897398297155
12.413409572775553
12.393226692565918
12.417127894183505
12.406589324617814
12.42780101540677
12.452727621616564
12.436015065398122
12.4353390160562
2.341120807699774
12.411917061122935
12.413263422106153
12.427512395852716
2.015499711519593
12.360793865122572
12.444115108819775
12.405266936399299
12.42367920526398
2.2710516760510573
2.341859534786689
12.484038909914407
12.402338492965367
12.405408693450724
12.394898087101973
1.3994326156736947
12.467482685657915
12.403467562324135
12.379284883550948
2.2805039324833967
12.461943368856184
12.389473345046119
12.43396219083142
12.390287237849892
12.41629256373354
12.454528680013018
12.436849902976634
12.410311371065077
2.0191071761230375
12.439789321623786
12.421328362169977
12.4170886311457
12.403765208704652
12.446583743936237
12.415733255737463
12.362046071941352
12.41160271317738
12.425112221201417
2.3069872652458745
12.433384608722093
12.399192096989585
12.384935278485615
12.427589635823574
12.431916875165172
12.43289771510642
12.460510554517656
12.384082436808892
12.42105296255309
12.397182515867739
12.427437312290799
12.473716264997257
12.441934307758476
12.436136274710243
12.437070184269633
2.3220615840069283
2.317835026177767
12.432973550276643
12.41744299290868
12.389224426908447
12.398113985669543
12.422983118362062
12.408713337349418
2.29126416870269
12.367977331233984
12.458747917615698
12.421344967042259
2.353489491974365
12.405233182020394
12.426638987517876
12.427577900702762
12.394884238854427
12.454553407748591
12.417315935023769
12.427545688239
2.3581971177995937
12.337086845338037
2.339831310288512
12.422373817983305
1.443200659145338
12.41690119971977
12.326966372569721
12.432629706217746
12.432176714751243
12.440745820974673
12.418636206302057
12.376172462261993
12.432811708509957
12.45564648235032
12.40725723811391
12.360245101899942
12.402146302105157
1.4580980319125099
12.460433171969974
12.421793618541018
12.392320679725579
12.441542983544233
12.416570061593678
12.43827197148979
12.380779457900342
2.2736451246315514
12.41666427554467
12.35471557395026
2.340226503565334
12.37128924609835
12.414090171030558
12.438551203494596
12.435744088987562
12.392799162188277
12.390904806338572
12.332905329652831
12.360300656004492
12.396998801582496
12.374221028641612
12.438185655831221
12.439190562937519
12.436769303318645
12.458063660786092
12.325082135266289
1.4533058939878691
12.413404626119291
12.440040367752282
2.2212717306705305
12.431531086016378
2.3455143480963683
12.425283202606458
2.153000025419519
12.406310169834173
1.835686272917701
12.445564444095949
12.478946658471772
12.403150104925505
12.39008224135124
12.43554117201484
12.392934236603637
12.400931077425412
12.460029663053314
12.413000786254901
12.41085062066044
12.439683388658938
12.398706583621028
2.2897097962034465
12.43379598867152
2.3331696547843555
12.40438173261794
12.419029754148188
2.306820645663987
12.41131888996335
12.468990270388758
12.405935260238149
12.428248494702604
12.459032127891586
12.458035166061345
12.440143332446434
12.378747269187182
12.38685730830481
2.3261545705738733
2.001935041199739
12.410904674966574
12.426382276266775
12.432912166082097
12.419284044714727
2.1496275460756893
12.387064860015816
12.408842429695923
12.351267160813087
2.345900157428979
12.452442707510711
12.43749508672932
12.447619090607944
12.432316745807578
1.463977562300112
2.308920098485425
2.3327593474856316
1.4626533208418158
2.2656493894983245
2.43691373664078
12.432724581186609
12.46092131706512
12.423719834314252
12.448003280823553
12.44109243739764
12.39218847786185
12.423351028179471
2.339071148738141
12.417792289746286
2.3009297510007434
12.417377381192793
2.3205277390021393
12.424177660018312
12.394470125423092
12.39978772301736
12.424130783349439
12.455886821530473
2.310364139841433
12.416245010262946
12.40367355825985
12.379144926714954
12.441907204878596
12.420515554229969
1.4749791060187776
12.442182265961701
12.44370506065857
2.224726929294044
12.431160574834461
12.412066613784367
12.46457284888727
12.396187192326424
12.443757541901611
12.459308759821505
2.339902222656062
12.41759766902174
2.3017362696270776
12.395758623252519
12.44094857995398
12.419128501641257
12.413881562749662
12.457697904607656
2.3115642547920365
12.359050489951894
12.418318923280678
2.3837939618821338
12.415674808955043
2.3652186768079027
12.419382128416458
1.4648894695091115
12.453432383027232
12.415687570330125
12.398970189065999
12.409558941325546
2.1504876505065527
12.458581181291052
12.420438974663256
12.426345821011433
12.406717729336297
12.428867733770945
12.403025126449963
12.417402100814737
2.4010671971402235
12.427109088152097
1.4712803540473633
12.462124884444105
12.395481199686365
12.432635452878856
12.479343803378175
12.421293302244838
12.439667249968338
12.446676467767862
12.39149008636345
1.4583363469296429
2.3049774826522063
12.396361034988967
12.440416658355378
12.386128990728992
12.379259768160285
12.442773590725832
12.410371776087175
12.41584954101231
12.3730357319043
12.462726589343
2.2711321724243474
2.3015062875483836
12.395433265634983
12.35797818454969
2.314259031628488
12.458380300798801
12.378355134904616
2.1042127114463147
12.434374446293187
12.41474108829254
12.395546067319753
12.48269207654915
12.374664288475726
12.427725383121484
12.367411100019517
12.38589341027712
12.43946122612051
2.3692790432376842
1.4460544385687006
12.417277706587784
12.452164578553948
12.481450686510254
12.478199260457304
2.2913560257990637
12.377213565303002
12.419727495422281
2.2176728187201333
12.41893298041785
2.399924448954996
12.435189935832202
12.420499723633178
12.430559585602829
2.0781483685515405
12.360023185202477
2.1878528599460907
12.440482971208215
12.412139665852363
12.430097059219543
12.417165424592316
2.319360675244002
12.435911398590743
12.406391187924283
12.402922792988821
12.402776345929196
12.36238301348724
2.3871000401754463
12.393017850476966
1.4667482729710213
1.420517057435129
12.428731156494942
12.450876021711363
1.387707133288331
12.456362735188112
12.453913670654094
12.426713851180143
12.44748521075023
12.473020992857132
2.312842225287143
12.423663872039615
12.408629456745846
12.443492813477487
2.1490702655082816
12.434858769078776
12.403761168100292
12.400199184211317
12.361030546813328
2.291708824726447
2.3826953956587906
12.4139380126289
2.335960785370883
12.393577465426283
12.390578229806335
2.3224131715055925
12.426410927528154
12.373534318763717
12.433847833632408
12.498767394402728
2.3246090940626263
12.400447558265494
2.0634991059156333
2.383836254408288
2.057546070803993
1.4558393386409638
12.42739714802428
12.388771361481416
12.427849270148727
12.395619429301812
12.395747920039776
12.402342682206662
12.434595742145437
2.357506327443514
1.4184361070560612
12.399376521611286
12.426560704941497
12.407800254003682
12.436375182985234
12.438952159830087
12.419312389590456
12.43318536132602
12.441063977743783
12.420707374654135
12.42889770443836
12.440883992290399
12.354606713274094
12.413345368377433
12.40826384224249
2.3257000973558104
12.388724812280714
1.4569629001383708
12.46029243837672
2.1058821792895017
12.410597861047677
2.297000202649592
12.432285700607142
2.366450065832426
12.430601472026641
1.9506084280085407
12.42668656190321
12.44441637146279
12.44173022477813
1.4308076579887237
12.413867986298193
2.3591458269843972
12.46534853664908
12.364868586381771
12.426940508707451
12.394655271612883
2.300909692358945
12.453416512801818
1.4745838723204099
2.386914256860457
1.455046155342094
12.451725633153305
12.461155145807407
12.485230700632188
12.45689416096528
12.418824788034202
12.410904454252185
12.38452218357804
12.419602687732823
12.395075777828277
12.43612936241717
12.427505970889062
2.3856612315215395
12.413196296829529
12.352113326011791
1.3965643677700437
1.468874424579766
12.373718431114206
12.40454350597403
12.469180967488033
12.453779644457638
12.38432730092778
12.45832619753283
12.437527986264707
12.430891099055767
12.366843595449303
2.374309576530917
1.4674683740998813
12.446448390823802
12.391067537070489
12.391395592883937
12.427028138663466
12.419361271419888
12.426608908269348
12.400160268052716
12.388798351026466
12.407938718925532
2.3748234708592424
12.369925612074592
12.390692399617816
12.436171703958856
1.4176437059927764
12.432324804935678
12.41934213467043
2.3806485179911094
2.3380536409307755
12.390723973536732
2.3851750616948157
12.361031721770148
1.4654484520403492
12.423567321460553
12.496951354956924
2.4117454456975014
12.453330592508925
12.391946415999609
2.3857850964705682
12.405489870189998
12.44090043716159
12.39630790728198
1.4335839064441211
12.425572739452157
12.42555883019465
2.3235788759932894
2.381686278339997
12.49843254402253
12.413700439987277
12.45631195043834
12.458524214550813
12.475414338022166
2.3869090699362916
12.404773744994642
12.41933260014433
2.3638163400253114
12.415777718612114
12.418991420316221
12.416923389087252
12.443379091209692
12.46906854613643
12.437252963884067
12.422936550361598
12.398032204253864
12.448898069579249
12.416748504757805
12.415424565395158
12.421858044774234
12.36189737991124
12.388445298488538
2.3640238409482097
2.413607746005752
12.34783315244669
12.452921382660083
12.460101377636892
2.3749600833103135
12.410607746924844
12.440476597470735
12.430496203836778
12.410881406327716
12.432985739274942
12.398572211122627
12.445291557925572
12.392112395723245
12.376812979366266
12.45810129655862
12.486571505143608
12.400303675719991
2.311732031339921
2.364133724982461
12.417933550014313
12.395826733715802
12.438034916499953
12.472038713805555
2.232756756365918
12.449528883134882
12.466185782156783
12.472931020744557
2.31716298563802
12.37458241613005
12.346680768364209
12.432999639527244
2.3476232443506118
12.361259241316164
1.4702342518099667
12.407344342766432
2.2598899485478015
12.40400528518306
12.389546768998832
12.3945577371405
12.391546334536345
12.394506803822551
2.087187007885836
12.38686359605191
1.9907774629972186
12.39444423282352
12.439184220331706
12.41460456463723
12.434091193159329
1.484751430056633
12.430893399643047
12.340534253866144
12.42114077790477
1.4717507326579131
12.356707026760692
12.41991299858646
12.44185763875688
12.39339550349967
12.347933542671202
2.0343573522746823
12.458589874480683
12.42997070409116
12.427964240064886
12.375081106466853
12.427495625019017
12.387366132692804
12.434744615228663
2.37209573153183
12.432987871595287
2.3553426602120506
12.37471309657846
12.42431077139852
12.424355261633
2.231829045253754
12.400004555023738
12.40067594421922
12.442853856709881
12.469376178383978
12.422987498660804
12.39145760453379
2.3773391559478347
12.436855153083734
2.362731098662441
12.453057878932306
12.410634485306984
2.4040016375549484
12.37393754544959
12.431484372732918
12.420572158650678
1.4684923804709449
12.369328300202323
12.422581893057425
12.425549709573136
2.3371656411302864
12.440565567856957
12.405961450278465
2.333941127495019
12.399231311280639
12.451634385011516
12.389695860841687
12.426156198210982
12.413949505377598
12.411810079539332
12.408814876447288
12.38659480788176
12.480077459962217
12.393861494835498
12.459062190441689
12.457358780953749
2.2822296542365335
12.436650831750416
12.455354049997158
12.412153675853595
12.475524735682974
12.411078204282635
12.32109117621803
12.360817010670653
12.390576104928247
12.448445034973684
12.389197276104115
2.3410458694694727
2.3435951116353073
12.387326958035317
2.4281453376982003
12.402488300763773
12.31136658551475
12.392282357677296
12.447497014530969
12.408675576490822
12.39530769764313
12.44050667083767
12.42798280797877
1.9578436938098522
12.46840670064915
12.476163605548203
12.457337057534565
12.454736132483976
12.404425973379865
12.437230490026092
2.3763109482272564
12.429236600381795
2.400130288006385
12.407410456254903
12.408425656388117
12.462529615769766
12.410700582819308
12.399703919239235
12.419905106864773
1.8184172336947908
12.407559707872707
12.463752610262631
12.481809192764079
12.395334730553166
12.415083965796034
2.2949798945046798
12.397976001516485
12.407817775280723
12.425537824608677
12.41676840656091
12.404274005912661
12.45413062391464
12.422718023442757
1.4241426007663065
1.4864348379569166
12.442055214541833
12.36715351186715
12.46466627273076
12.336305116764024
12.384861778821318
12.43199862664363
12.426024336384193
12.423955985730096
12.434804981309973
12.447199977057263
12.436034159014845
12.393796859464148
2.350561198078997
12.42269978097066
12.438154644425008
12.36147540412708
12.413221127847493
12.441120012810947
12.423333799460732
12.43359832188127
12.416375887808048
2.3806704963522396
2.4038848578425975
12.435983892229304
12.455138929051348
12.420834200182197
2.3543112588705735
12.423860996352134
12.461133702763016
12.451984895748954
12.351899376312893
12.382216947511168
12.414183272892949
12.412178036078195
12.479226496489503
12.433738219598121
12.392354047346728
2.348784565838914
12.408728898009286
12.471502617902612
12.439308727253904
12.40924151619084
12.447611914685256
12.377045128671238
12.421510864729647
1.5870078758921713
12.360981555406909
12.418505082592478
12.43335872249498
12.419356794737768
12.434589048366698
2.3876612864751348
12.431251569096354
12.380181139322652
12.49056111999984
2.3144875223263006
12.397695471477041
12.456660461723816
12.411409673350114
12.420483042379512
2.334853743846685
2.3047462130889316
12.43674198344354
12.397486039031396
12.43367521183596
12.428450219930253
12.423097329405191
12.409096863691229
12.38269947678268
12.416779624892204
12.350199006418082
1.9699983181472125
12.397732264888658
12.446920115152633
12.41848532269271
12.40353052564856
12.356483310099458
12.409719987901859
12.422521653277006
12.46403670300434
12.358515585249009
2.390610112058585
12.424328714661634
12.435852955525181
12.458275353823282
12.448235894477845
12.461074978068442
2.330001958588835
12.453272606550513
12.34603802529897
2.1061207928625825
12.450568160276667
12.432993127089494
12.446014511244083
12.422694819835602
12.394047519556286
1.4368264988673611
12.426408354239179
12.395514199862133
12.466492334253594
2.3748744726076016
12.45601487686285
12.394432333156118
2.374403549745245
12.454690341834135
1.406450960685499
12.466575670915557
2.391820472885951
12.457185975099788
12.425583022644727
1.4600202278762842
12.415171011865338
12.425978788007416
12.43094081421723
12.386855760415097
12.398138435396339
12.438752314036575
12.459653455137618
2.243316689093795
12.418335954649185
12.376845659046364
12.374523136324735
12.364920303900018
12.419803729416184
12.418741819263282
12.395628340819734
12.401645004775512
12.397880026886725
12.417467885762296
12.413544138329703
2.0555699475604925
12.398889944361326
12.414210897149925
12.44723692167404
2.408698900892955
12.482614223846555
12.456838370903537
12.432115279985034
12.380344376779371
12.426579340488257
12.398875605990852
12.426745350695096
12.439240138123647
12.334291150852446
12.391051648938166
12.417655021435149
12.36759359956125
12.414283296196675
12.493261666359441
12.359106226838987
12.440766460761633
2.2267514594684723
12.422339695006478
12.39736690871498
12.436429105119652
2.336808305003906
2.354577407945027
12.402023583781938
12.427401529243788
2.0516366821492524
12.364513834503724
12.392525912181835
12.408790776723936
12.321844862363479
12.394157262533106
12.47203357102854
12.406172788348048
12.466143789675318
12.44321014313456
12.498792739730156
12.452893545845813
12.438430385716948
12.497346365268237
12.328765122432213
12.396807274755623
12.395582805940325
12.446193926110672
12.395071450728734
12.409623987039941
12.386268927608002
12.448916517998704
12.414769455132099
12.453319274568683
12.426775715166501
12.378224210416144
12.426208704367323
12.441907885406872
12.384932993811054
2.374185989501285
12.429979770443103
12.454150346152055
12.43930882467669
12.45695259613256
12.360907823478287
12.468055489773676
2.391034368039091
12.397164508313157
12.41992958980286
12.39489307659608
12.417141861814892
12.43520505588777
12.40391508367462
12.388020770577185
12.408360488463234
2.3452540645119937
12.405100544740453
1.4664752391931677
2.2408789934027826
12.41744532139846
2.277972240759014
12.39386723134847
12.405824084374252
12.437907311993145
12.390902425246189
12.440844371416393
12.410675410782853
1.9822379237147647
12.426896114166192
12.440133179023926
12.433867351070077
12.417503359394523
12.415574974456215
12.390409956005938
2.3352734702571927
12.400520556765063
1.4704657484625572
0.6263886988135758
12.395236052592029
12.433652731020935
12.490926872146744
2.126415394732446
12.406331612557558
12.417471030093427
12.42099659404702
12.395199626482658
1.4039426755088131
2.2252645335321457
12.378698728880646
1.431724667648534
2.3752894100233575
2.3090174324464754
12.40215312861937
12.375165797508114
12.470529825007548
12.411733168714935
12.40307392887821
12.45813824637287
12.40529249310779
1.4868585649082722
12.409475985490495
1.9044786363173605
12.371259677192562
2.3083518404989536
12.404398142791468
12.46901097324189
12.450972528180436
12.414822824246283
12.41663532391956
12.380599433610977
1.4712556180728866
12.427312919377357
1.463650817452039
12.39564929776985
12.430710282205323
12.418266328463613
12.406354762334074
12.328359898308898
2.3693451978134923
12.382868851041447
12.385118028053132
12.410653218803143
12.384070055671952
12.37685978761424
12.393534438392097
12.448806067539174
12.365635124548866
12.39789663197151
1.4057544493230445
12.485267513175238
12.43038947996011
12.464995616551976
12.431056104814163
12.40352239495177
2.2129898319015386
2.300853042936553
2.3613794877250656
2.211563190708212
12.375852153843189
12.440770930398358
2.3465184092703697
1.4717104580432538
12.493659493458397
12.436465878806828
12.430741027531333
2.1024529171281654
12.41527400903328
12.425062167191967
12.394391005650691
12.454624249951028
12.395769992687317
12.458852792292431
12.437321898308625
12.391994213068344
12.463838153723216
2.4128445539722008
12.415993538727388
2.3064144751317115
12.421426836325667
1.4685472290836863
12.455484881026285
2.2705525587984106
12.432605323561909
12.450855708732545
12.42878457410479
12.399427696013968
12.417597059906548
12.396346211562083
12.385008139805986
2.36898675068528
12.438772451122949
12.444548564834303
12.371871212267328
2.3324788185253293
12.45467013700612
12.403663670335206
2.2744611906279775
2.3524286015817917
12.382026680103158
2.2970833353799707
12.42129151512691
12.46433239850965
12.39173272215928
12.431467262506827
12.431459159783968
12.431221792732613
12.391167533832501
12.444336324312351
12.437445506005403
12.38808794879445
12.425291718473572
2.33702356033702
12.40706996780833
12.432282560901681
2.157551809671597
12.405199602739717
1.4860075407248214
12.431846085997352
12.419245100174221
12.402749912187529
12.461914842469767
12.462109366869111
12.416387840302086
12.437533876144297
12.379416899213503
12.48846457432587
12.456125015205021
12.425032356221877
2.2103136418148024
12.441306576028747
2.208942384023749
12.418795433315822
12.430088485677276
2.3234981250382356
12.411140924633521
12.440663570942881
2.2570142215154823
12.4547156227362
12.400309452017828
12.43427019053865
12.439720553290398
12.43063667485892
12.348451328836326
12.44981599402428
12.403434507825882
12.385587401868795
12.457347511438309
12.366407392170963
12.427456589989971
12.413661835507206
12.426059935232487
12.40680914249854
12.402648767793064
1.4055641952281526
12.386117525263717
12.446569066621416
2.2683347997504937
2.404270544767615
2.0884158211686192
12.433039816215349
12.44717977669612
12.443414829496707
12.47760497996214
12.437082443003327
12.39916376784173
2.3747642875943153
12.447454049861271
12.389107568127995
12.371205248893993
12.351953267080802
12.4361690816269
12.416455216442822
2.335623123760942
12.489670184699282
12.398721432790982
12.468427717213533
12.476273521064309
1.4636674577160678
12.379029419491944
12.43939892387326
12.452405449293462
2.3840530144603465
12.464523723021058
2.2578203081091153
2.1966141408513202
12.432857680461014
12.401942074842813
12.35947535920074
12.377252189591925
12.441389238305867
12.45760933101303
12.4471891355205
12.430552105382986
12.369740489526274
12.39965382593247
1.4656447949444895
2.3047176014097133
1.4216933128138758
2.361983897253407
12.430735683272697
12.367412025590355
12.421694816568579
2.26143177828408
12.382133978155414
12.442888912197894
12.412354090489568
1.4835590334505793
12.431183912439963
12.393583904630587
12.41099730101211
12.428377531433997
12.441529267315277
12.38971247379679
2.3697214140743728
12.395133745006206
12.450533882276373
12.406398086989844
12.396312143922422
12.412950364646044
12.457309231521343
12.440342236260989
12.473449729067635
12.409687363831058
12.357555122408307
12.46333993564897
12.436022927625757
12.438501158860216
12.439921320548565
2.3195412369910033
12.374966936828974
12.450126632423428
12.4721537963821
2.391379592547802
12.398356945530876
12.391029769173748
0.7691981237428065
12.455135477284301
12.408859323609196
12.44922145663709
2.333738731467176
12.401204864911907
12.423487530251482
12.357373436391613
12.492253036543682
12.440124435427201
12.407604738961759
12.473358781544274
12.452183421561843
12.398685879251435
12.384996591930765
12.4258989348433
12.385971670376247
12.41818470243723
12.403110231345845
12.500297220800697
12.457293719455736
12.35785213606395
12.438588047408283
12.393678423061374
12.414594781260679
12.41288771278741
12.416239560863492
12.41055707225848
12.445173094829833
12.420191680649769
12.417840378581317
12.441792445929416
12.394706751578351
12.458884959995284
2.3531266029084366
12.466522946226096
12.433217429054793
2.4206600812565777
2.3353584645554744
1.4864955882859872
12.395211555143721
12.441800481151107
2.3516689148048817
12.412529188954641
12.420933581220092
2.159000554541288
12.417267214327389
12.389818575501499
1.9881724312167697
2.412403346316535
12.382365215992134
12.381873404658517
12.426143844481885
12.43397294596286
12.443633353137153
2.082262068263432
12.449774181848586
12.43980267733224
12.396333084618083
12.382718294409326
12.372430154526857
12.42544742172699
12.37510901794614
12.474808405647764
12.374516474153811
2.3301953888567106
12.368849488429845
12.405991953752663
12.422359083856385
12.394401032354384
12.434002403214606
12.482213362916777
12.434409272106691
12.398295955682428
12.42757313645509
12.408753079269196
12.47028828294019
12.423173262479798
12.46120983440828
12.416038438266252
12.39893529466236
1.3994662295543558
12.420899709207513
12.426757037704688
12.441000116488796
12.468089460390347
2.0964292437818504
12.376324188410914
12.415132040676111
12.441481484858784
12.376791340038524
1.4671076335582054
2.099362483634253
12.368546677091867
2.385745425446531
12.427512961083313
12.431788802010256
12.389011803213336
12.435474006750294
12.445036595812137
12.411946716879621
12.381452961261289
12.382954969438774
12.388380283253767
12.419471777213664
12.39767645941593
12.497139766375392
2.306191382505152
12.415263593453954
1.4662930248357433
12.401649796038601
12.41440618628006
12.38356473366823
1.9651914208669194
12.38834615774649
2.0635268925748544
12.400137915495925
12.43969595053903
12.428729167802272
12.45376057035531
12.425859990822731
2.1436560053553295
12.420031448478458
12.41442249233385
12.367439085958914
12.422292331307279
2.3275966555998124
12.436895545536393
12.455826758341312
12.384329091924045
12.42109651060991
1.4661612876250132
12.488783394921368
12.399292413299047
12.364328575585402
12.448537845691728
12.38870513560597
12.464504258397334
12.423549756615788
12.406504494827544
12.479527893207656
12.41438559720515
12.443428488392584
12.48633577538989
12.438631924184108
12.386295457385982
12.444055363971437
12.391023960269777
12.449530915834142
12.399363900847543
2.0532899544023944
12.412618446201696
2.362691123511219
12.419252809150983
12.41340092978077
12.35096070254278
2.257064287170021
12.34706675390201
1.46993364679861
12.434183449253057
12.410501953170264
12.43785928495218
12.457320830489625
12.434767838627703
12.464773217043202
12.471351862858842
12.491566129609547
12.440904147863574
12.392932809843767
12.47372975207342
12.46455488442932
12.413940426227672
12.423108111148752
2.0460539225459313
12.427518645108558
12.34957419278291
12.436751302762472
12.365345401098601
12.463710362213636
12.378358889106028
12.43933891181527
12.414909319868478
12.458555909125694
12.388569162545448
12.346528331333536
12.469502184314287
2.3343467287262674
12.38996750696137
12.419301631193225
12.442400713604322
2.259711478451513
12.364478781194556
12.413530957457677
12.481445469866514
12.463551303864428
12.386167840943548
12.42507270647337
12.405169242124805
12.434958989666928
12.415839460094107
12.385136767642924
12.438121042212314
12.398538172731518
12.421163604956192
12.465196765562737
12.42480794987457
12.38331346724129
12.429994696427555
2.1579389212215028
12.411133127627744
12.420855906585457
12.448765725138703
12.42098275827009
12.440485072147382
12.430873783313162
12.437750042031695
12.460280978433126
2.238420070104248
12.43656349871983
12.43591555852463
12.38968742263808
12.412429241615708
2.405906036491796
12.41338772230695
12.43732988988193
12.400514907741355
12.42904847795388
12.451006937646115
12.37987714699535
12.39004002867296
12.416251176248796
12.43160542952419
12.403481785514822
2.3716065983944974
12.416883935136788
12.427187379920273
12.423667960045478
12.398515131355946
12.433265605375107
12.470697330760025
12.348993717278383
12.416184721678313
12.428506189713836
12.411577205311707
12.463463376858831
12.414692151898414
12.433858139477683
12.432239742683908
12.376366193568167
12.427758935873978
12.398727803848447
12.419396909963037
12.366064542284068
12.3986026036497
12.376138236868231
12.411900880293247
2.40481604610207
12.404859682552477
12.436675782196616
12.4237301775715
2.328626150424624
12.404226211204211
12.461288279333592
1.4461594039931975
12.40206818318069
12.419106104748561
12.375322935804409
12.404164700975066
12.405983811491037
12.432029403640643
12.466419865333005
12.428805391434867
12.442987326544541
12.445790375319161
12.471746456000647
12.432268152983163
12.416310517395075
12.398501368048972
12.429395799644297
12.388667799678814
12.420321700672147
12.434289763355846
12.402888420092722
12.43721289321735
12.401538388246337
2.4027468005135137
12.40710554559274
12.316594919861881
12.45870898514125
12.419644152848111
12.427538626291831
12.418262047335
12.445409650299437
12.423364469020475
12.44095732738819
12.476094149606258
12.450851647303022
12.424472233769581
12.4684836196034
12.393033092829256
12.45768877091231
12.422547903926343
12.4542374016123
12.402877123083268
12.366490220216415
12.47608564442706
12.447717060728758
12.397580499682089
2.4336918602336053
12.406148667057668
1.4775322893831313
2.1061805021678675
2.0673184666968303
12.46722792185207
2.156024104515093
12.407984572218531
12.432482353318544
12.390511499223562
12.472208824183951
12.426022311774869
12.410695215322702
2.406790222033213
2.4354565133568147
12.429222534452524
12.468076297592344
12.426921763958743
12.410099374352
12.426077321471272
12.381145464333281
12.351007563918072
2.3989082913976527
12.421534433297053
2.387574212161822
12.417362459605851
12.438815530796102
12.41740410863433
12.425062464183044
12.419888974675622
12.378495909837053
12.48651424558631
12.43569778089422
12.440203855336835
12.435758774756806
12.404900741719935
12.468245555945556
12.38786204038048
12.440168706607427
2.3582499348872963
12.474965126883522
12.4896805725409
12.384638043360454
2.0588367149243374
12.4045663135167
12.402131507856003
12.445651876963954
12.419977542133939
12.470585101040893
12.394847579737364
12.423769897263035
12.435672676251059
12.396433883755325
2.273430975622617
12.333378156789474
12.453073353992375
12.401929312905427
12.404366215264812
2.4243027421648344
12.40979385178052
12.362523342572576
12.41995771156925
12.39279128367267
12.446712051768184
12.448147409688474
12.422317334725703
12.385418585343352
12.460305240667665
12.36963879459768
12.473442715833848
12.477885773391362
12.399680695779676
12.438427910977412
12.473696204990432
2.3174089882567834
12.431595267636647
12.420086826458151
12.408176274975627
2.3202182561943103
12.39245086939782
12.456288524468446
12.406099482446729
2.1850607568682627
12.438316618535179
12.431057341591451
2.417957782042796
12.421258927456815
12.450062184475074
12.418016522984814
12.391519224167114
12.420475825577544
2.239116312252444
12.40833983687849
12.416116011901499
12.409186989031955
12.421566060864624
12.425759661486047
12.438648393423058
12.451997906558944
12.399683434756733
12.395964324186691
12.346378500396971
12.415647445928428
12.416657696623218
12.402056276045712
12.442311782163241
12.374413230037323
12.400459333537755
12.477561338488982
12.420132715958417
12.389968124053492
2.142098468374703
12.447965235671214
12.48216904004965
12.393854243929557
12.434316014972188
12.455086881814053
12.411776685587864
2.4103841947505167
1.449114370453778
12.394180831487144
12.46356455254774
12.426395400620068
12.38596158629133
12.382008454131572
12.427024791519898
12.446612928443967
12.419259740982485
12.404050292422628
12.413194798279427
12.4439690840347
12.386890604920158
12.397430428672504
12.44996254819543
12.378627742870627
12.42362745426879
2.167363345341528
12.432367107892258
12.466664136808088
2.2343146103053
12.401315228029143
12.3843392536332
2.383354183823073
12.440200345045866
12.411855309675255
12.38651113926606
12.406944592940848
12.456957278451045
12.389273371623116
12.39268403483635
12.468372527314441
2.334368524711727
12.386786657945493
12.468812599601197
12.434764369161844
12.440691117120164
12.418250255352286
12.373689466439442
12.430907413066802
12.415105043911266
2.3710949030633155
12.414732517231222
12.410658933087
12.347681449730015
12.434209259011308
12.391867811366577
12.418499410240711
12.458643105151534
12.389327918277864
12.418913874872294
12.402530463512186
12.403134394161992
12.452263634099502
12.46439336708795
12.41175354006516
12.358106985053542
12.396013024550898
12.427319340815789
12.437136952901543
2.0518330737758004
12.391958479935472
12.411659897242215
2.2969683308905817
12.470551741567109
12.447125563385125
12.43894939567894
12.398300387762697
12.434691284244195
12.419549405021414
12.366851035262595
12.399468956011326
2.2555744056361884
12.386992801130774
12.380238600809509
12.439945454547352
12.454450361713
12.441851717909156
12.449037204663824
12.418877286655649
12.460654949828816
12.405291809694711
12.423428016675452
12.446259795274639
2.3422563766637765
12.395345951415823
2.248462672294252
2.39585255165031
12.411865250895973
12.38355387540639
12.465742522226751
12.368832455621268
12.436872655594785
12.392598622678767
2.4009861851069934
12.464426735690203
12.42659521871709
2.3272419542464253
12.434856438406868
12.481880533935332
12.430897515218112
12.398282670719968
12.419872970950971
12.444461376578625
12.415559370618825
12.427681396894254
12.450149437311156
12.402303666745535
12.460190391390285
12.420589621975084
12.368050567721953
12.468220317574364
2.1154118429980904
12.482204126379354
12.423889472277658
12.42566953200888
12.378932134898097
12.43333565442562
12.358416744585595
12.423673516429025
12.393506536329664
12.432019607774372
2.349363063050292
12.39821395817299
12.430658345014741
12.410002028249147
2.347365767519802
12.46032652843919
12.37626601378659
12.435167224020713
12.424142952225875
12.415327907089162
12.410951154381168
12.392716943393491
12.451505007910848
12.436184298368772
12.428770829203751
12.421613659383976
12.410978670205521
12.393956639877207
1.8268529321420093
2.3510797366109757
12.417521738610297
12.405760401311714
2.331993772417433
2.0781859458040453
12.463030941698113
12.38904590710269
12.429629893379648
12.421473711992725
12.39222123580246
12.46755573850739
12.38920658977431
12.419783368570123
2.3637745412418303
12.422038799958758
12.438003225390226
12.393198198043057
12.385448608047886
12.412825405915427
12.488205329806197
12.432994933963398
12.422411700222893
12.363298330477427
12.408560479170491
12.459640853340593
12.42407634393453
12.432697361305971
12.320813358880748
12.400782394400723
12.40622537535049
2.199390259413095
12.409098906470822
12.388398246533711
12.410197281185717
12.507978526280063
12.444362399766035
2.387331938746145
12.461587737827319
12.400011879186103
12.438624054330615
12.387820765094368
2.0869453807784035
12.455681578694081
12.424194875913647
12.364708293256319
12.387759718360048
2.4084719638603054
2.364247744169102
12.411769179961968
12.474456881418382
12.480735932598057
12.393079004346145
12.46816381272278
12.403858647983629
12.383837305901835
12.446139399680888
12.420340802917583
2.360279920157112
12.361586040798516
12.47752141379981
12.481204193594868
12.378339990521008
2.211113966529353
12.444644296861913
12.488924883061932
12.35586597304829
12.460747296288785
12.474513345519904
12.415504341760837
12.41113753861056
12.392379982384963
12.421298564497382
12.372356394463534
12.367748320406715
12.40935561963523
12.439387920818605
12.395733452379726
12.419774726114408
12.407138512291757
12.447733142373838
12.491815001766001
12.398715866155953
12.417139779393333
12.391142906221162
12.412320836461486
12.379718349079294
12.339797410785518
12.43886776044287
12.392834092449672
2.293805693264469
12.472103165048107
12.364751115326783
12.403775923484108
12.419913762018073
12.367239472277436
12.405505978009622
12.392685451807196
12.406636959162185
12.352053352514003
12.439583210638382
12.419281838577454
12.419688491897153
12.449513848588202
12.438985251081107
12.39683957737286
12.370092106432963
12.390172965924034
12.466238021536864
12.43685832658727
12.475055955408903
12.398691559121286
2.280495662048026
12.41081928241204
2.0482638949089385
12.397139947834825
12.4869244985184
12.47614089081641
12.412525453755144
12.375192946074769
12.437524420897251
2.292759602103591
12.445151282273896
12.408021320986029
12.392573265127725
12.388917085854239
12.433911971350142
12.453162859570318
2.2740305993210366
12.379048285866642
12.416169121599026
12.420577300732004
12.396975142509184
12.374784916015482
12.409066463760114
12.450257971256281
12.402248460063658
12.41167515232251
12.431385025316926
12.411668796716437
2.332389798043862
12.43053958616823
2.3583487606959452
12.393580865271531
12.4198924209751
12.411512385710239
12.38971537678825
12.474715824760045
12.441549429218458
12.354085274592702
2.281005575159156
12.443333600739027
12.445860138024424
2.3824800625406963
12.422161447332336
12.441169860268122
12.412524454325553
12.4301429056221
12.431461063569422
12.434453049098089
12.373898457399715
12.366713777332533
2.372452961239407
12.440398279076952
12.438776710599198
12.456321320662314
12.431984718236695
12.40248261923887
12.41055199879844
12.448011387729693
12.460546662902278
12.409169897372541
12.377977475508505
12.431572328977806
12.439466607331621
12.413691379365886
2.391413873129524
12.454369280797192
12.437377432057332
12.42594749745832
12.417714721630807
12.39514587626994
12.417253612830077
12.452816904254739
12.409591307705645
12.434140792577901
12.443057652069587
12.374998242097831
12.402582946829979
12.381391280084173
12.427462962527226
12.45487843277414
2.4068573485873745
12.382051241993173
2.1866872096637997
12.427363960871427
12.44306114029067
12.406922150660694
12.466142086148354
2.281934249854727
12.426372882690846
12.431474447473338
12.412512758914827
12.415104820454026
2.36787807449186
12.45938735751161
12.394871273071665
12.400332653489786
12.422630281703738
12.386047314397851
2.3884887092765665
2.398047047908502
12.409569368169745
12.373751831068455
12.382859571401212
12.44548972082238
12.443687133678658
12.409472177829405
12.460283929710416
12.38717998460618
2.240875799735584
12.42441750820178
2.317468645532437
12.427117747476819
12.495518446349623
12.459459520617719
12.431582524965208
12.426081996900482
12.458559289254588
2.3711366173737156
12.397279940548955
12.40835323775412
12.408618670476336
12.40488121307596
2.142200092127763
12.478167083799878
12.388958339181693
12.415341953166346
12.406017055655276
12.396989900521035
12.43426053930506
12.38064451748475
12.477292975934205
12.483343706687943
12.441018709782014
1.9611954469905886
12.421877169960037
12.436972890756401
12.400034413230918
12.421915405357502
12.383083866571633
12.46317493151539
2.0654253002519125
12.437680168876069
12.402823242237934
2.401242422036439
12.407774924879744
12.449263438443218
2.3557094962819356
12.449241647238212
12.433064133301908
2.3366642779268383
12.453698491020567
12.402710578273497
12.472455725254626
12.413797916726121
2.3835479699818563
12.438624009316694
12.306780072133803
12.388473296672023
12.433997729483178
2.354239350362521
12.388007984198726
12.42705215453169
12.451273523955251
12.374307420568224
12.389630819679171
12.439179780438442
12.41260878677967
12.460373517024097
12.402052373998558
12.45376976641494
12.399155725504897
12.370600665751402
12.443322770968624
2.21272539359858
12.374114574919313
12.449351688487475
12.43329638591436
12.420411222672191
12.415262805680362
12.457370903117926
12.405371619567443
12.397465640776042
12.417463430373392
12.437031072348788
12.372390518817792
2.254286979609838
12.394317446883406
12.456195487875
12.386128885854763
12.412836400701536
12.45677884722873
1.4129969692672644
12.48617219464435
12.37162075049528
12.435492435260716
12.377562674962796
2.1365226531714554
2.37101420022545
12.39781986369961
12.439202410640002
2.2623413668239865
12.358661484013277
12.424780227037818
12.35609565850905
12.394005802276215
12.363246146582968
12.444855626469018
12.376427078646007
12.466626713890284
12.428115957360298
12.4660992317527
12.427987563427132
12.379928783480048
12.37805397056335
12.412376231196836
2.387014282056811
12.46312802918144
12.40137693324206
12.383623569834771
12.423629536395053
12.477634227366039
12.434289022745125
12.42496671861717
12.388895928187079
12.46181125732906
12.408699072357631
2.259550434414151
12.365440816755351
2.3289313067120654
12.442650645415258
12.329566785379868
12.4169580282111
2.3717804033063907
12.420645426086653
12.438192231110474
12.485393395629782
12.43343667609698
12.38281908799011
2.291502876789736
12.465329186006455
12.42470051745438
12.371489774715052
12.48464578176982
12.42205300569811
12.423997702249737
12.41348779098958
12.471819396700864
2.413188670500253
12.403555817863804
1.4091354555204165
12.386581121137178
12.452304671537664
12.401496455195764
12.407081224279791
12.401704150282562
2.353284645745218
12.364373419040461
12.421204388817573
12.423335958236205
12.359289846369746
12.425446429505023
12.448594952608309
12.487318571153981
12.438333813213708
2.274699767157325
12.408108689840148
12.466602093323624
12.3894468385494
12.407940670871383
12.4272565036839
12.330080191307747
12.426762244650094
12.365420092545456
12.488866712046677
12.404171762409277
12.387810371412733
12.483041897246002
12.403322268710994
12.468033625057782
2.289878779205847
2.4166992717119355
2.3905216520866985
12.457142620057846
12.392464399577447
2.328112412437907
12.481318616877285
2.3891388856502975
2.2599327440992476
2.3258580562482796
12.428559176095343
12.40160455465428
12.370136233333671
12.417289307349947
12.402721690811774
12.5036279626024
12.447413230407852
12.415595075564083
12.466665770887364
12.413707637628839
12.492239171702252
12.453969033956827
12.411432473381536
12.44941128648104
12.390783592432907
12.445216761409036
12.393871172926994
12.403921081770747
12.41541761040909
12.460731987362355
12.387715997450917
12.430714180878441
12.463211602022593
12.45671764049816
2.0949939403880844
2.3601970920344004
2.3702929443660987
12.424142196196062
12.433816516239776
12.436274277789547
12.461649090791763
12.441135115505439
12.471511197583016
12.453266007469036
12.3487649818179
12.435977532477672
12.381536404081436
2.34486123326212
12.401450077398042
12.4272063258017
2.20390564303576
12.408407697195788
2.0230419413911314
12.386078334882972
12.50038664105867
12.376536192030054
12.406593702290568
12.440423455677976
12.488225597053198
12.361675464507034
2.405374753673952
12.424394098066495
12.389158558770927
12.38342598051849
12.39622806845305
12.453334050260242
2.2821725204795813
2.3420403060793547
12.470298654570566
2.1311755212558077
12.399674426765458
12.370816942154228
12.451311082282896
12.375486974275953
12.419819388296956
12.421136211381967
12.41249793187956
12.465833222559118
12.422391090924
2.3620990121522007
12.361005642855725
12.427565541316532
2.3496655707522835
12.38231672738795
12.442373873788034
12.442019191561979
12.426559967634667
1.480715053397324
2.062284399956484
12.418585215186612
12.457564420464086
12.375754621593513
12.394087170714254
2.3446181687250176
12.372211598486004
2.3311025931888048
12.324520624680522
2.3399956321471893
12.437153239337965
12.424376998893177
12.395549006708642
12.424087766878387
12.39349375058993
12.443402874238657
2.3817409502994997
12.409646499711476
12.415666707534827
2.0586287000017767
12.414704771007019
12.39441571138413
12.419571473782797
12.454698603208893
12.450478144251097
2.3421841450884306
12.436542320443085
12.37895100145126
12.403666639497185
12.379805559852596
12.441454116310268
12.398112352194993
12.395186781589675
12.452970462866592
12.442568568262237
12.48867103811066
12.413365111763952
12.373317765024137
12.442826137671828
12.479297808260597
12.458435943656056
12.422715599528864
12.41624975169555
12.489686276315052
12.425641334210074
1.9647280104535567
12.39171966042589
12.43198710221958
12.446985178403374
2.2893212750967287
12.368220924684225
1.431805903012941
12.449126246865633
12.458329588294209
12.4136646804763
2.2567600179526446
12.361284179774941
12.449063209165788
12.465953252487736
12.426367406913617
12.370317217438894
2.419847330754394
1.9930942384352799
12.499452523582681
12.465186032332857
2.3311318869104345
12.476837139464486
12.421186168447417
12.328763806985357
12.438477164472502
12.486189600912136
12.471309966840803
2.350084390578505
12.343402568591982
12.462800941347915
12.428363482763235
12.428345571907906
2.045648839230065
12.402062642337045
12.371840676682023
12.440630745613669
12.429167275308066
2.2206786722946488
12.432432895087565
2.3316068336159463
12.440322342561865
12.400497108947912
12.388670642090181
12.467950442626856
12.412794779353703
12.474018724014165
12.398062108581113
12.45383962836489
12.421259605472862
12.405340414690018
12.423898011519295
12.399733336581672
2.305954307046593
12.391532414062848
12.384101617698086
12.383937923027487
12.447290580157972
12.421012848421645
12.424092283032596
12.44328901444466
2.227005502553163
12.434328379957956
12.457513308217834
2.2809258453341528
12.455967607321003
12.488737418913477
2.280647704964459
12.409015236643729
12.41066648889526
2.0098584649595
12.442685941495526
12.47475148613093
12.418046841795206
12.424311913632152
12.402800118405892
12.407844820263218
2.383016477794949
12.460008518187658
2.3307109469639635
12.400793901669989
12.40120741546054
1.4867259439670293
12.409433812082804
12.389771518861892
12.456536538202414
2.350237991659132
12.406237258281394
2.3129709209813547
12.424666574931267
2.3382633640601425
12.37011144166809
12.381051783820105
12.471302087993442
12.426847696386089
12.400878185847207
12.440197109154342
1.4677208785625133
12.439634652197368
12.402019277473855
12.357642427558076
12.488984786578655
12.340242197447374
12.425927068762096
12.48188825192268
12.42423416265346
12.403868191332144
2.371666552271118
12.49075851790035
12.369019995913005
12.433384426990898
12.430286704863207
12.434539959541762
12.416612566079579
12.461354867965314
12.358959190195204
12.422957256848179
12.432861423977156
12.43867937199899
12.461226477644678
12.341573249015614
12.366814346221432
12.403373676176086
12.404314415876492
2.3310966904142516
12.467022756668822
12.440409601778669
2.316945161465374
12.401343718335534
12.371753412222391
2.168425275686521
12.415567883914091
12.388033902336797
12.450777888653684
12.395392438839202
12.383198848370748
12.396854756185956
2.103044791104503
12.429530877707005
12.439106446785296
12.44574878942481
2.0811216243726247
12.474997117692515
12.420090655684794
12.447209125014684
12.485332810473789
2.2648656031367835
12.438423878549369
12.413532283332502
2.386232123395026
1.8870999548949765
12.43273964865108
12.421228444567449
2.4206356581307786
2.3526781743265133
12.394860140133297
12.341016077823635
12.424745560951184
12.428052966114908
12.407356034481968
12.460931688839441
12.406155462924753
12.39809543246615
12.476000764146569
12.47827972859259
12.412336943366824
1.4411763649874807
1.4730067203999038
12.428115493549956
2.4416745990365207
12.423560825204198
12.455046572532101
12.462851634382021
12.425894916532922
1.4772914621825417
12.37124071328047
2.3831718866596736
12.432606135347452
12.423456856172855
12.414583319004917
12.370294466834952
12.435613403702597
12.420475865568907
12.355513562991767
12.416153404735056
12.407775142181022
12.432113453175557
12.349339677965954
12.42135959177974
12.370433412706081
12.43810735472742
12.449226808103736
12.447150856090825
12.402370391210741
12.42969167393136
12.434183758331375
12.42612697813614
12.437194778259801
12.471798532411512
12.434082834799565
12.41563307764775
2.4005627507840415
12.448483438732472
12.38889283218893
12.37710850120768
12.362162042402298
12.393702349818506
12.407095417140445
12.451401663350186
12.41868963474497
12.384844494071487
12.369006200815791
12.459767504699315
12.311906637347331
12.425237843131935
12.435213679361127
12.398603917919916
2.293110964511664
12.483019756246723
12.45874600566674
12.438103141648579
2.3049462780668604
12.397919073488934
12.463154025406311
12.36898614150427
12.452935361829999
12.430212106571588
1.4651407815248114
12.405855736478395
1.79357903625928
12.37079483363501
12.416754613776504
12.434400900292243
12.401033577837534
12.332994367823016
12.40388886308143
2.356678252462117
12.423764240596682
12.42291121519325
12.350511961472346
12.398400520209282
12.40408428440661
12.375504352219941
12.440266018293539
12.416555616689045
12.476255812454179
12.428982560234465
2.4380457934478525
12.421793951272576
12.43745414123553
12.401160834847174
2.3260915577536316
12.417687249051992
2.289638521664293
12.382021469073708
12.365305943557166
12.468769279048367
12.414370599667443
2.2353608731514254
12.388496222641864
12.466499207173719
12.430504498890993
12.446243364582282
12.402374863154353
12.388556506051867
12.458193505440292
12.438011133599527
12.478655936871808
12.414986877213332
12.3771649026221
12.37999043019742
12.426449252964145
12.389070475470234
2.381263823489697
12.385481639567995
12.437020991970593
12.420555234963626
12.433860991097784
12.467461957576942
12.403755174563686
2.1009522833055017
12.414851680601526
12.44826880678373
2.3627285861911203
2.3813903125268023
12.422910061134012
12.37861443527712
12.38193255767272
12.448340080745005
12.382781650634646
12.435942428931934
12.409605172849263
12.392505508316429
2.0359423720059193
12.38730823669328
12.44404572502231
12.41330037755821
12.401341661594511
12.40430931136086
2.358397063827499
12.444736752349673
12.428576000482677
12.443112402295588
12.459738972628873
12.451650510443852
12.433685653553194
12.404430096683328
12.416990838916714
12.450533000829848
12.416491604074276
12.4466330835776
2.3034965949174504
12.39509966576085
12.33255218649221
12.461756873729579
12.423235900777591
12.457117480440452
2.385714865562034
2.100697109672588
2.241094389776127
12.419170783781267
12.416389094725911
12.361471907969666
12.383658665968671
12.424436197955341
12.351032963019222
12.430993818194022
12.401571768796837
12.414019459059528
12.46110317290874
12.396453781414484
12.387823977431864
2.404313765830366
12.422271034124162
12.42156459444562
12.398449314732748
12.407259744858305
12.442116073141744
12.406520040091934
2.4251510347997587
2.3163805855467
12.484878512514188
12.406983206305249
12.415145789922917
2.2770620837154363
12.432339597100603
12.432966950677685
12.470363920696776
12.381863371349672
2.3548754871587163
12.441226982109912
1.4763185959978
12.401629194734937
2.3661634943566
12.341583730747967
12.466604938908343
12.445751881711583
12.3717921641913
12.441729495605902
2.1328882142474983
12.478435794899895
12.383718725772521
12.41366041085227
12.404769512944913
12.43059205006683
12.416777444533446
12.48524753933225
12.387931910087762
12.399423555612325
2.0402616791891433
12.451875891019863
12.409275273185548
12.49562693633655
12.461021859239475
12.368120795771581
12.419120498951663
12.392681789172668
12.42469738851185
12.420909574892061
12.41603162573778
1.9667267657952154
2.3167931710673737
12.420867559313852
12.410223278098488
1.453754633601093
12.402104586488349
12.419777422974231
12.376261920008503
12.434417948862071
12.37658001383316
1.4377462575607505
12.424316901194707
12.42967264728181
12.447678833806862
12.426837689909515
12.425917023489166
1.4805831590891048
12.365191924977767
2.3485620068745217
12.371641829674656
2.3676775283707805
12.437133561088157
12.457664890596856
2.417397675863541
12.44145321086877
12.409085076975842
2.366182890145113
12.38660860318884
12.455042036947914
12.422842890767367
2.263674352406279
12.416834883102876
12.409936239884923
12.382107926476989
12.431633019313125
12.440066689779432
12.391934136147954
12.383904386239587
12.348444381827104
12.359798761743601
12.48818415637446
12.439681704737804
12.4125881208632
12.39679148395306
12.381303656684695
12.438771904111016
12.386993769197483
12.478203462652845
12.405809055934618
12.431480014475806
2.2391972037988155
12.474515764133386
12.401633314700005
12.374656416836832
12.418986425249448
12.371031408612598
12.442316618877536
1.4810062797386605
2.288082491071477
12.445221875203092
12.430726044352879
12.430682211526886
2.1639873862783534
12.39489257084479
12.441547368505514
12.434553338509353
2.295214475433469
12.402396986777438
12.375732624361046
12.369297427046963
2.3834882455100264
1.4264102308156483
2.0550353944103374
12.412747750878008
12.445697068541795
12.435359314000383
12.41733681157526
1.47538780537478
12.359258676937312
12.36913828233936
12.382777499989903
12.409469458641023
12.440232158643417
2.342175602093662
12.461481396079275
2.379797593219369
12.41460940523528
12.464224449661316
12.426925252415845
12.351147946915228
12.456270886240148
12.424308697300333
2.2334191301230963
12.410504811296931
12.435033959385914
12.385032332804913
12.430762990358748
12.451369590008273
12.421801075395933
1.3879171414401723
12.46301033738171
12.470434997101325
12.444100008546044
12.471805616079699
12.458375782869634
12.489462902899518
12.444591457473269
12.41528576037786
12.434311897743699
12.380265803793296
12.420103356470912
12.438967748394003
12.408396095277594
12.431288700157058
12.344188109777127
1.4846412655289074
12.445461569145031
12.321081312617927
12.415668290273553
12.43436049688377
12.41436099465837
12.397164391262962
12.376655846536355
12.443744339659677
1.9421744090849578
12.35859349291885
12.391079149584524
12.420926522558085
12.485824356644791
12.426611342382516
12.41320085523813
12.415711740968554
12.41646571207588
12.423511001371143
12.461812525875677
1.472924747851823
12.435986873803001
12.45424482282641
12.399791598290737
2.3423559645123673
12.363734918916526
12.339681784708345
12.366884519028837
12.473141284283491
12.388183066960336
12.342599558009008
12.44492352438273
12.388712458105601
12.448795622200567
1.4841145616397662
12.391259911716338
12.3657178673332
12.462754981763396
12.406289169281823
12.377251112891905
2.3636819536798814
12.383078641102848
1.445812231926259
12.37787165715652
12.412634222676001
12.433971016540257
12.43047746107576
12.407709845631544
12.464025142722264
12.37030823299935
12.417807896485565
12.362183560991799
12.436717175589646
12.411247790575985
12.372198868052125
12.453377813266926
12.342965739335476
12.445762626082768
12.348425959808056
12.415919292306317
12.410564465499753
12.363968983157223
12.394969615988176
12.45659564769313
12.39477471679702
12.45514511970758
12.460514801018393
2.2930216274769837
12.412051912033965
12.401799123850852
12.402146742369327
12.496605366489796
2.3486926347652832
12.430145104306801
12.393018569693925
12.346914511403766
12.453326710474064
2.369053612786376
2.397889953224501
12.383359303829804
12.359692644145746
12.399704706360879
12.371164895785023
12.401311115450875
12.393263924841705
1.976841796707928
12.449407114737738
12.367194282811734
12.380262026548163
12.436292659617447
12.443289306970232
12.449999585835728
12.445058699803822
12.321794108283408
2.3534060530762613
2.318553831734012
12.414729929557438
12.42263983643078
12.380924973299681
12.426932825352555
12.381946071168649
2.286609541504664
12.41297904781874
12.365193440763159
12.454429392953863
2.2426282522307592
12.378061697739566
12.436857437001748
12.41759463650816
12.408527587495609
12.40973471889352
1.5331390379499759
12.415514219092422
12.426280980107522
12.358466402325629
12.399039082288203
12.419751592332936
12.435602546991712
12.424823144202833
12.42660901274119
2.203676617310883
12.448830097518963
12.430129577605097
12.310291891460796
12.42495245057415
1.486921065486899
12.434410968365944
2.3321447945891802
12.482047093031362
12.411257371174104
12.425504821299008
12.356377597951171
12.425053869907956
12.358330796912405
1.4356829724757914
12.449973308946163
2.317895824346185
12.439118420079346
12.435536651762444
2.4120515078419684
2.338060485214657
12.389740849645039
12.402793510087115
12.37649250694739
1.4845029727007817
12.420834332334897
12.405390031311644
12.414077137540682
12.432205103461676
12.335819761532925
12.402857996105865
12.440255155399779
12.400914131133943
12.45132864549634
12.380757655471532
12.404536728938151
12.39198169548107
12.488226187415659
12.372972846793257
12.430284657241597
12.39720980017406
12.440217021949161
12.398855276785017
12.425421663333466
12.421159109078314
12.419263148716574
12.407529824690046
12.423175949163996
12.410268149246857
2.417117758160583
12.43802767250811
2.0601702376181534
12.428667249960496
12.35384569767498
12.412211345461266
12.424609590017129
12.440499492697628
12.353198970821381
12.458199073726933
12.426030473649021
12.462486930020296
12.434387700763573
2.3591114410955196
12.474180964845775
2.3987408610921643
12.362315956625995
12.429682524998018
12.482483234938007
12.429404313725598
12.405996930925754
12.47050241739738
12.438614934027862
12.459724613799484
12.445092413479216
12.35361396498324
12.332135422397323
12.434970612644687
12.34938131072808
12.421874529012078
12.41001794867863
12.314713365794267
12.422119286789977
12.419679093192011
12.426054590977541
12.401760767044822
12.455242388751
2.288180443988505
12.35477923041172
12.448031366061702
12.382681075490094
12.45796341206651
12.39266986722199
12.468714581494433
12.398373347633148
12.402463240814974
12.39216123848471
12.469688836345021
12.414012116222366
12.428737071337887
12.433528149947335
12.475413436387022
12.420585810447722
2.0179942353806437
12.410119430556138
12.465224126931599
12.43190982413226
12.359351022719117
12.424782693112583
12.443788798677465
12.415641601389646
12.347834211132746
12.417763288334058
12.35892875685903
12.4045877996395
12.430373621487082
12.357497936988926
12.40732402001976
12.419679079589901
12.418354793502903
12.36301944485346
2.2850506321484767
2.361372649775152
12.424501594460148
12.367140472071327
12.437038785782269
12.4288076738512
12.39562681133336
12.369070405346877
12.391000170811546
1.4659794635894954
12.412666011844543
12.431191757516734
12.4396882776464
12.429160090650907
12.40219631179151
12.421469664701151
12.388173008637573
12.453401610597094
12.448492943661464
12.400616357043372
12.451872856804295
12.461765162306978
12.427135320869088
12.39539330519722
12.393237159632537
12.430599311623784
12.450030358267822
12.414339466110874
12.355743596902329
12.42045946363113
12.390536274426763
2.1243477960363677
12.412339905804764
12.394153828265557
12.407543420701455
12.418287804611166
2.4043475242610093
2.196737632288505
12.411147590758123
12.419581136288512
12.45353851901639
12.39544626495381
12.405004185824726
12.420923783484781
12.406424962045005
12.432092990855697
12.48423938766069
12.418260554120952
12.400087972063403
12.395323842747624
12.465937668309344
2.023096040489196
12.429270125418757
12.44044267611866
12.40789971988763
12.408045266068882
12.434462419715716
12.45557185713622
12.445808827046324
12.418562322194797
12.361160997152572
12.405221061323928
12.452530689850391
12.41989187646622
12.44819032607829
12.43708901057869
12.44069794715372
12.47383374128389
12.388079142614927
12.476197356848928
12.437082774567479
12.435642738009664
12.442704027306975
12.459997012252447
12.394506879022012
12.433929108261013
12.406951065832136
12.438648552312046
12.481086280505082
2.06372635641376
12.392459027894306
12.424254841857287
12.423201871958153
12.438801822752904
12.444727136360365
12.400966213859363
12.476869992833834
2.1951326076933575
12.356623699053685
12.495344655079203
12.349907226815894
2.385841535469882
12.472397938015854
12.405705205346306
12.496331784473517
12.420041317880047
12.412926836581276
12.399085073063699
12.39656741822318
12.4139872560674
12.383112613954072
12.43439851635582
12.371382551666548
12.43874149551934
12.453573879061512
12.40970891785231
12.433056887126869
12.446785923392001
12.364622283292272
12.442364090931447
2.0108894361230574
12.472059132937678
12.408961784899954
12.392589865634394
2.100433117738672
2.3969772213542915
12.46551312704063
12.398886326411288
2.3113307765302427
12.420309387525577
12.422492733748431
12.429490792080207
12.365929914127236
12.329599773583391
12.401309634194988
2.283757386079244
2.339507493825604
12.47488117547149
12.444259369818088
12.440329494672426
12.393116655887102
12.445779295768142
12.416351389534276
12.36414589249432
12.407671224968377
2.3311937124322277
12.478034677855332
12.466143022774475
12.403956716585414
12.428134626480139
12.420515493018437
12.413711899279456
12.401384034317946
12.413877222014978
12.467572496706442
12.358530656433963
12.381996475255768
12.437981218496512
1.4878407301849288
12.477161751150971
12.394033693525852
12.429930066278867
12.448031630738944
12.454048282338182
12.396182526214659
12.433829384790318
2.3433973403617756
12.459762400660086
12.420010329195954
12.455142087008525
12.46699704386359
2.3263273652287975
12.467848667319995
12.44681170964698
12.354975984992796
12.440916684676072
12.369081148163218
12.37649845374223
12.394902501442488
12.39079471978582
1.4720767800800392
12.416078905830952
12.43381957445833
12.43894479125991
12.462438036557728
12.462465574452342
12.450989723658074
12.452705690788463
12.434431285189438
12.397790618502274
12.426238954360555
2.3451764723956154
12.435780987089435
12.363905482766217
12.47244972417301
12.370873047492223
12.37242468724859
12.391556873333057
12.433797926566792
12.412182751307698
12.38763496573203
12.405508214472977
12.438827046472388
12.413408008681714
12.38889682990521
12.409875913796473
12.39813177707998
12.387197825530238
12.363459184442375
2.3495169178011457
2.1728565371363016
12.40751373715479
12.453346460286376
12.469603251821177
12.420495858715086
12.398296023390028
12.411902075281017
12.378390152568107
2.353090621388138
12.360900768533073
1.4886227405920314
12.411477280749832
12.433481025313942
12.432433099277837
12.463650226982043
12.339973406626736
12.442545344183598
12.358904526744585
12.413372559494512
12.479201251288934
12.427635268117065
12.46680452451378
12.438795771415137
12.4317562875895
12.490288338031238
12.439050780993451
12.47108534461956
2.018950370542063
12.464200798804763
12.401832984324205
12.408027177691242
12.393996151296356
2.332461542595782
12.403513860499107
12.509464868124578
12.364558608587542
12.38248666299517
12.424469200319127
12.376394162591598
12.4146252980509
12.408936237593508
2.424270769987909
12.344635765944558
2.3233753254753142
12.454120578110011
2.4073598962078213
12.407141756327661
12.400961370510313
12.34324055970922
12.395234093144786
12.371718966318229
12.395656165925658
12.389614181279985
12.429266273031008
12.396502825699049
12.43460333543638
12.429766954910434
12.431491434910601
12.418289162936887
1.4805522325235039
12.368972779293072
12.418610645285932
12.447151492292935
1.4296931739676975
12.35122588741011
12.45477824779974
12.383299309087098
1.467667018644588
12.377003259608394
12.41549717971555
12.442363265490037
12.430321459070155
12.40216682454557
12.388041508836052
12.353955971892526
12.386834239676856
12.423469318522816
1.8672640474166535
12.414838099636093
2.343274442776382
12.423758132979225
12.35742723533511
12.39558341276362
12.450084203634544
2.3701077288256966
12.369482694021897
12.398453683070331
12.425840980369635
2.1804226540709424
12.417359689805302
12.417701332589667
12.485434207499178
2.1136289243943795
12.436474741210208
12.424955553169859
12.423195312489325
1.7973915467082198
12.429709513089254
12.4296838437405
12.349294015216232
12.380977969995772
12.350182101444608
12.417410717246078
12.404572994261251
12.396589199943865
12.44764693911772
2.3119301408962296
1.486047531069796
12.41821430225094
2.2599078140772844
12.413568704631952
12.349080812142294
12.40630257271574
12.431779359009711
2.289713090460695
12.499518019254126
12.450989522680814
12.447371027142225
12.419109323518867
12.456345139148524
12.444015617123046
12.41729095026241
12.454839865258965
2.279659773445817
12.408816475781418
12.4068868230731
12.428205515048356
12.397722199884967
12.481028966911826
12.441560427612064
2.4092269663494545
12.457148897756419
1.4850006577003398
12.413523309583189
12.375882924450647
12.447040932753865
12.363041538974034
12.402407073972979
12.460809288361212
2.305140682666738
12.430839942177412
12.434607452166134
12.426108408629652
12.389486866772755
12.465227866624858
12.379467549739177
12.438367422797784
12.387786182485979
12.434013008729282
12.398787647296173
12.41279020147913
12.492681848984958
12.440946187189198
12.380033261809773
12.411069909971488
2.3084973813536025
2.370135332274753
12.430269402716181
12.427480883916182
12.408815857558919
2.0491158693581326
12.412285639771099
1.419183517626905
12.436992753415058
12.435297951419777
12.449188161118279
12.464461878057548
12.45371654850613
12.435894462060169
12.424128458668754
12.495570368426922
12.383065345999668
12.388634800838874
12.36345942842597
12.43172408381055
2.28378867316245
12.394496097168952
2.269055735835038
12.43258928510987
12.404321388271791
12.497320411118526
1.4848759550209105
12.471490874887763
12.347470207821777
12.438897521747004
12.410833209083089
12.439112249342525
12.444141002435126
12.41648612936221
12.424145204617348
12.390808237042464
1.9385096734747043
12.455557224373267
12.493273934029887
12.433841147933785
12.431217254794552
12.421180783350323
12.429949911483519
12.419409557398339
12.382551433635667
12.422546873821283
12.443611890228098
12.420859275816861
12.460415399365367
12.406614556339878
12.383067160757252
12.409688030814753
12.34024900425629
12.423046253628383
2.373729452238311
12.38452430696328
12.373782163522232
12.449699408361226
12.460456041491668
12.433415946170378
12.410348287428533
12.406275752244799
12.440633664105288
1.8658459512795855
12.461088916732352
12.432818863006226
12.422861866815419
12.435474313252156
2.357768638587031
12.394634988762753
12.441523780663234
2.22883731638048
2.3540894022387757
12.456488467864547
12.434255490474873
12.432023091190246
2.056697105404324
2.2714979097306944
12.444207844250764
12.374047194565916
12.402933326010348
12.405169140009374
12.423028930726735
12.406146529195833
12.451350623904998
12.430963104899647
12.44411661650032
12.410619497747136
12.437718069260214
12.36493859680377
12.416072853725646
12.44684708060162
12.349854182607048
12.403733848598813
12.401169696242402
12.419748080884943
2.4060815508061344
12.484135063554064
12.386009607455595
12.408191737512599
12.421785139658411
12.44341658969288
12.419071643226236
12.388190887965393
12.456615469965964
12.409257788666046
12.457243634951613
12.478820790394238
12.427776945437255
12.41827872806041
12.382751784180844
12.468467787537733
2.309995510305468
12.392813873263968
12.394985601350443
2.261832416594097
12.413751617425898
12.433059546969577
12.407224351917515
12.399003387666621
2.3554355349990597
12.367688589683262
12.404704112680331
12.431526606334256
12.46019058780648
12.418832657213295
12.4416205446462
12.418134098911567
12.44983239029627
12.365428623258513
12.416773829615336
12.40359913053144
12.434831427191227
12.422950927866726
12.432962858486082
12.449114660976342
12.450960656023467
12.356451318308467
12.417243952536086
12.427362654011095
12.355397466270428
2.4106489034225613
12.420586500072218
12.500542119470545
12.407524274897897
12.433731111215081
12.348904125824259
12.438766173197731
12.38379507123927
12.492540565171803
12.399768335449156
12.440962915978513
12.479667009960755
12.45156901070205
12.421099366198206
12.403958163669765
12.345424072099387
1.8988122643298984
12.450525006057298
2.3695756599310758
12.443025867518903
2.3135991215654514
12.448512461503842
12.404989566318001
12.441774721883416
12.37503246536711
12.451669194727923
12.408481127591964
12.398905666815201
12.408449404387138
12.428767789673113
1.8411502709378011
12.40511788083991
12.409896400510373
12.403242590191766
12.353286616638757
12.464440532523028
12.422914181207478
12.456083649245056
12.40617789956707
2.387363085757503
12.455985574034244
12.439770995037208
2.3779943656762748
12.378795645402219
12.471390721839066
12.418845490274139
12.429818007238953
12.376430990094933
12.379971953988441
2.3443930014036263
12.428501788288052
12.417556685676438
12.4083964251974
12.462041460787944
12.39146859780793
12.468078810082705
12.441014272656307
12.438832884091681
12.367693682097578
12.409721597947566
12.34112326299512
12.484361955661932
12.39297975822806
12.412802248511069
12.453901670874762
12.399066624703131
12.368755591126112
12.435184884506416
12.397270544575218
12.3910399724123
12.386598926842113
12.410490315984946
12.433220566298665
12.420600826432473
12.448825390344672
12.417026322495683
12.344400779638182
1.4811452204217987
12.465614951068066
12.426352903065851
2.3509439424728114
12.387187384230405
12.467078244131994
12.412150235505507
12.36363237151529
1.4015863388794574
12.361510669677784
12.410354339647647
12.437118464080163
12.47649264686764
12.413198081632387
12.387053228053098
2.349346880474763
12.425071435809983
12.448443264381682
12.449792379270063
12.46376611857978
12.399531010929564
12.44911172744714
12.461705597174177
12.4349069439618
12.366059380706755
12.395506984438251
12.400464700482111
12.450483359080506
12.407820433481465
12.443042371366786
12.41506542423027
12.403816272086473
12.418140175443217
2.2933859452383416
12.439369305004533
12.44640972815069
12.445957293335793
12.431119204453118
12.45264488942265
12.432434993737512
12.37483195182248
12.441643586589805
12.410740430609852
12.470814116827567
12.390804304266414
12.4274238162354
12.457281239197078
12.45043356579404
12.388240469413297
12.458036290171055
12.506696809945021
12.4026413274991
12.415592989199622
12.425130629656067
12.447385238676599
12.463143576217853
2.3584347621641006
12.407683037653598
12.416994047337083
12.45162474598704
12.423628477882092
12.43382286265405
12.428810531629336
12.356998980946601
12.453139239323098
12.426240755301656
12.378790449275165
12.40551387403885
12.451187402900867
12.366139873154989
12.452189147117966
12.405301854286106
12.432880453378322
12.487797846545861
12.431309722733378
12.385511789731591
12.41829084692504
12.439733472348488
12.346828204148201
12.452989604895684
12.454474433387773
12.38051427046995
12.41504966972337
12.402205228983307
12.440133313121365
12.366378929833225
12.421470797859815
12.436829336765555
12.382102314223705
12.41549745077333
12.36957407080256
12.34815138365302
12.43908038996694
1.4768088068053133
12.435115435151072
12.453465925116404
12.43635760540316
2.2056708473833146
12.411466025794539
12.468064336193404
12.414743173813896
12.459628812470806
12.451880721839208
12.405448024667276
12.420117807255473
12.453649333154422
12.435179765307073
12.41676206266191
12.466531428975618
12.423145715885713
12.431778048176254
1.4273907675301245
12.41810151995262
12.332581440308513
12.433078452778354
12.438438341888308
12.45036748956602
12.430951960968727
12.449241112257289
12.383262221534379
12.380326787411622
12.444762955864144
12.456027230160371
2.338178299986188
12.416808152623943
2.1823173567636713
12.390103412573264
12.409133598957503
12.343285008079823
12.392709702703966
12.381404406061067
12.453690893506273
12.414783848310101
12.391281363587954
12.427120667756956
12.431192005315328
12.438417803113422
12.375874463013629
12.4718772773838
12.457232466335475
12.43938961938674
12.406642756181636
12.359683221398866
12.4170180444979
12.362686160422552
12.428722343560931
12.431619627894678
12.32013212931504
12.467768996784201
12.400384965272394
12.447296783686529
2.319022459803964
12.441377755856703
12.428496619169756
12.37306851977333
12.451900441467544
12.441987286233273
12.407044190452078
12.466122551991589
12.434532883202264
1.7702679438618454
12.432779918858929
12.445664299210446
12.374874623731008
2.3093417266140803
12.426854795852073
2.3345018100466284
12.434978601893487
12.431482719280202
12.417775951617909
12.374477134100356
12.441141451783107
12.405969989019308
12.435274204703237
12.420254942851713
12.4263902876358
12.402168582992516
2.4073081521700566
12.371227675244054
12.391416709831734
12.433996148395085
12.385742955391763
12.352082402666554
12.459753579290382
12.37669106707947
12.414221037890957
12.458917754353573
1.4634037527704318
12.451904496780106
12.389150829645079
12.421788899571535
12.360973767363188
12.42441188496682
12.421708354485983
12.416054492214553
12.432530989595142
12.401223266595894
12.442003262146414
12.40199781123615
12.347334217723944
2.253259965637821
12.4966729234511
12.423943253740733
12.418612690588777
12.426508033364033
12.43560177422955
12.454778092567464
12.428447109415087
12.454968039694979
12.386935847842718
2.3901183666360843
2.1731065741824307
12.432195921161407
12.46379356067145
12.372946259539997
12.395863319135737
12.445870216309984
2.3489639714036796
2.3597376117462483
12.397631306430082
12.463483562769085
12.438106844952564
12.425825339023309
12.386618915223224
2.3658714272374204
12.402630021455456
12.379952514677788
12.458246611650612
12.420459750588204
12.435257271719346
12.345631495335597
2.13838501110781
12.473864002495532
12.477380023567324
12.44853756392207
12.439756772512297
12.395951393939832
1.4537623990003556
12.42768177144171
12.484755215170047
12.3993553429817
12.433483445362462
12.422892215721543
12.429521298713691
12.388711809729648
12.436451462570847
12.424921750442516
12.41148303638543
1.8881255929196712
12.40848982155104
12.440444161648053
12.412678475354717
2.4219207004382617
12.4217908620532
12.427461280693311
2.406289787027201
12.447962271936778
12.424766585308493
12.430633807249139
12.385633656672683
2.247555106459893
12.41146019035193
12.456454336084397
12.446781304724137
12.408039588420106
2.3845035236721426
12.446728872427112
12.422701637733757
12.344818249426634
2.4208261732284235
12.45086517538731
12.488469594717184
1.4697374932198535
12.454169071236581
12.441361136896347
1.49488599840511
12.450636211626506
12.435815039720772
12.427797025105297
12.452468338997587
12.40248423166086
12.427586814464284
12.439038712084175
2.3237895234640447
12.459361360156224
12.40316290244911
12.408592619779862
2.3870937592490136
12.341059989387812
12.380547041276987
12.406222684855287
12.461390414391248
12.366914278881245
12.422414416918926
12.401423217978842
12.438997615091617
12.435720333912375
12.438558059216449
12.412159118694593
12.423789878044596
12.441313640597741
2.28816897933977
12.482805584215113
12.417930491560014
12.426436230979455
12.476593471921358
12.466049582974737
2.3606441494005654
12.384609842164092
12.457578100347547
12.4424235693284
12.440775789402913
12.440112445403285
12.442532394324045
12.454774203154063
12.442501925922855
12.36495872906313
12.484568903729883
12.39315809308204
12.429458827340113
12.406236335768028
2.306646011069974
12.384080454763787
12.431834066628577
12.409418404754533
12.405261660721317
12.424306537477234
12.436199816990728
12.42695957829738
12.41096027963064
12.404729093434083
12.439690872822739
12.37506905346433
12.443798796786027
12.443535280558132
12.441531390265853
2.357338038000354
2.2478850707746973
12.447358868048049
2.1539619070568556
12.447961003575719
12.394042859200638
12.404888076186074
12.383924307861559
12.451107277653815
12.443040623074452
12.499036511491298
1.872790316418648
12.414640214135385
12.432040986069483
12.415647955889373
12.403120846566386
12.446607318153646
2.3833803522181682
12.374432887879246
12.391903943876036
12.426884172889826
12.417440285787535
12.4824113119126
12.450119242845176
12.390165761911252
12.4289285955055
12.414597346006243
12.436384292275056
12.417027075208733
12.421103765480744
2.3643087268419527
12.442525435442395
12.400207647163791
12.431645650673605
12.413107252699788
12.417910335569415
12.399320003894623
12.433184671116654
2.3869430954341415
12.470254105277485
12.450590053752476
12.416897007327726
12.42584607587864
12.42945270084169
12.399188392190835
12.467528174421092
2.4210803919507944
12.424256346898586
12.444775291087682
12.43847893627624
2.3945310724451745
12.445049413835642
12.466306758741473
12.392054422437898
2.3894788868173222
12.431986995905644
12.450410438061983
12.394992949670112
12.409329590143514
12.438275543355854
12.445804681905974
12.436269578807863
12.43825790868784
2.383892994490966
12.415697300906636
12.402476254405085
12.393222929007095
12.378654548829074
12.446705645635904
12.425599526132437
12.396512777278009
12.404748127764847
12.381534743198785
12.475956984913601
12.440284323676657
12.379943102024779
1.8432991064111082
12.367769481093438
12.474745761352448
12.463256316018022
12.399402608513526
12.452367558635697
12.443008296079174
12.430496545353886
12.439861292568787
2.3045186050846866
12.462318633222432
12.428703542271364
12.405793374044796
12.446997228140006
12.447269841760827
12.48087339063316
12.44392782138023
12.41681261887014
12.426749040630924
12.373480454104115
12.432303461299524
2.240716277976182
12.399720243699278
12.39464097397277
12.436784283615808
12.410936070655396
12.405359594303029
2.4343108516604515
12.413984406476889
12.430676983423135
12.47705494120406
2.3516880873058286
12.42721628655968
12.401606068833955
12.477906407415546
12.479152855071833
12.455433898020559
12.427178973421341
12.418273455607705
12.428052764981691
12.420186531279843
1.4201723087466955
12.446862399725159
12.469398007132982
12.389664150534927
2.210850968351045
2.333323895400344
12.398053257722966
12.459481789483089
12.379294066745612
12.406733758566372
12.409443956921297
12.380956007627173
12.444309214897206
12.380948749070306
12.405819617471202
12.444258576350437
12.405413000260253
12.401762456992344
12.437846780946561
12.445355141388372
12.410901338307267
12.397543305531038
1.4146486638647733
12.46646261019567
12.405110521569265
12.434498214402034
12.426936849962678
12.415762188147871
12.365026124922647
12.437977812146961
12.41906784872819
12.43296403807047
12.480624056797069
12.446670774859625
1.4511828480971485
12.431227168471535
12.44462901252329
12.432939285410862
12.410252747273097
12.393838009210633
12.393748426709452
12.37949853158549
12.445190453402084
12.388504315786875
12.399851614196763
1.5225786617863415
12.453536130109695
12.428830179820665
1.3863819511115674
12.405954092918572
12.398606691729244
12.410673037744191
12.419417574774533
12.432145408995872
12.417477820544324
12.39685763716554
12.430619559504464
12.388962189508591
2.379455776114074
12.370442829236973
2.3748434957560702
12.429994724162956
12.388154536604691
12.394577170313754
12.408337494563977
12.38269499540274
12.408854289431911
12.444998454683187
12.44493821310623
12.489039015796308
12.440400221028135
12.392230790172578
12.44687816364362
12.43964912509458
12.426948693078687
12.363086781422103
12.444159016464988
12.38189682146349
12.391303775493421
1.423194125701381
12.366541859435056
12.44646211141943
12.383994914893965
12.421901739636862
12.442187486729416
12.441119975294475
12.411424341379432
12.441906573302312
12.428606104190514
12.444235762469411
12.340358728892344
12.431617239439506
12.406295906741683
12.465588894713026
12.414024527607797
2.3785852739449895
12.456375949131903
12.431970657265166
12.42536828099388
12.406824849293356
12.479729676866976
2.1227663241958146
12.423760659613654
12.44159796294491
12.445391420265523
12.464610936076493
12.462774532651547
2.334263028477965
2.401902148516037
12.446488651562484
12.385481021885784
12.444895345386524
12.42080796109651
1.4678698384114677
12.404208725658274
2.3403899011191327
12.350516309568862
12.42669197954957
12.404855439417485
12.425861562060517
12.46282394136092
12.411763662276142
12.390498430828897
2.3591549086531503
12.442487157058594
12.454212442429366
12.433760956464443
1.429476993053362
12.475936592683237
12.345729930512386
12.443501660669515
12.43792563158148
12.436145939642596
12.447832995998567
12.452203247575353
12.442569933482163
12.467787187189787
12.432333869263196
2.2407666840393206
12.459346564498343
12.457721184035005
2.343088410746484
12.438740744159745
12.395958418761905
12.435225583694077
12.365681271405107
12.44502933202644
12.375641480280702
12.46046583685138
12.453512569361536
12.40857151626346
2.404383232600273
12.469901345551454
12.418254265935785
12.425608801780172
12.442493256154306
12.41679259115113
12.441189816943472
12.478763241496747
12.421926976514985
12.389907387535352
12.37468433915849
12.422715510517872
2.350186112535622
12.382173737007427
1.8561890852590028
12.426221694327946
12.398440768167099
12.481480426981037
12.438748002085863
12.407078612656091
12.394583367268385
12.364163162121068
12.424505629133147
12.410717836935433
12.419204227641746
12.400412546369243
12.394512927943417
12.39167502711532
12.472497905588185
12.387357220552643
12.419288825220557
12.459437813495157
12.396903490469642
12.42014392540791
12.407399688568695
2.3828263265711147
2.416863299787191
12.427737438155368
12.492176193578224
2.3700016384367935
12.478938133727922
2.3026941718254768
12.439562763551418
12.437696999943816
12.371817082084869
12.401156517857716
12.392242049499783
12.417468610288182
12.409350662397674
12.456402931328125
12.403005103196135
12.393161041054535
12.37458220438882
12.360303821952744
12.388225685995083
2.3286866519262124
12.428338170504063
12.463332210149284
12.444210535516643
12.45301659251259
12.403306031310814
12.356632533402742
12.39566391811553
12.448808658941413
12.427144453500304
12.464533979401228
12.372362227578618
2.421515276839095
12.441870799669593
12.470798044850259
12.405120810352535
2.2863902442340494
12.311748221045997
12.451097417440005
12.413513790757976
12.410506072135835
12.427694009023263
12.422394084943523
12.434382781886743
2.392465426242659
12.453019964352395
12.472012024032379
12.437442584709451
12.402842544007783
12.45830421973288
12.435148939916372
12.433462658994237
12.383113660610963
12.488495992128556
12.415936183565629
12.461503431012837
12.412291784636007
12.402717362251488
12.43433376652818
12.408050876780447
12.410481640222564
12.412878775548666
12.428542810559428
2.3612659061941823
12.408575450355695
12.405858840714343
12.389141596356971
12.380250213350767
12.388481190282835
12.43837257088601
12.50306258717043
12.433362552748997
2.2089167369453957
2.3421324460018136
12.424210479422026
12.472260881527191
12.486902255694517
12.450766816049903
12.381616332238838
12.395969834111563
12.459518150767455
12.42479573095292
12.442838054117226
12.381670350677219
2.283661661992488
12.407910282713647
12.34416512827174
2.4039463490015076
12.447183614571653
2.2551439740481074
12.409414285749738
2.2823379341869328
12.376960315172001
12.397192861915093
12.392746907019061
12.446467678677744
2.0221993986889815
12.410252795059039
12.492065110988442
12.476594975731262
12.462316766720223
12.351204220258815
2.3324584998839826
12.41088254021768
2.3878484003677185
1.4319078010257216
12.444005623426062
12.452798454308093
12.371984907613811
12.460656972610996
12.448668722566714
12.367317677376747
12.46165684259461
2.3244132052378905
12.388296679884323
12.41881617779839
12.443832296862736
12.389550033596791
1.8378920500356009
12.405355786321314
12.388894112484191
12.446535269968999
12.461948315846927
1.9314113805441935
2.1071359309562605
2.4072631348230287
12.434719622017475
12.409144255368304
12.392599383938071
12.406696490926585
12.398799542279377
12.396734942253723
12.460029925872435
12.44494119678538
12.410673793246215
12.398864785426735
12.454641286476717
12.402106711906871
12.416392584182363
12.371981964456335
12.433558574973551
12.355141989447969
12.420887763416388
12.425152443741833
12.446024069319684
12.350477119433204
12.427508425443083
12.366381434820628
12.423058041264193
12.449252204477464
12.402905835848806
12.420301404698282
12.411791401292955
2.327799366279544
12.419135170737725
12.42647292694676
12.43919020507546
12.414334633311613
12.478454496766652
12.435970749964914
12.406267504338409
2.2680528972411453
12.410853491104277
12.437970663007624
12.433938003229706
2.3527190302389083
12.381779376732727
12.426525953406644
12.417894288795083
12.408642282452863
12.487450151295517
12.430982615896426
12.371353542167807
12.414953252607862
12.42975540292335
12.37238958656938
12.395971318543918
12.394090052690107
12.466620229648955
12.319135459449086
12.414430909237272
12.457491898724578
12.40172855559003
12.479755844797406
12.414996290959458
1.8575593273897104
12.459396966027025
12.428514662224048
12.411783972794883
12.416456705215811
12.440573701039018
1.9678457556736995
1.4485861252483967
12.34853866819772
2.3661805439812063
12.434044029543397
12.455528407763289
12.397760978091204
12.45218487005626
12.431395810471818
12.409406955662297
12.42377100725443
12.455125312606691
12.46298580597075
12.414540854035085
12.409975214222381
12.425394864148691
12.368258954444661
12.410003720980477
12.384924914838248
12.48289571109107
12.34141984999066
12.407745501573082
12.445983139909039
12.371978541387595
12.492047810783916
12.441407344167834
12.458917476336755
12.390531435979169
12.379564905177379
12.386764015699203
12.440112748325296
12.4232565113229
12.462329796264056
2.390132778227246
12.416785744475483
12.484520111207681
12.430178359750094
12.398078096934055
12.473883813825033
12.37976896578786
12.493988650231612
12.415055354606965
12.39354842725286
12.379607696934587
12.433580151699953
12.416926041476774
12.353296544268062
12.434086257372693
12.437098898027195
12.4197383625829
12.408907563650157
12.396101727644911
12.419812963289175
12.410131387679147
12.3881695647691
12.486850383802043
12.392957161154992
12.456220879384658
12.38105754719015
1.4475993942936285
12.414213206499209
12.43208969920959
12.436033725269159
12.351705298441445
12.457803122756639
12.402116090154669
12.390894334627916
12.445001754303437
12.416305634794112
12.426313358425745
12.429145707470347
12.398867017531092
12.42761933086659
12.452596187100793
12.436322976872454
12.42319799113075
12.432143269340715
12.446148364201312
12.459318180101352
12.466597276395385
12.40640582449243
12.395140291830081
12.43979342714933
12.403504627457854
12.430877422848774
12.36748368417836
12.415980163918439
1.4304286397046093
2.3248847038523017
12.368419917231098
12.471380795068837
12.387004989503728
12.451737373978427
12.471214642869423
12.409147558521774
12.417852000541071
12.383580207571358
12.467501010475933
12.400837645105328
12.403778684325175
12.479631666265089
12.394950654794899
12.458400462099844
12.431049036361562
12.413206789677986
12.397657005298264
2.2439730368333772
12.438597894783015
12.443588438032453
12.376872151730412
12.352042662153494
12.411493015832471
12.411774342262142
12.433504551178697
12.469859939855304
12.380294751575487
12.420007264006832
12.409583267236059
12.404803969942265
12.450728310499027
12.426774839107672
2.31141153042657
12.401528435459642
12.405371905571808
1.4867857308325416
12.391427079569574
12.475025308893695
12.425583133134701
12.424208704784341
12.451676640546493
12.466064091712424
12.42730128501409
12.396929598252889
12.384560240919543
2.307335946883851
12.39431157267135
12.368508133151504
12.386571819004207
2.255227484280402
12.431663231225858
2.2750470782875016
12.416868316282713
2.1327407200437514
12.455942201344774
12.445778934882338
12.374992774121612
12.435422786214986
12.346596310844605
12.462050222630438
12.442847532951419
12.413396724015369
12.443263584712597
12.388132869203977
2.3014441281884745
12.436409744516958
12.363852704708119
12.36562594126264
12.373740202704486
12.438304083853993
12.39701698035787
12.444494989058118
12.493091001121368
12.42855051156226
12.405404776634198
12.425225629236428
2.1075195625218495
12.433807057712553
12.455487374401583
12.354097035066992
2.3566273000925615
12.412050001274652
2.392936756287559
12.394269730968926
12.355344918749925
12.346607980635445
12.393309433359917
12.386090455100355
12.405026853081559
12.475948185936511
12.404138662914834
12.419848393404639
12.419309878703242
12.45667989763582
12.346325380043726
2.2716647099886687
12.409356616453818
2.4034327135017604
12.419179974115812
12.381077976252223
2.4014455137946986
12.371884268205427
12.441504661592619
12.434462603630578
2.3493307898403892
12.416827995052317
12.437617858016075
12.431337596195965
12.460331939731098
2.3045515174896223
12.471443749613915
12.441558928825525
12.409862616080021
12.411720675206737
12.408690829046906
12.49461464547997
12.418436670337421
12.395568774939624
12.46022093095418
12.43773816738021
12.340760975637833
2.3888962758045813
12.441755692105858
12.424821381784014
12.38802915772368
1.4062012444214773
12.360670197693924
12.364781190398908
12.400606373483361
1.4399486168516722
12.451971484464714
1.4116263782240825
12.40435152415912
12.410802505213073
12.48695804872852
12.387563330117704
12.38718840363137
12.454186644596236
12.40121328466127
12.432841626263883
12.41653255437618
12.37617344311323
12.446661143904945
12.435865950062317
1.483414859681569
12.434798457823481
12.436651934362807
1.782132731378303
12.462514933667187
12.385052003293037
12.401286545219573
12.408881106367414
12.414185135014451
12.375852301594952
12.429665902970314
12.413799556146026
12.384490826730708
12.372685984178942
12.41257672758626
12.400950948474394
12.437185869934186
12.404233182175815
12.370874054139898
12.39987976957333
12.439801190311641
2.396822701284214
12.442538443559757
12.461889786644718
12.383832525224271
12.40410812992504
12.438432806480291
12.371807831293262
12.436359428968647
12.445143964863247
2.097029593871245
12.419580039628205
12.424828826626285
12.468640740156932
12.456021409990758
12.46116025076869
12.458512195410176
12.38287945565909
12.44179694032114
12.348915440307156
12.466633072118078
12.466683316409302
12.359713010423931
12.43217688663026
12.35792181448716
12.44822083320514
12.392340197149986
12.450841137328181
12.414315733601228
12.449538944158054
12.357228550203565
12.458499658477608
12.437429917358841
12.475734058984816
12.388920896534344
2.3602258029473244
12.384080958313245
12.38623628517971
12.354672351306352
12.40237066847365
12.40615733233666
12.383116623600403
12.467220970465448
2.336744837985017
12.449315345734828
12.43358613524219
12.384168806540028
12.405938154637326
12.420556251397755
12.398118514818567
2.2624877950227438
12.416149539867495
12.431706332544262
12.430544064242996
12.417226177973827
12.452271760415563
12.354012908626176
12.407634976748874
2.4167333402440607
12.421988266852303
12.457530031909211
12.345758852293054
1.9113110953880965
12.359686758192662
12.384344554775579
2.423098337467702
12.387828099906484
12.409835951905105
12.40239834320003
2.32541702157363
12.353714492417865
12.353397083102129
12.424681647121904
12.383780664989505
2.2581013039658675
12.39012824778516
12.447061057647987
12.397081973202106
12.387981401325586
12.44074111858599
12.42584880206423
12.458841753698866
12.413498042923795
2.2625454234809115
1.4286615928078528
12.408820037311909
12.402044176317384
12.421058884932014
12.398727327239415
12.350908749922509
12.473186085143558
12.44621675340159
12.42759465174031
2.3049871403192945
12.440771114630277
1.8741536347881496
12.427626646910069
12.411841683068019
12.455314345134276
12.371158674827948
12.408896962924791
12.412418821482676
12.410853910842526
12.370655106848377
12.404146617903464
12.361336423705637
12.47263318631927
12.422163310372216
2.363121509709505
12.360739310020957
12.456950328063856
12.447782033603309
2.2806788627096477
12.44552623163171
12.434226120593705
12.422529515460834
12.45959981516749
12.418001510394426
12.445017524895293
12.368813987924941
12.442400315652748
12.45208109394102
12.448609774066966
12.399451567215237
12.387797968169448
12.400865331839912
12.376726909606582
12.465111615546352
12.372473739807026
12.450105563631379
12.370930728346774
12.402046351471459
2.373366323633737
12.456174274618606
12.478199503694105
2.2530327844590308
12.326272087147455
12.434168785177599
12.434578886967323
12.46102928645335
12.385163078396019
2.377344161664763
12.423902402183561
2.356560032037553
12.443099977759285
12.39438066000671
12.375319668279204
12.469132224211435
12.407789372659579
12.462060152119115
2.358296907618338
12.449835534283817
12.42416205073901
12.425946082622263
2.3327513061586687
1.9015917037493058
12.352278328944795
12.461562545291986
2.3033018617381025
12.386456912246295
12.445849158949517
12.435995318692562
12.400174306158632
12.414710198670438
12.386492772425553
12.436324949167497
12.454062587056185
12.480279693363252
12.386007696628718
12.43419159188812
12.429963003848002
12.420812301076577
12.436123600651705
12.43657251369749
12.358839925865748
12.439499779097495
2.2331947952908333
2.1255763068237328
12.425841550939452
12.370461179542463
12.395082542138983
2.346731420843885
12.421371872837423
12.414002734788374
12.33141886188403
12.465164050723594
12.42863649734949
2.317308777086693
12.474232305028963
12.392728452068646
12.410794241869073
12.362994446568703
12.345152546156013
1.4229019399525544
12.3901525196807
2.251423126866033
12.428312611502356
12.382570553760672
12.408563754766373
12.415925760400214
12.381766344666053
12.413550589289196
12.415149928040258
2.345026005955953
12.4743853103928
12.439794154034415
12.370927431044834
12.40180699807928
12.387258770114
12.396281688873174
12.419436306379938
12.400327556827664
12.366303750184032
2.369410023089745
12.415848060886905
12.422806075985335
12.385425048380695
12.428417624599392
12.475410919207404
12.427376465706168
2.2265755095702295
12.446985184073784
12.417165644484493
12.436625330903503
1.4705273148149416
12.378836393422159
12.447490679367974
12.389588666962837
12.50245792554411
12.382777514827907
12.451668068533433
12.46639092630825
12.41280941981796
12.439989633871754
2.3377659370938972
12.406149101115632
12.430342575993118
12.39453740514966
12.334844724096008
12.424601120075478
12.478422936885627
12.418775520313812
12.399453990007446
2.3489037469425447
12.412297822225542
2.415693512886129
12.362550995545975
12.43157457510952
12.466760477734487
12.393772329401159
12.425999982685825
12.386741350134596
12.396465738254353
12.421283050335429
12.468929825558885
2.2584868435843894
12.42440510754825
12.420177722237856
12.477500930533584
12.45095223021232
12.435227565827862
12.413062760971586
12.46013844120355
12.423229908173779
12.409883539636954
1.4567987372858469
12.4384329116826
12.444558172959109
12.438236661447132
2.2883032187518277
2.3870508715658914
2.32720827772234
12.438938108733677
12.39964915073558
12.493795757124607
12.386063304887973
12.366493984731605
12.454665429704294
12.465735970479367
12.391320664080808
12.431232272278226
12.416898051084766
12.416076903103997
12.400034777312737
12.443653998802692
12.383779881454952
2.370708832432352
12.365759577959649
12.401188445956793
12.403368021488923
12.391794960827669
12.443642480520113
2.046341639609691
1.4023173680972754
12.378917017987911
12.402063318044533
12.489589893336126
12.40884970159813
2.1223094044067876
12.420360726461654
12.430543474643109
12.448127379479796
12.385935066119107
12.396148399459092
12.39100347511813
12.44090338572771
1.5779941442418786
2.395386414064236
12.357893301686445
12.356878702253866
12.420543457906893
12.403385036915168
12.436609773787193
12.455412113829908
12.351275542554117
12.348671551429586
12.383564905857227
12.381182338110069
12.36685867622224
12.42555297917852
12.452443046605763
12.39811470387556
12.458056408006982
12.466472699214666
2.276200887517292
12.354739057671626
12.412344950665322
12.45092211041837
12.416196455303892
12.365886888016952
12.453495405851237
12.465765465280361
12.436436026405918
12.452734632282382
2.3628305980501993
12.435385875471809
12.401257933028258
12.439224475655363
12.432447166714493
12.428280282841664
12.401108144387877
2.1354269161867707
12.410257959768783
12.40320730656354
12.403265284194035
12.389526862083875
12.434687380931935
12.422049113340842
12.46740297703319
12.42489079589562
12.439675487711192
12.336446604427103
12.415773655527765
2.11619578312525
12.436193076379645
12.385889704218254
12.37960281399772
12.390183425324386
12.39860767657926
12.408457630430428
2.360796034988214
12.474360260200411
12.40651608006992
2.3244551386754804
12.405324839926271
12.444043613791624
1.991075857040462
12.466816561228068
1.436066715909499
12.400199656273353
2.388311010755379
12.431752915610252
12.414463396297688
12.436428211636947
12.39847512776168
12.452272229475994
12.423752440675056
12.34820471960993
12.40993336624217
12.449884759448764
12.369377041124913
2.2302756786865934
2.3487631816642205
12.458073115458316
12.430324366891366
12.401076059670096
2.397710221404724
12.398704332398676
12.44537384641194
12.384765245658414
12.458547927569086
12.443853429326301
12.381723170380296
12.3723868516741
12.355677006138583
12.402274501861836
1.6933613332081743
12.361712925553974
12.407058989839513
12.374955638159019
12.433230786302662
2.3787051841074534
12.411685425617858
12.408323548397432
12.405519078948437
12.428217958001401
12.467172000112813
12.439891528208495
12.367343355486707
12.385268823502066
12.458327043277272
12.38441893434997
12.40640551970652
12.38164105093606
12.461605198539775
12.375125153848135
12.465837228632243
2.3432237374753013
12.405071317724708
12.403416658034608
1.4481967548783643
1.4452999508379814
12.404220702496701
2.3301707953072404
12.4376788161205
12.419876367798558
12.361699403258568
12.473315037425564
12.4254824899583
12.462097347347894
2.31363054695345
12.464982190146806
12.417229940848648
12.399664104888945
2.2732161621316838
2.2867399489089597
12.368510522480001
1.9458322507434638
1.4213777033344692
1.84480067223296
12.40600347434008
12.422305372671318
2.3790186798581114
12.416158388378626
12.420476061248724
12.422324962084247
12.363677209195425
12.330336276219391
12.400106738720694
2.337448909861246
2.080163577769581
12.411670886869132
12.397934422375982
12.454186781381633
12.41686072236876
2.3144558344166595
12.372305150374798
12.447141123725078
12.447362515813321
12.397648187140142
12.45866300013483
12.446079521031983
12.474997765681294
12.448569583049265
12.457088840948982
12.465172410680562
12.396717457592736
12.420915984632089
2.271139235832655
2.3746753940787575
12.414010043420518
12.38120069252576
12.381325799136203
12.347780769875374
12.415138534404203
12.432811455408046
12.350390108149352
2.380790619480308
12.375162392621915
12.409932179817613
12.360534551150108
2.238602635315483
1.924221128468931
12.40299612666644
2.2543684604883554
12.403539190285539
12.37566906339085
12.432087643408934
12.435873508359853
12.367791743396715
1.931898760298894
1.82647186655791
12.39885227874154
12.397717115633185
12.436596859400485
12.425610750259219
12.421353695934943
12.387099454177294
12.444178449259281
12.38596095841217
12.386255684594389
2.208859146161764
12.463120156262637
12.419555372248016
12.432795761918172
12.462945640310013
12.412019934671548
12.454706573759552
12.388901727807903
12.402523441518426
1.3840350218551598
2.3935034570717026
12.427748023391995
12.340249818161727
12.455879419678395
12.406104048004458
12.397341068805648
12.4540538964995
12.414828276777646
12.448460834178412
12.439852793623773
12.390235347388003
2.262691006346735
12.420230991406665
12.418494095155221
12.403468387375058
12.457413778628851
12.366207366204108
2.296636345935408
12.420376487471081
2.318007767178719
12.40624954231171
12.373174892934049
12.412216530449278
12.414715298949893
12.406777652491693
12.458351713576489
12.460113650829676
12.381004349091983
12.440119214139264
12.372741096021693
12.40007309337263
12.395315039447445
12.362495270414158
12.438224177228019
2.2556277595404377
12.436177812942613
12.46864842777755
12.443624022739723
2.2605552834323444
12.45969478413543
12.410112752856095
1.4257722893809406
12.395944730207965
12.415493665948913
12.409892277387813
12.442672689927543
12.373680861762454
2.2999096430520023
1.4476774021229202
12.341624581221883
12.44036670751262
12.395746445089017
12.42515862471326
2.3584380216820438
12.342174353280448
12.443535118670306
12.467685414689196
2.3634761399339195
12.361653099711182
2.383924986205877
12.433458997787408
12.452981835132029
12.3604493550008
12.428432673116461
12.376052938718317
12.407707194344448
12.449437106460916
12.42777625601407
12.42131668427832
12.461434076036468
12.356251447321888
12.398138953495383
12.407068040364226
2.2348756750212484
12.402480998755802
12.40048655326379
12.394798771168155
12.395007524575554
12.445669317413248
12.452310504911363
2.379626060133125
12.425274993957915
1.4282723094202205
12.408871844990895
12.43264601168399
12.438304988991796
12.40843810992055
1.8632155655317215
12.399253354108723
12.373204879146671
12.44754227596662
12.390602022760167
12.428491604112734
12.404367893608766
12.449860092540524
12.456509961845029
12.46531215992619
12.337453757739283
12.406360072760007
1.8293038014054597
12.40507987767228
12.427684134507736
2.370774338033921
12.43671137922396
12.432527445421725
12.432560121398827
2.328613974324976
12.410122779310443
12.41547024488106
12.486052140902348
12.46339795607596
12.431157882024497
2.3628032462775956
2.10248851821021
12.41438151407287
12.431630952766167
12.445042283535333
12.423634799986294
12.42794785535032
12.342800525505119
12.408721020916962
12.405154428470388
12.396916862405304
12.40827236136587
12.486160272487815
12.43176491476658
12.498217250569922
12.457335407371218
12.44816767004956
12.397577060109022
2.3073749475127485
12.414101016667946
12.410704659503327
12.381689882065228
12.366652262758326
12.471264944790642
12.389197986002365
12.426756811606573
12.428233132565097
12.382119963434583
12.451125893084255
1.4467093885108275
2.3646446810688198
12.312187042906716
12.394077820795495
12.442412106723664
12.382915045760429
12.348239822644768
12.437847950965304
12.434639892290356
1.4801937637432332
12.396693774967012
12.416103088845013
12.45053320975072
12.490393290727624
12.396587474892236
12.392552614820756
12.383534227201181
12.429253939092185
12.429610531350464
12.412839951399384
12.46142745604432
12.359959339738019
2.414335871371845
12.436459737338913
12.42831258082296
12.389461849236504
12.37175974288513
12.394925337466518
12.433929388067002
2.2352030940427
12.398881970939156
2.2108647580949827
12.41015267256321
2.248395594585785
12.362105605094511
2.3514031601910106
12.390389028712981
12.428509909328582
12.340865406658052
1.8387286905880837
12.396945022047829
12.454759568391678
12.43944257186713
2.3792439606504527
12.395011670966278
12.486770938765678
12.461103546697132
12.44474073342483
2.3272930116290556
2.2666246006556245
2.23907217070656
12.447130118024273
12.455319120259741
2.342540578737132
12.39569024387754
12.364210282453326
12.345268389684346
12.330402131794619
12.377821846229324
12.449147324861631
12.32579337488933
12.425986282820702
12.372371516441905
12.375313456085069
12.370923366183826
12.385446856245999
12.417008553865474
12.415570453714194
12.450493119432405
12.426151446732604
12.411194693807975
2.182221323002371
1.8383076627125472
12.464699796775143
12.46003393962196
12.379154151114912
12.442643678841371
12.390228156515398
12.45847919067583
2.2560513083959033
12.442032127424056
12.433319340152234
12.443725651269403
12.386335990700509
12.389963894333267
1.8767384478001075
12.405898231958131
12.419326075924296
12.413583813229025
12.441818502386374
12.419098757092925
1.7856066951551017
12.408069571319992
12.375355913876549
12.3585697497526
1.7428494956675546
12.414778402823988
2.079212080925588
12.450652534845739
12.454748091000909
12.391587961914661
12.424730610586098
12.405987296622635
12.434014659546534
12.482731163063873
12.454756653525454
12.384768126768538
1.4000014854594458
12.50087423178752
1.4357906602629513
12.454483838011091
12.50002070444799
2.305754410254804
12.390860005530572
12.408087320535701
12.386413334175055
12.370935425256317
12.43097380529273
12.414069635863807
12.431356282073555
12.446187445343964
12.422922166960381
12.401153175593901
12.410044047223277
12.40666030273272
12.448176085306168
12.353849108613106
12.439101926048757
12.413330889050943
2.0894157682134664
12.445761046112302
12.355836291369457
12.438703629584626
12.457883826201341
1.7988338627743992
12.480258573082983
12.383801386276147
12.475062377725829
12.433625941944886
12.415707650846842
12.462107155753479
12.38386649804011
12.41316865464281
12.412970773244382
12.354857298655888
12.461572126962064
12.437422866903919
12.409494335664975
12.401576787804576
12.374057468893886
12.483232806272053
12.43174157040832
12.437659673948097
12.415231321337497
12.361946986193496
12.434948184409492
12.46464523733238
12.36169634970003
12.44138052121848
12.358801470406961
12.440492471034693
12.38292125524977
12.427841893641101
12.417990473354546
12.412843698980504
12.395442721349639
12.41623363702594
1.8254196178407034
12.464602450916846
12.37040573620224
2.1689547433339484
1.4286821295131786
12.428091461453594
12.343175966898514
12.452709881334679
12.431666026496156
12.42780528396436
12.368681155952416
1.4857252507203993
12.41840190031688
12.42861460781041
12.344562922438234
12.452827353909347
12.44322351566356
12.38633426029304
12.418379314462568
2.3142223620201445
12.48685277735044
12.412726626392809
12.36510945584865
12.346565002319995
12.42955580511735
12.396760215669222
12.461080279657631
12.390062516876798
12.4329667481961
12.406982938094421
12.470171961435584
12.41969170329345
12.397252484970608
12.392971166334934
12.443876457818094
2.328074134133342
12.450395594470486
1.4029245472106324
12.379839265056246
12.468419873070745
12.363494655189449
12.428985210896924
12.374167404585258
2.339925265542895
12.40933786799373
12.372438604201676
12.399014674629338
12.427152530911448
2.288289666278064
12.413932099164121
12.391066065269982
12.448057325067616
12.416132368641389
12.412063335882541
2.2881657920678062
12.404359999181175
12.488557910532638
2.3724726704088837
12.430054068453504
12.398423286629829
12.448539406763631
12.417856876869914
12.427638348237146
12.44484653207949
12.424634852388811
12.420038242151543
12.363380126656088
12.448964674782118
12.479895226614497
12.421930015230087
12.403650082297249
12.401385900965993
12.37395757959814
2.0704600101201387
12.360485501810338
12.42617039469598
12.419754987049943
2.2548907785365784
12.464305856959136
12.45839819992938
12.40287061414295
12.427268987889153
12.39589609300105
12.445996203099593
12.432761222135753
12.389517656218848
12.431047619436805
12.363159491081683
12.332930351867152
12.395216275628787
12.43261567035822
12.40628725174382
12.424259053417384
12.490169159561855
2.33330463085661
12.444608353780687
12.381051911130314
12.395221084314354
12.337176704337285
12.407758404347497
12.39083527873484
12.373566462940252
12.445246752954585
12.39488420671958
12.369501815088368
12.369449765101676
2.3695147985404064
12.43910032079313
12.403631329566219
12.41771679422821
12.477818741376607
12.45459723605529
12.329755867329977
2.336047945718589
12.410762471735296
1.8789594637345273
12.46287537626214
12.299069278255985
12.478016347382745
12.435891711979792
12.460046974037661
12.43015552617905
12.406715551666295
12.39150893959484
12.490857896794601
12.497921065843485
12.388169622671413
12.378980324203319
12.46263758698009
2.2450158143363748
12.460545316353258
12.461860046152104
12.418805427386811
12.429002718725076
12.40583412947235
12.375181728385783
2.274922285152085
12.459152052688111
12.39394599940505
2.238209618663335
12.445393173961726
12.380818830664508
12.412112060841888
12.39573877635912
12.392801748658382
12.410135589524092
12.456531328212286
12.457699604214547
2.3137418046213027
1.8217860540275432
12.429554732688365
12.414437422398237
12.45313581420469
12.40227813244835
12.446226644246908
12.4509830098335
2.2996896537967473
12.403179573902703
12.396167054095976
12.460654104837388
1.4288925169003839
12.354590525564022
12.406027775526251
12.393329726162492
12.409609708859804
12.395359335022675
12.428760636475698
12.425575740692231
1.776234309472933
2.2737108687652205
12.470818991953964
12.498763520291195
12.417635059133266
12.364909697454754
12.332729261553
12.467825487047008
2.3766320968673136
12.406033767634813
12.447224604657132
12.348319647995922
12.416232264312452
12.380458713949306
12.40668038366968
12.424757920848998
12.369508649320199
12.385451106734044
12.436579987885723
12.427630775914576
12.43833180403515
12.43676026433406
12.482922192449559
12.408888813737585
12.405287619779463
12.454006004960242
12.480936783545204
12.390690661744316
12.437826467793531
1.9610721690918769
12.439831590982708
12.448982147520171
12.40110709241819
12.4545158367563
2.4065370370313945
12.456561301292696
12.408713716885323
12.420981391464368
12.44733340798611
12.407349088742121
12.425831993968098
12.410349013393404
12.441424875476983
12.477292867609394
12.401590914552397
12.392665099306713
12.49045844645929
1.949175807524442
12.390288526021427
12.414104889471169
12.402841700345656
12.42042499197953
12.427684417574707
12.424705821588697
12.445169797376572
12.447168373021572
12.449635442551926
12.419062071284724
12.349395768045671
12.384504442183898
12.415012823703874
12.33930252364339
12.451667719805528
12.413340067383222
12.424821405792912
12.405749683081073
12.42083700783279
12.433500814818743
12.451889899744282
12.41920413966345
12.397638241007042
12.364195984545598
12.369522437649668
12.460309322713112
12.428709873044514
12.426053604784562
12.486733902003412
2.304474448197026
12.397075762529072
12.450157032368995
12.410977625021356
12.342723969398499
12.390461616349116
12.459939097349858
12.45684836977259
1.9226919078712545
12.39056323221875
2.1530943280560573
12.387381387275385
12.424192935517723
12.43017902918638
12.40426435782538
12.357617363729641
12.404590748916885
2.332352745212904
1.9447637787470677
12.454537906567305
12.424560376903553
12.364250198577027
12.32886833349021
12.374856501304967
12.395815444158401
12.429848625917819
12.445941233378207
12.401050989278843
12.375145576189555
2.20305332501652
12.351615123629792
12.417917287278755
12.395192335172638
12.502629011069354
12.452150942744051
12.424820248530725
12.425714166096022
12.45956202367858
12.439392190536935
12.429241991200938
12.411764622776802
12.441933810164057
12.407006581737205
12.449705469405435
12.376510097681525
12.369856948140825
12.415746756407803
12.410614502811057
2.279518095073279
12.41099864167566
2.3060334564611744
12.429076561602766
12.411904053327348
12.393797912011431
12.43881228993337
12.409302455907753
12.431367501306488
12.413730491593402
2.13764963253869
12.428645990518413
12.416996960032893
12.421888183054927
12.390823246486793
12.398183037229664
2.1413085082070418
12.427515500454465
12.401492264186123
1.448710905417649
12.463119613719176
12.436721033975406
12.425032583378927
12.408799981877232
1.4250086123244392
12.356350963844445
12.385463433547338
12.440418477945915
12.402477433119612
2.3409445886137132
12.412888371473032
12.454786878891113
2.3500841807079547
12.41462714670428
12.358140712073919
12.441494947352144
2.29792112926303
12.415813479151163
12.44752507042236
12.435722806593
12.431129288511572
12.419297733537308
12.474597099176831
12.447570313468125
12.353621019422174
12.41382515812848
12.385222454577676
12.46913413691838
12.44636147578434
12.430779970527311
12.363954201591257
12.436151017336284
12.41226015315164
2.2188865487334835
12.37610458593683
12.435218501816578
12.44246365501793
12.422035832790083
12.439855915401962
12.394823585140506
12.397194663988088
12.413345755782025
12.432215519857786
12.342381618518349
12.49137034822726
12.404735550158215
12.346954826181175
2.2189868601318263
12.415794569790366
12.450039859015316
12.430803475215074
12.38443362741058
12.44102432100431
12.48794510309512
12.472208304659162
12.450582312883869
12.46428510969384
12.420382129615277
12.44162277438101
1.826470737818744
12.409722942488978
1.9113977088350669
12.46048828510509
2.396041328630466
2.353415067105155
2.1716261432048256
12.432885772303514
12.444729252179338
12.456630031201218
12.381694111656646
12.372116432093309
12.464536212459986
12.349710267501022
12.3426178513496
12.370949952569669
12.443663345670693
12.452425151399702
12.488038389396586
12.377902922378485
2.303625832108196
12.412379984530588
12.378047329066009
12.388425904872406
12.424045044671278
12.413061299032552
12.449265177498901
12.373969557042262
12.371115828663504
12.466311905584725
12.351147587409955
12.468917686248481
12.3692501177742
12.400596910806984
12.437673387265662
2.2431523149361854
2.3990397879523995
12.45052286186964
12.40318321890951
12.371595073817156
12.399215829915024
12.458779958652924
12.408860127745307
12.376953942123764
12.348514110764237
2.3212410114726776
12.419753009504852
12.43206103177881
12.40250979372823
12.370329807600081
12.410219895187078
12.401818190550554
12.375070221611097
12.4156745095443
12.379094875274722
12.405229427043324
12.39601678370704
12.434367716814114
2.1938181552601326
2.359883867743459
12.36472185013324
12.431157487720744
12.420425523363976
12.418946533343778
12.371150573387627
12.459432931291685
12.460874437830547
1.9050586744281495
2.086993788184356
12.41314395940223
12.400515511843206
12.427537086903536
2.3022298940627177
2.0372050562496695
12.434412819758446
12.424523865978077
12.468111095793905
12.458174430751155
12.366664105873756
12.407516114751331
12.436610282639363
2.3334115799213713
2.2099353455095243
12.39879082260213
12.451146749511352
12.411110520841898
12.481381188074264
12.373202076157728
2.311940721929819
1.8118257365450288
12.400028615310207
2.3418282200119225
12.3935347833863
12.406587643336415
12.433261818511571
12.41895425716482
2.247109816612862
12.403108464092416
12.420104152930785
12.440864295777768
2.315818277850493
12.413947250650823
12.470105234324564
12.404728364664088
12.424354125838299
12.450064823920073
12.452092734551913
12.44335618300449
2.3600740753995395
2.293835557608909
12.433729679273622
12.432530581942373
12.396868805791119
12.420496808332222
2.28899281361152
2.2336153817575437
12.400920102209675
12.429420918014632
12.43535102716746
12.410483362492986
12.338174279437341
12.443526853899098
12.35055517441556
2.3539683659505584
12.399402843001653
12.440069529798379
12.464395121606355
12.452427777968706
2.206755868713158
12.390267112097161
12.406818512238965
12.416039559059238
12.434113831405861
12.343128532406416
1.4588511267701476
12.389213286673403
12.39435535573477
12.348411859872428
12.388130136053332
12.465747555229704
12.395656122930149
12.442465398864123
2.2813052808588288
12.431218626936936
12.414903250252161
12.3966382900381
2.3884182729911463
12.440461383352016
12.406451884946975
12.436894864951507
12.500952411270585
12.479731776305357
12.42146286839086
12.422482109174254
1.9012585532708912
12.455381029283247
2.3195965076519327
2.031674884158717
12.368809498560275
12.472859306855895
12.364203203300077
12.368329222800758
12.454049724353297
2.308311546454767
12.382500768932559
2.3794317033916315
12.456146271717309
12.40563643161387
12.430315194681516
12.377907410720294
12.45017685888022
12.466175072767545
12.457146134054986
12.335463043278704
12.4325659401022
12.358030108696614
12.435534230840275
12.402661553325359
12.378338591596666
12.413851187201965
12.359518327840206
12.479974697409373
12.452817818299348
2.3229338281110494
2.3765965827987507
2.3360492694866855
2.2062482073158742
12.471578691824668
12.387862673760875
12.396418098830257
2.36304222395132
12.44435946369596
12.398093728514748
12.479580035272832
12.462887852228256
2.235821132845876
12.478542339420473
12.428711689970712
12.454604365966459
12.448755572541332
12.469240597083973
12.36262466285365
2.2905852485622495
12.444088906969938
12.463036372356463
12.40747866734594
12.417363266634482
12.313372048734086
12.413612649468945
1.9206943284890334
12.361807721934337
12.472398649655554
2.2531298845714005
12.392069208836082
12.401878869547291
12.446487857446543
12.428771905533026
2.371340157431914
12.431495623653289
12.400776288491963
12.370939355991124
2.087725107079994
2.402009483001026
12.446089813958437
12.46429353178449
12.451913133524503
1.4884038286761392
12.391184982915156
1.8080859041134372
12.433001927860719
12.413039755990603
12.341406419348239
12.388876169874
12.397212183775586
12.397660283210927
12.365356516730559
2.3285809914855395
12.37460323887788
2.310197240818176
12.366190707418717
12.360519224827433
12.432379837901058
12.368229467912279
12.397602914738394
12.398071927185267
12.362798309875764
12.482998246188952
12.420526841966865
12.431306534065882
2.333344059976818
12.423307735480238
12.458604507280501
12.379972005961823
2.335533577402248
12.413809974032965
12.331365752776879
12.447103272212754
12.47230444537681
2.437482919224618
12.450785347971607
12.365298491862507
12.423651327831294
1.7824604544364617
12.430144509879144
12.383541818505053
2.3014722099298126
12.411118372522498
12.421005066540078
12.457403598328408
12.432559251905825
1.8021881914871463
12.452660953421795
1.8689231690119765
2.26845094038369
2.371068252389523
12.463116832110543
12.372444015638214
12.436390114666155
1.877502947996789
2.198155784242342
12.470975697466097
2.222256003501501
2.326480468459956
12.420650906233567
12.48976253740448
12.479644152049307
12.410381961798251
12.474944555928838
12.37557444721281
12.490864672076446
12.449682492345818
12.399806927382574
12.425998947577497
12.40665231294472
12.372004930738953
12.37754671205605
12.437059327652308
12.427079260949373
12.45599985997922
12.4401171257378
12.42740416171298
12.475491980009576
12.432257701837342
12.4044993619063
12.404411011260134
12.449997126872757
12.354719019800942
12.443966325659026
12.420349066222018
12.420373216933651
12.390466484570695
2.3059542165317164
12.36415319400667
12.43075863514668
2.0820117973124486
2.396969633254039
12.476142418573676
12.401900386236228
12.450361656694618
12.409667491627935
12.414103181446132
2.255567337241956
12.453387362378606
12.340520796257469
12.423137729613575
12.389355671772957
12.460767538002775
12.421401843022037
12.384359692244477
2.310503762732183
12.380969972155011
12.45272925305109
12.429688964692039
12.437476040697916
12.388651488238601
12.425609527060004
2.302418040790448
2.327616251972001
12.406035272640702
12.328290922405241
12.433327609294283
12.44229328252661
12.428078399513225
2.3755775011588995
12.370231218210304
12.443195369324505
12.41864622070877
12.40060590598152
12.385917199435776
12.456932366662517
2.0402637076790695
12.388526977254632
12.451891924752799
12.409147714931908
12.39983924239636
2.411137332020516
12.384095785669254
12.454077983897053
12.437430396398831
1.4375247215261515
2.2888164391241363
12.449286935977412
12.41738119265356
12.43721167453154
12.412317597533676
1.976055356426482
2.149489533367734
12.383035472466567
12.47147678837822
12.378831955949547
12.401959671578782
12.39977335396766
2.368171595194787
12.429964403467203
12.468590726459508
0.8804878788209434
12.464404576465222
12.464545362231275
12.35701412793346
12.450375320915947
2.391452984418301
1.4550421679279515
12.482101596668311
12.428328281846053
12.428590903236554
12.411799357022678
12.381454791323698
12.410518732558508
12.360217687976478
12.46570362918642
12.41264864637711
12.410158121691474
12.492611278332925
2.3156079855992173
12.406322570810946
12.406530834893882
12.430333357161341
12.467685699507074
12.42251443152297
12.467869693363243
12.41809640005951
12.400177904268514
12.402024925001147
12.418123815518797
12.39128600401101
12.475772791717468
1.4345314463247214
12.440802120294906
12.435103734741379
12.430889915561664
12.424815091828346
12.460085825013842
12.3896960058469
12.430982834087375
2.294375332966626
12.40967127672719
2.3801828551566353
12.455616033869532
2.262584724219868
12.43409038952782
12.4268847403542
12.46203479548445
12.458381397462043
2.149132352597005
12.431891918883917
1.9011294720217318
1.433943855218498
12.439763196681586
12.433787476788327
12.42889694141306
12.400097848096458
12.401637700228367
12.430009297013784
12.431164761460362
12.418309586247265
12.450144303644999
2.244113864799343
2.3414905024219026
12.440258134989616
12.363052100206321
12.364521474521053
12.454712276686303
12.369405644027719
12.399973191303346
1.951468041422465
12.418862853021787
12.396076325562781
12.434579236554368
1.4826439731406789
12.434326543325302
2.3561910117477596
12.408981350778479
1.4608854453986289
12.396891831093821
12.380807587217976
12.42632085759507
1.833873476456436
12.389420841826206
12.390182240288473
12.497371516168322
2.1588383782057856
12.385283783988191
12.454158215405354
12.429728890315326
12.381192507195745
2.3225184407179387
12.398028277201584
1.4098448563425285
12.440932876574088
12.35983682560076
12.351437062110978
12.428845709423086
12.430848108982481
12.46483048591036
12.412761282758119
12.410563651719187
12.403214695372768
12.428435845615494
12.450419575961064
2.289511656485997
12.388708853004367
12.484054068735535
12.362643182851608
12.440152173604567
12.403815130619158
12.424356824499132
12.431654986608617
12.426461500629564
12.379152333203638
12.504528607135175
2.3763612456331575
2.3985436675275205
1.8776559068501495
12.377783517632981
1.8727878424888889
12.433268036545616
12.419320969557855
2.0564162500189145
12.408958000494502
2.3167316002954292
12.395815840009329
12.452484330979171
2.299808208644755
12.42727431364992
12.480784586885575
2.3486879474610545
2.2870081519988865
12.455532806621799
2.284421135776542
2.0812442603680763
12.476692617853377
12.430332210610377
12.435424001891878
12.42249302692198
12.442368761520743
12.359975577055051
12.440023962595331
2.366200860259385
2.322215032608034
12.436636540415229
12.398961351166044
2.3673776212352355
12.44613961726981
12.396020254977753
2.0724715887730896
12.437783931668992
12.467189415769653
12.434179019539013
12.349020905718499
12.411450039702384
12.39751969051554
2.2908076249213316
12.39770141949189
2.1829204925983747
12.414743831381962
12.41182606847185
12.467375231916414
12.448328742086886
12.456573032865922
12.457406976724558
12.460983268439854
12.411564382258227
12.413653971097979
12.398300833399505
12.42820151653336
12.33501148271265
12.399628217034985
12.432100138876743
12.391913145908147
12.42528446027377
12.412290775490566
12.465522670025386
12.420044004982238
2.3628894970001952
12.439796536475532
12.370165854983242
12.445304474526914
12.405423430848117
12.45309988452613
12.370104364057918
2.1386218409485616
12.37037232469231
2.365520732993391
12.435848122437939
12.463051918543947
12.377871409860258
12.471177977468868
12.450622335427738
12.499940322063486
12.378452611743098
12.364571707383014
2.301727812562747
12.384282717127501
12.462822258350283
12.476760062256975
12.417006291485723
12.383482625588568
2.371941748153135
12.48159629602616
12.435609275458468
12.451242269850376
12.430842754479002
12.437153217659176
12.42869978724603
12.38920814118342
12.396979525034816
12.396079017557696
12.396204198165279
1.481594547167263
12.500794501308414
12.405050690600028
12.424734762808818
12.363830889326929
12.439203385704964
12.455618556276994
12.480218315601476
12.428727350428941
12.448904008307839
12.412403316741706
12.396227519114024
12.412648006564252
12.42188790371436
12.446619860685223
2.3873244310487607
12.368761648546613
12.42641138646447
12.411414486194738
12.386327963555164
12.382872971389402
12.447536765968987
1.3966100022932366
12.417116395474576
12.43236757007357
12.39675586532603
12.416861905194157
2.3331282458390348
12.379101944841612
2.2138401489437363
12.402195777371679
12.355664213054101
12.494706222415422
12.385254886612248
12.400684361338607
12.396508443798712
12.418522908486263
2.311801887775318
12.43933463301846
12.425691599842988
12.454470920045628
12.426422892785682
12.45003608752869
12.391466592302905
12.358111625214752
12.386384687189544
12.422648369776006
12.468078078349505
12.449492827229868
12.471151894307742
12.441629875552996
12.44753042228362
12.449441901675698
12.452943739343878
12.388243966047721
12.4538132693039
12.441810557773188
12.512824062433296
2.3882003253973334
1.4143045010926216
12.409097757626043
1.4575199383164807
12.328081568093289
12.466127588721983
12.404036688038698
12.459010121417284
12.469741936329363
12.404805055579844
12.40545323136346
12.462933992740748
12.408911939150352
12.406263318080105
12.399932794752514
12.410499296252954
12.436543063602006
12.354007458543094
1.429792108018577
2.210322847144098
12.453977977020816
12.427505757940065
1.4682561657432034
12.419687668963775
2.316371893410249
12.475841591504167
12.466695177680137
12.43903751206085
12.4140367537739
12.398477076537628
12.446620687371178
12.440822889640796
12.37863449229711
1.771529408768097
2.2588231642141268
2.3679562740787325
12.452056565630699
12.444318198315955
12.450466080175165
12.418527581645993
2.3209418914838413
12.412509620489997
12.428016702745083
12.443253275946727
12.422865041409546
12.436105547949474
12.394151774539232
12.43267087952449
12.369448336054656
12.397643500595699
12.44328261624803
12.4054456740758
12.384672661210272
1.8701760605860962
12.362566222102329
12.462273934239342
12.38844900879501
12.373303988041187
12.428162293320892
12.429752880001347
12.3718317281605
12.451969596217278
12.393260837563602
2.269603987948501
12.426019543553618
12.36617746172337
12.480802208479975
12.486161297771371
12.446899247189219
12.440724485188984
12.405046798629684
12.39544974670466
12.42566512044942
12.38440294126042
2.330752003248594
2.3539162997617478
12.421406778221703
12.389821845660679
12.464336890045237
12.365921232793044
12.423431682541393
1.7916574465024033
12.380074061376911
2.3395905142123534
2.0890833388840395
1.8555345681669169
12.465608281359318
1.4780533187979292
12.407654517045119
12.435001921014532
2.4056645984279705
12.404690782763263
12.48778914416664
12.47671159140305
12.42182521997935
12.453854296814836
12.4247484906132
12.409770133158247
12.436704062539905
12.369235730753648
12.438387750230312
1.7654059603816563
12.366806138542712
12.437466610174337
12.440955816946337
12.455674603580052
12.483521568076444
12.444122788103671
12.455817864209667
12.449113065307216
2.3991257029574315
2.363382645099947
12.409210070384354
2.2014799591856997
12.357398209658694
2.353148808735548
12.46918598310196
12.388601216001401
1.4124636122495597
1.9070979107981372
12.462331201460541
12.438201976230093
2.214889368436197
2.2693070858331903
12.374722903794002
2.2910610329407453
12.422332719095532
12.408521312819099
12.37898834266736
12.444091670207253
12.42132099230166
1.786696471428476
1.8755759215174828
12.473717459411702
12.416982493544154
12.401648135015058
1.4747236544683093
12.438165382576736
12.43365942966181
12.444216472778294
12.42827238102873
12.418659371147065
12.428615115495695
12.383508645179077
12.437445866774741
12.425696204062291
12.359835591884513
2.227629133400658
12.390670622700913
2.1292057428677107
12.396886696610506
12.422181838333483
12.436408708364114
2.325543645876346
12.431833370503789
2.273123288466488
12.458173263684065
12.457471055354077
12.420068177304618
2.3533720449208206
12.415767246080641
12.420734784576808
12.39712955924237
12.425408273937245
12.432872173266555
12.365122345894953
12.419649903416657
12.427132831206018
12.412289066574724
12.483268392992194
12.397893700276486
2.2544697610716384
12.430323070890118
12.365310689607629
2.349532601042881
12.418814499911242
12.411446009292906
2.3911889967935087
12.381538171185161
2.2496983321205617
2.3327797970997035
12.428707639146621
12.493320563601598
12.38247807405141
12.419984488701182
12.384199989013352
12.449233901312281
12.418042147967398
12.459074092309807
12.43859660222277
12.443179363291641
12.41089342296573
12.362720874940596
12.424014230866264
1.9821560943857053
12.435762816758348
2.0747098034856366
2.265572964511226
12.472936389998424
12.464098462545024
12.39348915439106
12.423964071330754
12.459942118661147
12.423597176241449
12.373421993334901
12.427214489732593
2.312079541557205
12.39036456808265
2.326428019950534
12.437445141983018
2.208136038744368
12.453169813225896
12.443205879258937
12.392784311779641
12.353008433080339
12.468351318151974
12.437941655551803
12.410911748833932
12.439491129691918
12.401579802727975
12.379476193224532
12.436342000994244
12.442938315084605
12.475833559549788
12.488374729536584
12.444532944362066
12.39715565380356
12.38703903902975
12.363789232864574
12.428007010213353
12.400468781143969
12.444267804567932
12.429170017335519
12.442713488880642
12.424811047061986
2.2862275197008897
2.3046888788073647
12.416578195925748
2.3408727427079095
12.435103528814016
12.451642130137941
12.468639929427852
12.388995356953144
12.419719284352517
12.41219410707892
12.415883526259401
2.2717357805862286
12.41960651844484
12.463341918967705
12.41914784763555
12.3536881353094
12.432610790343208
12.41144043327676
12.416123654984423
12.4224412341751
12.41145695024122
2.281165826762177
12.358279554296324
12.439023752974075
12.47592737632056
12.447413675746182
12.485301941821321
12.42990293980602
1.9084887550462966
12.456686811141417
12.390531037613087
12.443180600084077
12.439275239734037
12.422650680396993
12.439017574964701
12.48316178084609
12.429345622027116
12.437541990601698
12.397852720566512
12.454401784721902
2.390379527662182
12.406469010395629
12.470049964210881
12.458218342100695
12.449230807291348
12.403046360315985
12.432438668266661
12.379311194020211
12.41564924990434
12.391312233707989
12.367612487810327
12.42108187060677
12.454721046194067
12.403492280028868
12.453606357644285
12.434494348403645
12.424503993392808
1.4611135562349646
2.3476084999443554
12.431107336623112
2.3593524744427654
12.475885256866361
2.1003787279590074
12.423358102543984
12.405060387022704
12.427673728747859
2.3384265298054574
12.374732004519188
12.423176936124763
2.3294825642094996
12.421114220379131
12.403384740551346
12.40586186166386
12.388825847722899
1.8131919522529079
2.389773364392841
1.4594229950654898
2.3750044120650675
12.40421328773078
12.358896470076392
12.454807619916519
12.406220766454311
12.418025763134189
1.924022759421521
2.402622807179033
12.38543907537348
12.434959869491141
12.403035014076888
12.459742162344206
12.443157244274316
2.40748883960557
2.0430288891321
12.460876938949728
2.417629736411009
12.42831991912924
2.3626532802354387
12.369138406078829
2.338453403508695
12.392701688724449
12.45223783112286
12.437260213189504
12.408820893451114
12.437344945936404
12.431344585220852
12.428120145340412
2.3567900251017977
2.3809536053574942
12.381220259490497
12.386579976947212
2.3147500721324366
12.438781062667479
12.439999140147652
12.36778560872408
12.410938906673204
12.426083460193203
12.454316268732725
12.398817964456226
12.395821943577772
2.309548793940166
12.470478180165223
12.4049215637225
12.418706813578662
12.454447493999284
12.351482133614848
12.364897589366667
12.41021077934939
12.359230627760429
12.449897030619207
12.416845980952296
12.434263195485748
12.405238203169867
12.435903232462852
2.2470838949585334
12.444341284056001
12.423312576945753
12.394295240193413
12.435646098395306
12.40542509492522
2.291055572266521
12.419869505158914
12.388843023217186
12.41478925153733
12.436575883867222
2.315194771307613
12.43368894682086
12.44357719061926
12.339953979552732
12.429935831012273
12.436021353814173
12.4804174607535
2.4013759880586107
2.3009074910925817
12.39973333714382
12.480452533669055
12.370059530399896
12.395183354436432
12.42934203830077
12.376353842088417
2.3954340257933437
12.451668143692103
12.398539427147648
12.468814166463517
12.400202722323176
12.430363940890974
12.45593290181975
12.489933338549186
12.396387934357696
12.416152698120367
12.390767014826013
12.433802188070358
12.430341592523693
12.474444963030422
12.45134511687932
12.495840186611275
1.4518942894454865
2.3558582886984434
12.365931648936293
12.441101891649465
12.409316410369993
12.45413089565674
12.43752408745203
12.408171115075135
12.442190801467156
12.496108636869973
12.435138363181142
12.417072650022085
12.421390171479057
12.482077579459881
12.38509497514308
12.40952027330942
12.39691338284417
12.439931208295256
12.443450132277896
2.346615902863837
12.468374318302601
12.43184656228765
12.418418128967971
12.4309781340385
12.448590075831055
12.39997931716865
12.416147048213741
12.38078195509633
12.450744686757542
2.2691311323091616
12.448217335672183
12.477668515548462
2.2906405730044743
12.48959359383348
12.475006754103514
12.431425031281226
12.437683968104393
12.365493138343284
12.464398431712993
12.444933204361657
12.398103049330981
12.386457080129041
12.425292753358647
12.437991985501672
12.344138017402688
12.483998617535592
12.430811035278934
1.398261242696593
12.441359590533557
12.48485501383296
2.251415921489358
12.3875697456287
12.397633323998104
12.469838059145829
12.470598509678426
2.1572200870603924
1.8527240194540318
12.445266832832246
1.4765970412843263
12.417478002850366
12.398030486564206
12.39699519722494
12.385944570395026
12.46008518664529
12.495095864390837
12.369355490941663
12.437039417423243
2.3862759250086936
12.44281024416195
12.313861400348916
12.439736724392272
12.428347220194322
12.486551944820043
12.343878409283757
12.415152567165183
12.451025559505625
12.423954731184425
12.354856820048617
12.451506160484627
12.391469675847798
12.444908029413934
12.486700073011862
12.448154103698627
12.434916088485977
12.411340971257406
12.4220661436859
2.218632039191992
12.427593581346647
12.386090010179682
12.389789134401347
1.3463870684658013
2.3607287158950796
12.318650194847091
12.424791976793909
12.437359416510246
12.421459334275475
12.414027581368916
12.394850019064656
12.349665446269519
12.371342894734065
2.168891189764934
12.369778717576073
12.464894300087519
12.474900459343925
12.399805771627431
12.46001509791855
12.432131665061227
12.347907982082525
12.429214288232341
12.433884201002638
12.404876021284451
12.44209659817177
12.428234276299696
12.403553762971757
12.409494258937071
12.46200567542608
12.477371402509096
2.304766969519958
12.445658503194695
12.395118354310597
12.42252683982826
12.397137751358057
12.432571822786032
12.442495252255345
12.406042156239609
1.773022231887329
12.430558568532696
12.483941466717638
12.431514438099754
12.415660053595426
12.440694642049877
12.381536248214289
1.7233538585280235
12.41588966269552
12.422862220174478
2.29522337571851
12.426242253342899
12.485946582350527
12.417098292487863
12.455947380403256
2.0796635601589664
1.4190711700196967
12.4451860614992
12.450295929439026
12.422232770352561
12.409060238101397
12.442899079037813
12.35612123196551
12.404340089892724
2.3985696275765047
12.447715316955618
12.440620497495107
12.471269455215385
12.42290553670215
12.402805148969936
12.43512370000921
12.428331948752332
12.439248742268347
12.4444508036434
12.428259196351073
12.470820007128655
1.4283157577447625
12.445532707367697
12.464924721910593
12.384764398798936
12.345798666959206
12.419029953273705
12.393528092985164
12.407403933620229
2.2641475375496127
12.39137091847282
12.383971861643344
12.443308427017772
12.428028028669502
12.412653331439506
12.432256496231348
1.9200703864844777
12.416396901717373
12.425152731382441
12.454293681260749
12.432616629438776
12.429527398111748
12.401616852463171
12.406203278117108
12.455161778910819
12.428718166352786
12.402206381424223
12.437198424955053
12.39565883095886
12.381295748977493
12.424853178071837
12.35509615394407
12.420664127328118
12.418830495464805
12.363799036205108
12.453072605745126
12.478944500084495
12.368838910611158
12.466319835037295
12.357241920031676
12.4245397913546
12.383082448427174
12.423159790165935
12.437549959172081
12.425789367159583
12.403861020526277
12.383279561971264
12.428502864862242
12.396454964764027
12.431921513682278
12.411394280051084
2.3414273211606695
2.2226044173375117
2.203410383207843
12.40613648106408
12.437022335519654
12.431109056753437
12.403642166975928
12.386838807780403
12.385920397772553
1.862594921662261
12.471775212834638
2.1278680355609114
12.431985297385884
12.407845439256553
12.481000286337215
12.426388812228664
12.44130199447321
2.34719127327745
12.461487844048456
12.441116198278444
12.414777875260517
12.404131415768752
12.40754025493846
12.358144441335742
12.457482644372087
12.39778935788586
12.448761030746285
12.441435919794676
2.08036526559486
12.362756128524266
12.445138544397938
12.402720477337802
12.421335310130956
12.382781078002381
12.431811241887639
12.393083083733032
12.458889463774858
12.347897180609191
12.438247276859666
12.400182403588923
12.370561779855105
12.457375485289823
12.486294872053428
2.3258870023607257
12.371247511482327
12.506449466492583
12.394839954579108
12.412055739313733
12.420410288394082
2.304585621086993
12.408928627121986
12.424707962558292
12.416806241772829
12.360099629169095
12.38877346610152
2.4358595012171156
12.450154042466247
2.3314865418892694
12.380689558470486
2.0783198505636302
12.466976347440305
2.162169602087225
12.44758245483829
12.457313242106533
12.426973935642838
12.409695906661689
12.42713960551539
12.436320954229178
12.33086590509438
12.325437319067108
12.444160717056924
12.480390596811505
12.411985113012157
12.404344155530087
12.453965407772474
12.410141684995754
12.376061491055118
12.35859240538393
12.423869324839327
12.418940748628565
12.40102764397176
12.351927643636856
12.4245325019136
12.409349852860984
12.470228683393264
12.429271269378908
12.451034785438836
12.398448274420172
12.422815865788001
12.477013600831565
2.2276194160825735
12.398599808609866
12.36125108186858
12.357287674071666
12.477570183127082
2.1418308582568644
12.428240803822593
12.444804427240731
12.450364236390987
12.45561787328928
12.41045640987181
12.435391314911179
12.480685428769334
12.383510163356066
12.420677805216712
12.465157213766028
2.314018024334618
12.42086758444167
12.375552904744243
12.442865247230701
1.8376650035870286
12.36111552982317
12.487444309245996
12.396673017218767
12.402229850810947
2.371581237949758
12.359401268320656
12.455128245496907
12.435280356139282
12.424461423292097
12.419830911189349
12.390447391300649
12.375593210052607
1.6949330229853061
12.381313103462652
12.417805673719286
12.437812994867125
12.377808438019589
2.2560454395184397
1.6976627137737188
12.440052961087394
12.422684452382054
2.3327855827170807
12.43611280638386
12.416877255740234
12.43416278225025
12.404386969916661
12.438311512691817
12.427992842114737
12.435877340053281
12.48390869992421
2.110874585305427
1.4560497561977768
12.345997656383844
12.372480948268588
12.42161427321104
12.395542987513558
12.448091262934852
12.41654915174172
12.360083202833666
12.420603276051798
12.371878514804301
12.384618107945215
12.376755050775511
12.4300166582717
12.407830508272502
12.469340837028266
12.465452849148395
12.403864206661618
12.401102041648768
12.34716135721372
12.420809697987393
12.457957577488477
12.440561529807475
12.420976153668512
1.9649425826320268
12.391563631824441
12.421905705248404
12.475077774763516
12.452092167409447
12.346974728083886
12.44044888530891
12.44430001248368
1.812363059265154
12.457763601124409
12.365649102278944
12.43715211428335
12.445472068702259
12.375096804026992
12.462807553952903
12.432516842356616
12.367616543113432
12.43683633471464
12.422884593687435
12.45618181806962
12.42275722331914
12.441753107617927
1.9545782312817404
12.40838021087937
12.43058846270852
12.35586665534279
12.456759376799077
12.39115881519181
12.423917851083987
12.37529797078648
12.392689071968187
12.444381448642893
12.41518026614732
1.5331985729051516
12.41528377347526
12.408561769772707
12.440722518744531
12.422348747959667
12.462896787053896
12.400183097619559
12.393342415315303
12.38815599207711
12.436804912047702
12.458671966693085
12.388638074266082
2.102372332578121
12.374897847728123
12.377492519751012
12.431129197131288
12.41707673773805
12.488914597763591
12.427166021395044
12.412153481343712
12.441642318507357
12.498659675392787
2.1042408291462835
2.3897578092778717
12.433264869001777
2.373278218715548
12.473751848251279
12.43482772096226
12.442682746675562
12.419213905895177
12.379471131565207
12.493699729968586
12.442792224508215
12.443282199662598
12.392514564735823
12.478586223756974
12.349901557358727
12.447241491835438
12.39926374646934
12.381158405282251
12.426669869372212
12.471322718840494
12.39487458221869
12.348765174725653
12.42999737176281
12.446528744813637
12.43233261374687
12.440770693034782
12.453357445617662
12.4329126332059
2.3614374993907976
12.47815304637339
12.449465265188467
2.3630985604887407
12.402881372454539
12.40748187667317
2.401026013547314
12.429285554436477
12.489009351838604
12.419077991770965
12.440058999723448
12.441238449040348
12.409991673748221
12.425642940006691
2.335060961456015
12.455121770408006
12.484894334227343
12.420371453230397
12.417434245014107
12.403681816108916
12.397780633030196
12.463098613040202
12.427774996076467
12.403260021578145
12.38552467423879
12.390539136383088
2.393070423581712
12.389478547312757
12.425057948228194
12.456718518003498
12.377879928541965
12.392608813090513
12.426452852606705
2.2607828807556047
2.096937182463696
12.475750153874209
12.450143919544
12.347880840127239
12.343484914559363
12.431980910692772
12.413687981312796
12.461352818901299
12.433257801481428
2.183864591335121
12.393631620466001
12.434452377832454
12.358453290277978
12.43538037942224
12.385534198881059
12.435818635215563
12.420936042292404
2.3829274219705687
12.402375180215575
1.856929915905725
12.372846176495324
2.000432719938794
12.397092428428866
12.431852971571493
12.456760814143378
12.438088657715697
2.2959872907344767
12.435908589370689
12.41044423813574
12.395312824152022
12.330044496851901
2.3124390924977987
12.412833550460496
12.447363304772152
12.404804682537772
12.393934163200711
12.451824476703006
2.0506459826957353
12.404252775099
12.408864200911534
12.427012010156467
12.424092988230626
12.432151091944382
12.442839051156607
12.4335590937531
12.38593200403496
2.3368334919504514
12.401897164277376
12.410616985967835
12.405254862077857
12.445794834464136
12.406294342262894
12.49769115764404
12.390886934595388
12.42758298311519
12.36350124090508
12.469550568814874
12.428742491312786
12.445744238642837
12.399917399673846
2.3360483732734996
12.42444133745489
2.430692747031502
12.406657940786149
12.441553498497722
2.3477578261841776
12.480088964303816
2.3204151138266447
12.42902945810366
12.430935050438807
12.466128777323457
12.363172271058652
12.346103616141502
12.451239484157373
12.416549552948105
12.46908279148252
2.258946343303577
12.382136144174368
12.399596089717914
12.416860788168265
2.3279462229394494
2.406541681243191
2.380630240954855
12.423452962408309
12.441084761735683
1.9276547820515935
12.448174348681725
12.382377819120455
12.421685087525054
12.476365439180995
12.377977734677442
12.478039423082695
12.466162786413415
12.406332200143378
12.475184153873778
12.465767207721285
12.43232553682364
12.396058318287597
12.368378703316374
12.453132003182054
12.486742031467447
12.457313706238951
12.340919356196418
2.2694603412012944
12.442446518416876
12.414054603052616
12.433028374655851
12.46777244838119
12.340320407784514
12.44071005074865
2.061940385324166
12.416430613488256
12.431690477120721
12.436320517639697
12.425191897897225
12.458946795106138
12.415752984780102
12.409594307973762
12.453926709330618
12.451007844349322
12.456452449096982
12.42253841935635
12.367320244650838
12.49139441999467
12.332247232465111
12.358879557808555
12.405763575160954
12.444552792589688
12.437792905094172
12.423344969357055
12.406885896877478
12.389765442327452
12.45589230087194
12.431744215501581
12.406476043902902
12.407251158966236
1.85437887806432
12.3977410500574
12.480858446252931
12.444829235656867
12.468099101915309
12.37862773419664
12.39657495262853
12.420365188980874
12.469556754264897
2.068737259263446
2.3891656240816608
12.43312101013451
12.46052000633549
12.4349339323695
12.464185041797101
12.446254665006316
12.37170313954864
12.3942017959173
12.419132262087123
12.41401849523352
12.413709364504786
12.448433653896249
2.329177307958898
12.433716656166633
12.46112050004317
12.366538457161969
12.38663305798347
1.8896180631352806
12.401570372400666
12.44434566986337
12.474197442662168
12.460445692731977
12.435010072963717
12.370141834064285
12.375433273000503
12.414308078986242
12.41977942919792
12.41079623010569
12.385027844831603
12.430137440229196
12.393513049842369
12.402931509525377
12.338106042488189
12.386904700553174
12.434013607613085
12.487314026639265
12.409790962640015
12.469925842266278
1.45753263116163
12.40064112719695
1.879154005401915
12.424158468370631
12.420896195666385
12.456226781944265
12.444932786413945
12.416607767389765
12.408477053163182
12.374990146723796
12.4420520908065
12.411648859754305
12.355747988504973
1.9043596471145465
12.469698876998137
12.419968696092072
12.429658839750473
12.451839614587637
2.3696153676990157
2.3630421209932058
2.425925940288936
12.34694109317307
12.385141711176416
12.411437301117699
12.480339877037986
12.42965026278041
12.406040900445195
12.449150425814292
12.451331468597735
12.391800550831757
12.41818500621449
12.417859593909808
12.38557314654918
12.388966134755641
12.426750942643931
12.458702936700515
12.424632052096467
12.443898148544903
12.381033960334559
12.325114660403704
1.8583621512198354
12.367095256299887
2.347242899970318
12.42014304689733
12.42893781838394
12.434467671553623
2.3617692916723803
12.42839472962492
12.371845967812682
12.407801099351948
12.347853496749817
12.415537094924744
12.411956621821842
2.3954687259396334
12.458917757943876
12.460559476156483
12.442306175436862
12.395618242902074
12.439409052189173
12.458579142204043
12.38176422790159
12.463924772890001
12.459460255387686
1.4752619029023895
12.364529730418964
12.390261464501162
12.439817305793795
12.392558863552887
12.366437791423548
12.437341012875695
12.404173931840639
12.428810449028443
12.386285653806604
12.460413678255662
12.353526967807028
12.431259085285784
12.452007773529456
1.6269159073046584
